vintage,occ,label,occ1990,p_occ1990,group,group_alt,group_mass,ambiguous
02,0010,MGR-CHIEF EXECUTIVES AND LEGISLATORS,4,1.0,"Executives, Administrative, and Managerial","Executives, Administrative, and Managerial",1.0,False
02,0020,MGR-GENERAL AND OPERATIONS MANAGERS,22,1.0,"Executives, Administrative, and Managerial","Executives, Administrative, and Managerial",1.0,False
02,0040,MGR-ADVERTISING AND PROMOTIONS MANAGERS,13,1.0,"Executives, Administrative, and Managerial","Executives, Administrative, and Managerial",1.0,False
02,0050,MGR-MARKETING AND SALES MANAGERS,13,1.0,"Executives, Administrative, and Managerial","Executives, Administrative, and Managerial",1.0,False
02,0060,MGR-PUBLIC RELATIONS MANAGERS,13,1.0,"Executives, Administrative, and Managerial","Executives, Administrative, and Managerial",1.0,False
02,0100,MGR-ADMINISTRATIVE SERVICES MANAGERS,22,1.0,"Executives, Administrative, and Managerial","Executives, Administrative, and Managerial",1.0,False
02,0110,MGR-COMPUTER AND INFORMATION SYSTEMS MANAGERS,22,1.0,"Executives, Administrative, and Managerial","Executives, Administrative, and Managerial",1.0,False
02,0120,MGR-FINANCIAL MANAGERS,7,1.0,"Executives, Administrative, and Managerial","Executives, Administrative, and Managerial",1.0,False
02,0130,MGR-HUMAN RESOURCES MANAGERS,8,1.0,"Executives, Administrative, and Managerial","Executives, Administrative, and Managerial",1.0,False
02,0140,MGR-INDUSTRIAL PRODUCTION MANAGERS,22,1.0,"Executives, Administrative, and Managerial","Executives, Administrative, and Managerial",1.0,False
02,0150,MGR-PURCHASING MANAGERS,33,1.0,Management Related,Management Related,1.0,False
02,0160,"MGR-TRANSPORTATION, STORAGE, AND DISTRIBUTION MANAGERS",373,1.0,"Administrative Support, Clerks, Record","Administrative Support, Clerks, Record",1.0,False
02,0200,"MGR-FARM, RANCH, AND OTHER AGRICULTURAL MANAGERS",475,1.0,"Farm, Related Agrigulture, Logging, and Extraction","Farm, Related Agrigulture, Logging, and Extraction",1.0,False
02,0210,MGR-FARMERS AND RANCHERS,473,1.0,"Farm, Related Agrigulture, Logging, and Extraction","Farm, Related Agrigulture, Logging, and Extraction",1.0,False
02,0220,MGR-CONSTRUCTION MANAGERS,22,1.0,"Executives, Administrative, and Managerial","Executives, Administrative, and Managerial",1.0,False
02,0230,MGR-EDUCATION ADMINISTRATORS,14,1.0,"Executives, Administrative, and Managerial","Executives, Administrative, and Managerial",1.0,False
02,0300,MGR-ENGINEERING MANAGERS,22,1.0,"Executives, Administrative, and Managerial","Executives, Administrative, and Managerial",1.0,False
02,0310,MGR-FOOD SERVICE MANAGERS,17,1.0,"Executives, Administrative, and Managerial","Executives, Administrative, and Managerial",1.0,False
02,0320,MGR-FUNERAL DIRECTORS,19,1.0,"Executives, Administrative, and Managerial","Executives, Administrative, and Managerial",1.0,False
02,0330,MGR-GAMING MANAGERS,21,1.0,"Executives, Administrative, and Managerial","Executives, Administrative, and Managerial",1.0,False
02,0340,MGR-LODGING MANAGERS,17,1.0,"Executives, Administrative, and Managerial","Executives, Administrative, and Managerial",1.0,False
02,0350,MGR-MEDICAL AND HEALTH SERVICES MANAGERS,15,1.0,"Executives, Administrative, and Managerial","Executives, Administrative, and Managerial",1.0,False
02,0360,MGR-NATURAL SCIENCES MANAGERS,21,1.0,"Executives, Administrative, and Managerial","Executives, Administrative, and Managerial",1.0,False
02,0410,"MGR-PROPERTY, REAL ESTATE, AND COMMUNITY ASSOCIATION MANAGERS",18,1.0,"Executives, Administrative, and Managerial","Executives, Administrative, and Managerial",1.0,False
02,0420,MGR-SOCIAL AND COMMUNITY SERVICE MANAGERS,21,1.0,"Executives, Administrative, and Managerial","Executives, Administrative, and Managerial",1.0,False
02,0430,"MGR-MISCELLANEOUS MANAGERS, INCLUDING POSTMASTERS AND MAIL SUPERINTENDENTS",22,1.0,"Executives, Administrative, and Managerial","Executives, Administrative, and Managerial",1.0,False
02,0500,"BUS-AGENTS AND BUSINESS MANAGERS OF ARTISTS, PERFORMERS, AND ATHLETES",34,1.0,Management Related,Management Related,1.0,False
02,0510,"BUS-PURCHASING AGENTS AND BUYERS, FARM PRODUCTS",28,1.0,Management Related,Management Related,1.0,False
02,0520,"BUS-WHOLESALE AND RETAIL BUYERS, EXCEPT FARM PRODUCTS",29,1.0,Management Related,Management Related,1.0,False
02,0530,"BUS-PURCHASING AGENTS, EXCEPT WHOLESALE, RETAIL, AND FARM PRODUCTS",33,1.0,Management Related,Management Related,1.0,False
02,0540,"BUS-CLAIMS ADJUSTERS, APPRAISERS, EXAMINERS, AND INVESTIGATORS",375,1.0,"Administrative Support, Clerks, Record","Administrative Support, Clerks, Record",1.0,False
02,0560,"BUS-COMPLIANCE OFFICERS, EXCEPT AGRICULTURE, CONSTRUCTION, HEALTH AND SAFETY, AND TRANSPORTATION",36,1.0,Management Related,Management Related,1.0,False
02,0600,BUS-COST ESTIMATORS,22,1.0,"Executives, Administrative, and Managerial","Executives, Administrative, and Managerial",1.0,False
02,0620,"BUS-HUMAN RESOURCES, TRAINING, AND LABOR RELATIONS SPECIALISTS",27,1.0,Management Related,Management Related,1.0,False
02,0700,BUS-LOGISTICIANS,65,1.0,"Architects, Engineers, Math, and Computer Science","Architects, Engineers, Math, and Computer Science",1.0,False
02,0710,BUS-MANAGEMENT ANALYSTS,26,1.0,Management Related,Management Related,1.0,False
02,0720,BUS-MEETING AND CONVENTION PLANNERS,21,1.0,"Executives, Administrative, and Managerial","Executives, Administrative, and Managerial",1.0,False
02,0730,BUS-OTHER BUSINESS OPERATIONS SPECIALISTS,22,1.0,"Executives, Administrative, and Managerial","Executives, Administrative, and Managerial",1.0,False
02,0800,FIN-ACCOUNTANTS AND AUDITORS,23,1.0,Management Related,Management Related,1.0,False
02,0810,FIN-APPRAISERS AND ASSESSORS OF REAL ESTATE,254,1.0,"Sales, All","Sales, All",1.0,False
02,0820,FIN-BUDGET ANALYSTS,25,1.0,Management Related,Management Related,1.0,False
02,0830,FIN-CREDIT ANALYSTS,25,1.0,Management Related,Management Related,1.0,False
02,0840,FIN-FINANCIAL ANALYSTS,25,1.0,Management Related,Management Related,1.0,False
02,0850,FIN-PERSONAL FINANCIAL ADVISORS,25,1.0,Management Related,Management Related,1.0,False
02,0860,FIN-INSURANCE UNDERWRITERS,24,1.0,Management Related,Management Related,1.0,False
02,0900,FIN-FINANCIAL EXAMINERS,36,1.0,Management Related,Management Related,1.0,False
02,0910,FIN-LOAN COUNSELORS AND OFFICERS,25,1.0,Management Related,Management Related,1.0,False
02,0930,"FIN-TAX EXAMINERS, COLLECTORS, AND REVENUE AGENTS",23,1.0,Management Related,Management Related,1.0,False
02,0940,FIN-TAX PREPARERS,25,1.0,Management Related,Management Related,1.0,False
02,0950,"FIN-FINANCIAL SPECIALISTS, ALL OTHER",25,1.0,Management Related,Management Related,1.0,False
02,1000,CMM-COMPUTER SCIENTISTS AND SYSTEMS ANALYSTS,64,1.0,"Architects, Engineers, Math, and Computer Science","Architects, Engineers, Math, and Computer Science",1.0,False
02,1010,CMM-COMPUTER PROGRAMMERS,229,1.0,Health and Science Technicians,Health and Science Technicians,1.0,False
02,1020,CMM-COMPUTER SOFTWARE ENGINEERS,229,1.0,Health and Science Technicians,Health and Science Technicians,1.0,False
02,1040,CMM-COMPUTER SUPPORT SPECIALISTS,64,1.0,"Architects, Engineers, Math, and Computer Science","Architects, Engineers, Math, and Computer Science",1.0,False
02,1060,CMM-DATABASE ADMINISTRATORS,64,1.0,"Architects, Engineers, Math, and Computer Science","Architects, Engineers, Math, and Computer Science",1.0,False
02,1100,CMM-NETWORK AND COMPUTER SYSTEMS ADMINISTRATORS,64,1.0,"Architects, Engineers, Math, and Computer Science","Architects, Engineers, Math, and Computer Science",1.0,False
02,1110,CMM-NETWORK SYSTEMS AND DATA COMMUNICATIONS ANALYSTS,64,1.0,"Architects, Engineers, Math, and Computer Science","Architects, Engineers, Math, and Computer Science",1.0,False
02,1200,CMM-ACTUARIES,66,1.0,"Architects, Engineers, Math, and Computer Science","Architects, Engineers, Math, and Computer Science",1.0,False
02,1220,CMM-OPERATIONS RESEARCH ANALYSTS,65,1.0,"Architects, Engineers, Math, and Computer Science","Architects, Engineers, Math, and Computer Science",1.0,False
02,1240,"CMM-MISCELLANEOUS MATHEMATICAL SCIENCE OCCUPATIONS, INCLUDING MATHEMATICIANS AND STATISTICIANS",68,1.0,"Architects, Engineers, Math, and Computer Science","Architects, Engineers, Math, and Computer Science",1.0,False
02,1300,"ENG-ARCHITECTS, EXCEPT NAVAL",43,1.0,"Architects, Engineers, Math, and Computer Science","Architects, Engineers, Math, and Computer Science",1.0,False
02,1310,"ENG-SURVEYORS, CARTOGRAPHERS, AND PHOTOGRAMMETRISTS",218,1.0,Health and Science Technicians,Health and Science Technicians,1.0,False
02,1320,ENG-AEROSPACE ENGINEERS,44,1.0,"Architects, Engineers, Math, and Computer Science","Architects, Engineers, Math, and Computer Science",1.0,False
02,1340,ENG-BIOMEDICAL AND AGRICULTURAL ENGINEERS,59,1.0,"Architects, Engineers, Math, and Computer Science","Architects, Engineers, Math, and Computer Science",1.0,False
02,1350,ENG-CHEMICAL ENGINEERS,48,1.0,"Architects, Engineers, Math, and Computer Science","Architects, Engineers, Math, and Computer Science",1.0,False
02,1360,ENG-CIVIL ENGINEERS,53,1.0,"Architects, Engineers, Math, and Computer Science","Architects, Engineers, Math, and Computer Science",1.0,False
02,1400,ENG-COMPUTER HARDWARE ENGINEERS,55,1.0,"Architects, Engineers, Math, and Computer Science","Architects, Engineers, Math, and Computer Science",1.0,False
02,1410,ENG-ELECTRICAL AND ELECTRONICS ENGINEERS,55,1.0,"Architects, Engineers, Math, and Computer Science","Architects, Engineers, Math, and Computer Science",1.0,False
02,1420,ENG-ENVIRONMENTAL ENGINEERS,59,1.0,"Architects, Engineers, Math, and Computer Science","Architects, Engineers, Math, and Computer Science",1.0,False
02,1430,"ENG-INDUSTRIAL ENGINEERS, INCLUDING HEALTH AND SAFETY",56,1.0,"Architects, Engineers, Math, and Computer Science","Architects, Engineers, Math, and Computer Science",1.0,False
02,1440,ENG-MARINE ENGINEERS AND NAVAL ARCHITECTS,59,1.0,"Architects, Engineers, Math, and Computer Science","Architects, Engineers, Math, and Computer Science",1.0,False
02,1450,ENG-MATERIALS ENGINEERS,45,1.0,"Architects, Engineers, Math, and Computer Science","Architects, Engineers, Math, and Computer Science",1.0,False
02,1460,ENG-MECHANICAL ENGINEERS,57,1.0,"Architects, Engineers, Math, and Computer Science","Architects, Engineers, Math, and Computer Science",1.0,False
02,1520,"ENG-PETROLEUM, MINING AND GEOLOGICAL ENGINEERS, INCLUDING MINING SAFETY ENGINEERS",47,1.0,"Architects, Engineers, Math, and Computer Science","Architects, Engineers, Math, and Computer Science",1.0,False
02,1530,"ENG-MISCELLANEOUS ENGINEERS, INCLUDING NUCLEAR ENGINEERS",59,1.0,"Architects, Engineers, Math, and Computer Science","Architects, Engineers, Math, and Computer Science",1.0,False
02,1540,ENG-DRAFTERS,217,1.0,Health and Science Technicians,Health and Science Technicians,1.0,False
02,1550,"ENG-ENGINEERING TECHNICIANS, EXCEPT DRAFTERS",214,1.0,Health and Science Technicians,Health and Science Technicians,1.0,False
02,1560,ENG-SURVEYING AND MAPPING TECHNICIANS,218,1.0,Health and Science Technicians,Health and Science Technicians,1.0,False
02,1600,SCI-AGRICULTURAL AND FOOD SCIENTISTS,77,1.0,"Natural and Social Scientists, Recreation, Religious, Arts, Athletes","Natural and Social Scientists, Recreation, Religious, Arts, Athletes",1.0,False
02,1610,SCI-BIOLOGICAL SCIENTISTS,78,1.0,"Natural and Social Scientists, Recreation, Religious, Arts, Athletes","Natural and Social Scientists, Recreation, Religious, Arts, Athletes",1.0,False
02,1640,SCI-CONSERVATION SCIENTISTS AND FORESTERS,79,1.0,"Natural and Social Scientists, Recreation, Religious, Arts, Athletes","Natural and Social Scientists, Recreation, Religious, Arts, Athletes",1.0,False
02,1650,SCI-MEDICAL SCIENTISTS,83,1.0,"Natural and Social Scientists, Recreation, Religious, Arts, Athletes","Natural and Social Scientists, Recreation, Religious, Arts, Athletes",1.0,False
02,1700,SCI-ASTRONOMERS AND PHYSICISTS,69,1.0,"Natural and Social Scientists, Recreation, Religious, Arts, Athletes","Natural and Social Scientists, Recreation, Religious, Arts, Athletes",1.0,False
02,1710,SCI-ATMOSPHERIC AND SPACE SCIENTISTS,74,1.0,"Natural and Social Scientists, Recreation, Religious, Arts, Athletes","Natural and Social Scientists, Recreation, Religious, Arts, Athletes",1.0,False
02,1720,SCI-CHEMISTS AND MATERIALS SCIENTISTS,73,1.0,"Natural and Social Scientists, Recreation, Religious, Arts, Athletes","Natural and Social Scientists, Recreation, Religious, Arts, Athletes",1.0,False
02,1740,SCI-ENVIRONMENTAL SCIENTISTS AND GEOSCIENTISTS,75,1.0,"Natural and Social Scientists, Recreation, Religious, Arts, Athletes","Natural and Social Scientists, Recreation, Religious, Arts, Athletes",1.0,False
02,1760,"SCI-PHYSICAL SCIENTISTS, ALL OTHER",76,1.0,"Natural and Social Scientists, Recreation, Religious, Arts, Athletes","Natural and Social Scientists, Recreation, Religious, Arts, Athletes",1.0,False
02,1800,SCI-ECONOMISTS,166,1.0,"Natural and Social Scientists, Recreation, Religious, Arts, Athletes","Natural and Social Scientists, Recreation, Religious, Arts, Athletes",1.0,False
02,1810,SCI-MARKET AND SURVEY RESEARCHERS,166,1.0,"Natural and Social Scientists, Recreation, Religious, Arts, Athletes","Natural and Social Scientists, Recreation, Religious, Arts, Athletes",1.0,False
02,1820,SCI-PSYCHOLOGISTS,167,1.0,"Natural and Social Scientists, Recreation, Religious, Arts, Athletes","Natural and Social Scientists, Recreation, Religious, Arts, Athletes",1.0,False
02,1840,SCI-URBAN AND REGIONAL PLANNERS,173,1.0,"Natural and Social Scientists, Recreation, Religious, Arts, Athletes","Natural and Social Scientists, Recreation, Religious, Arts, Athletes",1.0,False
02,1860,"SCI-MISCELLANEOUS SOCIAL SCIENTISTS, INCLUDING SOCIOLOGISTS",169,1.0,"Natural and Social Scientists, Recreation, Religious, Arts, Athletes","Natural and Social Scientists, Recreation, Religious, Arts, Athletes",1.0,False
02,1900,SCI-AGRICULTURAL AND FOOD SCIENCE TECHNICIANS,223,1.0,Health and Science Technicians,Health and Science Technicians,1.0,False
02,1910,SCI-BIOLOGICAL TECHNICIANS,223,1.0,Health and Science Technicians,Health and Science Technicians,1.0,False
02,1920,SCI-CHEMICAL TECHNICIANS,224,1.0,Health and Science Technicians,Health and Science Technicians,1.0,False
02,1930,SCI-GEOLOGICAL AND PETROLEUM TECHNICIANS,225,1.0,Health and Science Technicians,Health and Science Technicians,1.0,False
02,1960,"SCI-MISCELLANEOUS LIFE, PHYSICAL, AND SOCIAL SCIENCE TECHNICIANS, INCLUDING SOCIAL SCIENCE RESEARCH ASSISTANTS AND NUCLE",214,1.0,Health and Science Technicians,Health and Science Technicians,1.0,False
02,2000,CMS-COUNSELORS,163,1.0,"Teachers, Non-Postsecondary and Librarians","Teachers, Non-Postsecondary and Librarians",1.0,False
02,2010,CMS-SOCIAL WORKERS,174,1.0,"Natural and Social Scientists, Recreation, Religious, Arts, Athletes","Natural and Social Scientists, Recreation, Religious, Arts, Athletes",1.0,False
02,2020,CMS-MISCELLANEOUS COMMUNITY AND SOCIAL SERVICE SPECIALISTS,465,1.0,"Food, Cleaning, and Personal Services and Private Household","Food, Cleaning, and Personal Services and Private Household",1.0,False
02,2040,CMS-CLERGY,176,1.0,"Natural and Social Scientists, Recreation, Religious, Arts, Athletes","Natural and Social Scientists, Recreation, Religious, Arts, Athletes",1.0,False
02,2050,"CMS-DIRECTORS, RELIGIOUS ACTIVITIES AND EDUCATION",176,1.0,"Natural and Social Scientists, Recreation, Religious, Arts, Athletes","Natural and Social Scientists, Recreation, Religious, Arts, Athletes",1.0,False
02,2060,"CMS-RELIGIOUS WORKERS, ALL OTHER",176,1.0,"Natural and Social Scientists, Recreation, Religious, Arts, Athletes","Natural and Social Scientists, Recreation, Religious, Arts, Athletes",1.0,False
02,2100,"LGL-LAWYERS, AND JUDGES, MAGISTRATES, AND OTHER JUDICIAL WORKERS",178,1.0,Doctors and Lawyers,Doctors and Lawyers,1.0,False
02,2140,LGL-PARALEGALS AND LEGAL ASSISTANTS,234,1.0,Health and Science Technicians,Health and Science Technicians,1.0,False
02,2150,LGL-MISCELLANEOUS LEGAL SUPPORT WORKERS,234,1.0,Health and Science Technicians,Health and Science Technicians,1.0,False
02,2200,EDU-POSTSECONDARY TEACHERS,154,1.0,"Teachers, Postsecondary","Teachers, Postsecondary",1.0,False
02,2300,EDU-PRESCHOOL AND KINDERGARTEN TEACHERS,155,1.0,Kindergarten - Secondary Teachers,Kindergarten - Secondary Teachers,1.0,False
02,2310,EDU-ELEMENTARY AND MIDDLE SCHOOL TEACHERS,156,1.0,Kindergarten - Secondary Teachers,Kindergarten - Secondary Teachers,1.0,False
02,2320,EDU-SECONDARY SCHOOL TEACHERS,157,1.0,Kindergarten - Secondary Teachers,Kindergarten - Secondary Teachers,1.0,False
02,2330,EDU-SPECIAL EDUCATION TEACHERS,158,1.0,Kindergarten - Secondary Teachers,Kindergarten - Secondary Teachers,1.0,False
02,2340,EDU-OTHER TEACHERS AND INSTRUCTORS,159,1.0,Kindergarten - Secondary Teachers,Kindergarten - Secondary Teachers,1.0,False
02,2400,"EDU-ARCHIVISTS, CURATORS, AND MUSEUM TECHNICIANS",165,1.0,"Teachers, Non-Postsecondary and Librarians","Teachers, Non-Postsecondary and Librarians",1.0,False
02,2430,EDU-LIBRARIANS,164,1.0,"Teachers, Non-Postsecondary and Librarians","Teachers, Non-Postsecondary and Librarians",1.0,False
02,2440,EDU-LIBRARY TECHNICIANS,329,1.0,"Administrative Support, Clerks, Record","Administrative Support, Clerks, Record",1.0,False
02,2540,EDU-TEACHER ASSISTANTS,159,1.0,"Teachers, Non-Postsecondary and Librarians","Teachers, Non-Postsecondary and Librarians",1.0,False
02,2550,"EDU-OTHER EDUCATION, TRAINING, AND LIBRARY WORKERS",159,1.0,"Teachers, Non-Postsecondary and Librarians","Teachers, Non-Postsecondary and Librarians",1.0,False
02,2600,ENT-ARTISTS AND RELATED WORKERS,188,1.0,"Natural and Social Scientists, Recreation, Religious, Arts, Athletes","Natural and Social Scientists, Recreation, Religious, Arts, Athletes",1.0,False
02,2630,ENT-DESIGNERS,185,1.0,"Natural and Social Scientists, Recreation, Religious, Arts, Athletes","Natural and Social Scientists, Recreation, Religious, Arts, Athletes",1.0,False
02,2700,ENT-ACTORS,187,1.0,"Natural and Social Scientists, Recreation, Religious, Arts, Athletes","Natural and Social Scientists, Recreation, Religious, Arts, Athletes",1.0,False
02,2710,ENT-PRODUCERS AND DIRECTORS,187,1.0,"Natural and Social Scientists, Recreation, Religious, Arts, Athletes","Natural and Social Scientists, Recreation, Religious, Arts, Athletes",1.0,False
02,2720,"ENT-ATHLETES, COACHES, UMPIRES, AND RELATED WORKERS",199,1.0,"Natural and Social Scientists, Recreation, Religious, Arts, Athletes","Natural and Social Scientists, Recreation, Religious, Arts, Athletes",1.0,False
02,2740,ENT-DANCERS AND CHOREOGRAPHERS,193,1.0,"Natural and Social Scientists, Recreation, Religious, Arts, Athletes","Natural and Social Scientists, Recreation, Religious, Arts, Athletes",1.0,False
02,2750,"ENT-MUSICIANS, SINGERS, AND RELATED WORKERS",186,1.0,"Natural and Social Scientists, Recreation, Religious, Arts, Athletes","Natural and Social Scientists, Recreation, Religious, Arts, Athletes",1.0,False
02,2760,"ENT-ENTERTAINERS AND PERFORMERS, SPORTS AND RELATED WORKERS, ALL OTHER",194,1.0,"Natural and Social Scientists, Recreation, Religious, Arts, Athletes","Natural and Social Scientists, Recreation, Religious, Arts, Athletes",1.0,False
02,2800,ENT-ANNOUNCERS,198,1.0,"Natural and Social Scientists, Recreation, Religious, Arts, Athletes","Natural and Social Scientists, Recreation, Religious, Arts, Athletes",1.0,False
02,2810,"ENT-NEWS ANALYSTS, REPORTERS AND CORRESPONDENTS",195,1.0,"Natural and Social Scientists, Recreation, Religious, Arts, Athletes","Natural and Social Scientists, Recreation, Religious, Arts, Athletes",1.0,False
02,2820,ENT-PUBLIC RELATIONS SPECIALISTS,13,1.0,"Executives, Administrative, and Managerial","Executives, Administrative, and Managerial",1.0,False
02,2830,ENT-EDITORS,195,1.0,"Natural and Social Scientists, Recreation, Religious, Arts, Athletes","Natural and Social Scientists, Recreation, Religious, Arts, Athletes",1.0,False
02,2840,ENT-TECHNICAL WRITERS,184,1.0,"Natural and Social Scientists, Recreation, Religious, Arts, Athletes","Natural and Social Scientists, Recreation, Religious, Arts, Athletes",1.0,False
02,2850,ENT-WRITERS AND AUTHORS,183,1.0,"Natural and Social Scientists, Recreation, Religious, Arts, Athletes","Natural and Social Scientists, Recreation, Religious, Arts, Athletes",1.0,False
02,2860,ENT-MISCELLANEOUS MEDIA AND COMMUNICATION WORKERS,194,1.0,"Natural and Social Scientists, Recreation, Religious, Arts, Athletes","Natural and Social Scientists, Recreation, Religious, Arts, Athletes",1.0,False
02,2900,"ENT-BROADCAST AND SOUND ENGINEERING TECHNICIANS AND RADIO OPERATORS, AND MEDIA AND COMMUNICATION EQUIPMENT WORKERS, ALL",228,1.0,Health and Science Technicians,Health and Science Technicians,1.0,False
02,2910,ENT-PHOTOGRAPHERS,189,1.0,"Natural and Social Scientists, Recreation, Religious, Arts, Athletes","Natural and Social Scientists, Recreation, Religious, Arts, Athletes",1.0,False
02,2920,"ENT-TELEVISION, VIDEO, AND MOTION PICTURE CAMERA OPERATORS AND EDITORS",195,1.0,"Natural and Social Scientists, Recreation, Religious, Arts, Athletes","Natural and Social Scientists, Recreation, Religious, Arts, Athletes",1.0,False
02,3000,MED-CHIROPRACTORS,89,1.0,Doctors and Lawyers,Doctors and Lawyers,1.0,False
02,3010,MED-DENTISTS,85,1.0,Doctors and Lawyers,Doctors and Lawyers,1.0,False
02,3030,MED-DIETITIANS AND NUTRITIONISTS,97,1.0,"Nurses, Therapists, and Other Health Service","Nurses, Therapists, and Other Health Service",1.0,False
02,3040,MED-OPTOMETRISTS,87,1.0,Doctors and Lawyers,Doctors and Lawyers,1.0,False
02,3050,MED-PHARMACISTS,96,1.0,"Nurses, Therapists, and Other Health Service","Nurses, Therapists, and Other Health Service",1.0,False
02,3060,MED-PHYSICIANS AND SURGEONS,84,1.0,Doctors and Lawyers,Doctors and Lawyers,1.0,False
02,3110,MED-PHYSICIAN ASSISTANTS,106,1.0,"Nurses, Therapists, and Other Health Service","Nurses, Therapists, and Other Health Service",1.0,False
02,3120,MED-PODIATRISTS,88,1.0,Doctors and Lawyers,Doctors and Lawyers,1.0,False
02,3130,MED-REGISTERED NURSES,95,1.0,"Nurses, Therapists, and Other Health Service","Nurses, Therapists, and Other Health Service",1.0,False
02,3140,MED-AUDIOLOGISTS,104,1.0,"Nurses, Therapists, and Other Health Service","Nurses, Therapists, and Other Health Service",1.0,False
02,3150,MED-OCCUPATIONAL THERAPISTS,99,1.0,"Nurses, Therapists, and Other Health Service","Nurses, Therapists, and Other Health Service",1.0,False
02,3160,MED-PHYSICAL THERAPISTS,103,1.0,"Nurses, Therapists, and Other Health Service","Nurses, Therapists, and Other Health Service",1.0,False
02,3200,MED-RADIATION THERAPISTS,105,1.0,"Nurses, Therapists, and Other Health Service","Nurses, Therapists, and Other Health Service",1.0,False
02,3210,MED-RECREATIONAL THERAPISTS,105,1.0,"Nurses, Therapists, and Other Health Service","Nurses, Therapists, and Other Health Service",1.0,False
02,3220,MED-RESPIRATORY THERAPISTS,98,1.0,"Nurses, Therapists, and Other Health Service","Nurses, Therapists, and Other Health Service",1.0,False
02,3230,MED-SPEECH-LANGUAGE PATHOLOGISTS,104,1.0,"Nurses, Therapists, and Other Health Service","Nurses, Therapists, and Other Health Service",1.0,False
02,3240,"MED-THERAPISTS, ALL OTHER",105,1.0,"Nurses, Therapists, and Other Health Service","Nurses, Therapists, and Other Health Service",1.0,False
02,3250,MED-VETERINARIANS,86,1.0,Doctors and Lawyers,Doctors and Lawyers,1.0,False
02,3260,"MED-HEALTH DIAGNOSING AND TREATING PRACTITIONERS, ALL OTHER",89,1.0,Doctors and Lawyers,Doctors and Lawyers,1.0,False
02,3300,MED-CLINICAL LABORATORY TECHNOLOGISTS AND TECHNICIANS,203,1.0,Health and Science Technicians,Health and Science Technicians,1.0,False
02,3310,MED-DENTAL HYGIENISTS,204,1.0,Health and Science Technicians,Health and Science Technicians,1.0,False
02,3320,MED-DIAGNOSTIC RELATED TECHNOLOGISTS AND TECHNICIANS,206,1.0,Health and Science Technicians,Health and Science Technicians,1.0,False
02,3400,MED-EMERGENCY MEDICAL TECHNICIANS AND PARAMEDICS,208,1.0,Health and Science Technicians,Health and Science Technicians,1.0,False
02,3410,MED-HEALTH DIAGNOSING AND TREATING PRACTITIONER SUPPORT TECHNICIANS,446,1.0,"Nurses, Therapists, and Other Health Service","Nurses, Therapists, and Other Health Service",1.0,False
02,3500,MED-LICENSED PRACTICAL AND LICENSED VOCATIONAL NURSES,207,1.0,Health and Science Technicians,Health and Science Technicians,1.0,False
02,3510,MED-MEDICAL RECORDS AND HEALTH INFORMATION TECHNICIANS,205,1.0,Health and Science Technicians,Health and Science Technicians,1.0,False
02,3520,"MED-OPTICIANS, DISPENSING",677,1.0,Precision Manufacturing,Precision Manufacturing,1.0,False
02,3530,MED-MISCELLANEOUS HEALTH TECHNOLOGISTS AND TECHNICIANS,208,1.0,Health and Science Technicians,Health and Science Technicians,1.0,False
02,3540,MED-OTHER HEALTHCARE PRACTITIONERS AND TECHNICAL OCCUPATIONS,208,1.0,Health and Science Technicians,Health and Science Technicians,1.0,False
02,3600,"HLS-NURSING, PSYCHIATRIC, AND HOME HEALTH AIDES",447,1.0,"Nurses, Therapists, and Other Health Service","Nurses, Therapists, and Other Health Service",1.0,False
02,3610,HLS-OCCUPATIONAL THERAPIST ASSISTANTS AND AIDES,99,1.0,"Nurses, Therapists, and Other Health Service","Nurses, Therapists, and Other Health Service",1.0,False
02,3620,HLS-PHYSICAL THERAPIST ASSISTANTS AND AIDES,103,1.0,"Nurses, Therapists, and Other Health Service","Nurses, Therapists, and Other Health Service",1.0,False
02,3630,HLS-MASSAGE THERAPISTS,469,1.0,"Food, Cleaning, and Personal Services and Private Household","Food, Cleaning, and Personal Services and Private Household",1.0,False
02,3640,HLS-DENTAL ASSISTANTS,445,1.0,"Nurses, Therapists, and Other Health Service","Nurses, Therapists, and Other Health Service",1.0,False
02,3650,"HLS-MEDICAL ASSISTANTS AND OTHER HEALTHCARE SUPPORT OCCUPATIONS, EXCEPT DENTAL ASSISTANTS",446,1.0,"Nurses, Therapists, and Other Health Service","Nurses, Therapists, and Other Health Service",1.0,False
02,3700,PRT-FIRST-LINE SUPERVISORS/MANAGERS OF CORRECTIONAL OFFICERS,423,1.0,"Fire, Police, and Guards","Fire, Police, and Guards",1.0,False
02,3710,PRT-FIRST-LINE SUPERVISORS/MANAGERS OF POLICE AND DETECTIVES,418,1.0,"Fire, Police, and Guards","Fire, Police, and Guards",1.0,False
02,3720,PRT-FIRST-LINE SUPERVISORS/MANAGERS OF FIRE FIGHTING AND PREVENTION WORKERS,417,1.0,"Fire, Police, and Guards","Fire, Police, and Guards",1.0,False
02,3730,"PRT-SUPERVISORS, PROTECTIVE SERVICE WORKERS, ALL OTHER",415,1.0,"Fire, Police, and Guards","Fire, Police, and Guards",1.0,False
02,3740,PRT-FIRE FIGHTERS,417,1.0,"Fire, Police, and Guards","Fire, Police, and Guards",1.0,False
02,3750,PRT-FIRE INSPECTORS,417,1.0,"Fire, Police, and Guards","Fire, Police, and Guards",1.0,False
02,3800,"PRT-BAILIFFS, CORRECTIONAL OFFICERS, AND JAILERS",423,1.0,"Fire, Police, and Guards","Fire, Police, and Guards",1.0,False
02,3820,PRT-DETECTIVES AND CRIMINAL INVESTIGATORS,418,1.0,"Fire, Police, and Guards","Fire, Police, and Guards",1.0,False
02,3840,PRT-MISCELLANEOUS LAW ENFORCEMENT WORKERS,423,1.0,"Fire, Police, and Guards","Fire, Police, and Guards",1.0,False
02,3850,PRT-POLICE OFFICERS,418,1.0,"Fire, Police, and Guards","Fire, Police, and Guards",1.0,False
02,3900,PRT-ANIMAL CONTROL WORKERS,427,1.0,"Fire, Police, and Guards","Fire, Police, and Guards",1.0,False
02,3910,PRT-PRIVATE DETECTIVES AND INVESTIGATORS,418,1.0,"Fire, Police, and Guards","Fire, Police, and Guards",1.0,False
02,3920,PRT-SECURITY GUARDS AND GAMING SURVEILLANCE OFFICERS,426,1.0,"Fire, Police, and Guards","Fire, Police, and Guards",1.0,False
02,3940,PRT-CROSSING GUARDS,425,1.0,"Fire, Police, and Guards","Fire, Police, and Guards",1.0,False
02,3950,PRT-LIFEGUARDS AND OTHER PROTECTIVE SERVICE WORKERS,427,1.0,"Fire, Police, and Guards","Fire, Police, and Guards",1.0,False
02,4000,EAT-CHEFS AND HEAD COOKS,436,1.0,"Food, Cleaning, and Personal Services and Private Household","Food, Cleaning, and Personal Services and Private Household",1.0,False
02,4010,EAT-FIRST-LINE SUPERVISORS/MANAGERS OF FOOD PREPARATION AND SERVING WORKERS,436,1.0,"Food, Cleaning, and Personal Services and Private Household","Food, Cleaning, and Personal Services and Private Household",1.0,False
02,4020,EAT-COOKS,436,1.0,"Food, Cleaning, and Personal Services and Private Household","Food, Cleaning, and Personal Services and Private Household",1.0,False
02,4030,EAT-FOOD PREPARATION WORKERS,444,1.0,"Food, Cleaning, and Personal Services and Private Household","Food, Cleaning, and Personal Services and Private Household",1.0,False
02,4040,EAT-BARTENDERS,434,1.0,"Food, Cleaning, and Personal Services and Private Household","Food, Cleaning, and Personal Services and Private Household",1.0,False
02,4050,"EAT-COMBINED FOOD PREPARATION AND SERVING WORKERS, INCLUDING FAST FOOD",439,1.0,"Food, Cleaning, and Personal Services and Private Household","Food, Cleaning, and Personal Services and Private Household",1.0,False
02,4060,"EAT-COUNTER ATTENDANTS, CAFETERIA, FOOD CONCESSION, AND COFFEE SHOP",443,1.0,"Food, Cleaning, and Personal Services and Private Household","Food, Cleaning, and Personal Services and Private Household",1.0,False
02,4110,EAT-WAITERS AND WAITRESSES,435,1.0,"Food, Cleaning, and Personal Services and Private Household","Food, Cleaning, and Personal Services and Private Household",1.0,False
02,4120,"EAT-FOOD SERVERS, NONRESTAURANT",443,1.0,"Food, Cleaning, and Personal Services and Private Household","Food, Cleaning, and Personal Services and Private Household",1.0,False
02,4130,"EAT-MISCELLANEOUS FOOD PREPARATION AND SERVING RELATED WORKERS, INCLUDING DINING ROOM AND CAFETERIA ATTENDANTS AND BARTE",443,1.0,"Food, Cleaning, and Personal Services and Private Household","Food, Cleaning, and Personal Services and Private Household",1.0,False
02,4140,EAT-DISHWASHERS,444,1.0,"Food, Cleaning, and Personal Services and Private Household","Food, Cleaning, and Personal Services and Private Household",1.0,False
02,4150,"EAT-HOSTS AND HOSTESSES, RESTAURANT, LOUNGE, AND COFFEE SHOP",469,1.0,"Food, Cleaning, and Personal Services and Private Household","Food, Cleaning, and Personal Services and Private Household",1.0,False
02,4200,CLN-FIRST-LINE SUPERVISORS/MANAGERS OF HOUSEKEEPING AND JANITORIAL WORKERS,448,1.0,"Food, Cleaning, and Personal Services and Private Household","Food, Cleaning, and Personal Services and Private Household",1.0,False
02,4210,"CLN-FIRST-LINE SUPERVISORS/MANAGERS OF LANDSCAPING, LAWN SERVICE, AND GROUNDSKEEPING WORKERS",485,1.0,"Farm, Related Agrigulture, Logging, and Extraction","Farm, Related Agrigulture, Logging, and Extraction",1.0,False
02,4220,CLN-JANITORS AND BUILDING CLEANERS,453,1.0,"Food, Cleaning, and Personal Services and Private Household","Food, Cleaning, and Personal Services and Private Household",1.0,False
02,4230,CLN-MAIDS AND HOUSEKEEPING CLEANERS,405,1.0,"Food, Cleaning, and Personal Services and Private Household","Food, Cleaning, and Personal Services and Private Household",1.0,False
02,4240,CLN-PEST CONTROL WORKERS,455,1.0,"Food, Cleaning, and Personal Services and Private Household","Food, Cleaning, and Personal Services and Private Household",1.0,False
02,4250,CLN-GROUNDS MAINTENANCE WORKERS,486,1.0,"Farm, Related Agrigulture, Logging, and Extraction","Farm, Related Agrigulture, Logging, and Extraction",1.0,False
02,4300,PRS-FIRST-LINE SUPERVISORS/MANAGERS OF GAMING WORKERS,22,1.0,"Executives, Administrative, and Managerial","Executives, Administrative, and Managerial",1.0,False
02,4320,PRS-FIRST-LINE SUPERVISORS/MANAGERS OF PERSONAL SERVICE WORKERS,456,1.0,"Food, Cleaning, and Personal Services and Private Household","Food, Cleaning, and Personal Services and Private Household",1.0,False
02,4340,PRS-ANIMAL TRAINERS,479,1.0,"Farm, Related Agrigulture, Logging, and Extraction","Farm, Related Agrigulture, Logging, and Extraction",1.0,False
02,4350,PRS-NONFARM ANIMAL CARETAKERS,487,1.0,"Farm, Related Agrigulture, Logging, and Extraction","Farm, Related Agrigulture, Logging, and Extraction",1.0,False
02,4400,PRS-GAMING SERVICES WORKERS,459,1.0,"Food, Cleaning, and Personal Services and Private Household","Food, Cleaning, and Personal Services and Private Household",1.0,False
02,4410,PRS-MOTION PICTURE PROJECTIONISTS,462,1.0,"Food, Cleaning, and Personal Services and Private Household","Food, Cleaning, and Personal Services and Private Household",1.0,False
02,4420,"PRS-USHERS, LOBBY ATTENDANTS, AND TICKET TAKERS",462,1.0,"Food, Cleaning, and Personal Services and Private Household","Food, Cleaning, and Personal Services and Private Household",1.0,False
02,4430,PRS-MISCELLANEOUS ENTERTAINMENT ATTENDANTS AND RELATED WORKERS,459,1.0,"Food, Cleaning, and Personal Services and Private Household","Food, Cleaning, and Personal Services and Private Household",1.0,False
02,4460,PRS-FUNERAL SERVICE WORKERS,469,1.0,"Food, Cleaning, and Personal Services and Private Household","Food, Cleaning, and Personal Services and Private Household",1.0,False
02,4500,PRS-BARBERS,457,1.0,"Food, Cleaning, and Personal Services and Private Household","Food, Cleaning, and Personal Services and Private Household",1.0,False
02,4510,"PRS-HAIRDRESSERS, HAIRSTYLISTS, AND COSMETOLOGISTS",458,1.0,"Food, Cleaning, and Personal Services and Private Household","Food, Cleaning, and Personal Services and Private Household",1.0,False
02,4520,PRS-MISCELLANEOUS PERSONAL APPEARANCE WORKERS,458,1.0,"Food, Cleaning, and Personal Services and Private Household","Food, Cleaning, and Personal Services and Private Household",1.0,False
02,4530,"PRS-BAGGAGE PORTERS, BELLHOPS, AND CONCIERGES",464,1.0,"Food, Cleaning, and Personal Services and Private Household","Food, Cleaning, and Personal Services and Private Household",1.0,False
02,4540,PRS-TOUR AND TRAVEL GUIDES,461,1.0,"Food, Cleaning, and Personal Services and Private Household","Food, Cleaning, and Personal Services and Private Household",1.0,False
02,4550,PRS-TRANSPORTATION ATTENDANTS,235,1.0,Health and Science Technicians,Health and Science Technicians,1.0,False
02,4600,PRS-CHILD CARE WORKERS,468,1.0,"Food, Cleaning, and Personal Services and Private Household","Food, Cleaning, and Personal Services and Private Household",1.0,False
02,4610,PRS-PERSONAL AND HOME CARE AIDES,447,1.0,"Nurses, Therapists, and Other Health Service","Nurses, Therapists, and Other Health Service",1.0,False
02,4620,PRS-RECREATION AND FITNESS WORKERS,175,1.0,"Natural and Social Scientists, Recreation, Religious, Arts, Athletes","Natural and Social Scientists, Recreation, Religious, Arts, Athletes",1.0,False
02,4640,PRS-RESIDENTIAL ADVISORS,468,1.0,"Food, Cleaning, and Personal Services and Private Household","Food, Cleaning, and Personal Services and Private Household",1.0,False
02,4650,"PRS-PERSONAL CARE AND SERVICE WORKERS, ALL OTHER",469,1.0,"Food, Cleaning, and Personal Services and Private Household","Food, Cleaning, and Personal Services and Private Household",1.0,False
02,4700,SAL-FIRST-LINE SUPERVISORS/MANAGERS OF RETAIL SALES WORKERS,243,1.0,"Sales, All","Sales, All",1.0,False
02,4710,SAL-FIRST-LINE SUPERVISORS/MANAGERS OF NON-RETAIL SALES WORKERS,243,1.0,"Sales, All","Sales, All",1.0,False
02,4720,SAL-CASHIERS,276,1.0,"Sales, All","Sales, All",1.0,False
02,4740,SAL-COUNTER AND RENTAL CLERKS,274,1.0,"Sales, All","Sales, All",1.0,False
02,4750,SAL-PARTS SALESPERSONS,274,1.0,"Sales, All","Sales, All",1.0,False
02,4760,SAL-RETAIL SALESPERSONS,275,1.0,"Sales, All","Sales, All",1.0,False
02,4800,SAL-ADVERTISING SALES AGENTS,256,1.0,"Sales, All","Sales, All",1.0,False
02,4810,SAL-INSURANCE SALES AGENTS,253,1.0,"Sales, All","Sales, All",1.0,False
02,4820,"SAL-SECURITIES, COMMODITIES, AND FINANCIAL SERVICES SALES AGENTS",255,1.0,"Sales, All","Sales, All",1.0,False
02,4830,SAL-TRAVEL AGENTS,318,1.0,"Administrative Support, Clerks, Record","Administrative Support, Clerks, Record",1.0,False
02,4840,"SAL-SALES REPRESENTATIVES, SERVICES, ALL OTHER",274,1.0,"Sales, All","Sales, All",1.0,False
02,4850,"SAL-SALES REPRESENTATIVES, WHOLESALE AND MANUFACTURING",274,1.0,"Sales, All","Sales, All",1.0,False
02,4900,"SAL-MODELS, DEMONSTRATORS, AND PRODUCT PROMOTERS",283,1.0,"Sales, All","Sales, All",1.0,False
02,4920,SAL-REAL ESTATE BROKERS AND SALES AGENTS,254,1.0,"Sales, All","Sales, All",1.0,False
02,4930,SAL-SALES ENGINEERS,258,1.0,"Sales, All","Sales, All",1.0,False
02,4940,SAL-TELEMARKETERS,274,1.0,"Sales, All","Sales, All",1.0,False
02,4950,"SAL-DOOR-TO-DOOR SALES WORKERS, NEWS AND STREET VENDORS, AND RELATED WORKERS",277,1.0,"Sales, All","Sales, All",1.0,False
02,4960,"SAL-SALES AND RELATED WORKERS, ALL OTHER",274,1.0,"Sales, All","Sales, All",1.0,False
02,5000,OFF-FIRST-LINE SUPERVISORS/MANAGERS OF OFFICE AND ADMINISTRATIVE SUPPORT WORKERS,303,1.0,"Administrative Support, Clerks, Record","Administrative Support, Clerks, Record",1.0,False
02,5010,"OFF-SWITCHBOARD OPERATORS, INCLUDING ANSWERING SERVICE",348,1.0,"Administrative Support, Clerks, Record","Administrative Support, Clerks, Record",1.0,False
02,5020,OFF-TELEPHONE OPERATORS,348,1.0,"Administrative Support, Clerks, Record","Administrative Support, Clerks, Record",1.0,False
02,5030,"OFF-COMMUNICATIONS EQUIPMENT OPERATORS, ALL OTHER",349,1.0,"Administrative Support, Clerks, Record","Administrative Support, Clerks, Record",1.0,False
02,5100,OFF-BILL AND ACCOUNT COLLECTORS,378,1.0,"Administrative Support, Clerks, Record","Administrative Support, Clerks, Record",1.0,False
02,5110,OFF-BILLING AND POSTING CLERKS AND MACHINE OPERATORS,344,1.0,"Administrative Support, Clerks, Record","Administrative Support, Clerks, Record",1.0,False
02,5120,"OFF-BOOKKEEPING, ACCOUNTING, AND AUDITING CLERKS",337,1.0,"Administrative Support, Clerks, Record","Administrative Support, Clerks, Record",1.0,False
02,5130,OFF-GAMING CAGE WORKERS,276,1.0,"Sales, All","Sales, All",1.0,False
02,5140,OFF-PAYROLL AND TIMEKEEPING CLERKS,338,1.0,"Administrative Support, Clerks, Record","Administrative Support, Clerks, Record",1.0,False
02,5150,OFF-PROCUREMENT CLERKS,365,1.0,"Administrative Support, Clerks, Record","Administrative Support, Clerks, Record",1.0,False
02,5160,OFF-TELLERS,383,1.0,"Administrative Support, Clerks, Record","Administrative Support, Clerks, Record",1.0,False
02,5200,OFF-BROKERAGE CLERKS,336,1.0,"Administrative Support, Clerks, Record","Administrative Support, Clerks, Record",1.0,False
02,5220,"OFF-COURT, MUNICIPAL, AND LICENSE CLERKS",389,1.0,"Administrative Support, Clerks, Record","Administrative Support, Clerks, Record",1.0,False
02,5230,"OFF-CREDIT AUTHORIZERS, CHECKERS, AND CLERKS",316,1.0,"Administrative Support, Clerks, Record","Administrative Support, Clerks, Record",1.0,False
02,5240,OFF-CUSTOMER SERVICE REPRESENTATIVES,376,1.0,"Administrative Support, Clerks, Record","Administrative Support, Clerks, Record",1.0,False
02,5250,"OFF-ELIGIBILITY INTERVIEWERS, GOVERNMENT PROGRAMS",377,1.0,"Administrative Support, Clerks, Record","Administrative Support, Clerks, Record",1.0,False
02,5260,OFF-FILE CLERKS,335,1.0,"Administrative Support, Clerks, Record","Administrative Support, Clerks, Record",1.0,False
02,5300,"OFF-HOTEL, MOTEL, AND RESORT DESK CLERKS",317,1.0,"Administrative Support, Clerks, Record","Administrative Support, Clerks, Record",1.0,False
02,5310,"OFF-INTERVIEWERS, EXCEPT ELIGIBILITY AND LOAN",316,1.0,"Administrative Support, Clerks, Record","Administrative Support, Clerks, Record",1.0,False
02,5320,"OFF-LIBRARY ASSISTANTS, CLERICAL",329,1.0,"Administrative Support, Clerks, Record","Administrative Support, Clerks, Record",1.0,False
02,5330,OFF-LOAN INTERVIEWERS AND CLERKS,376,1.0,"Administrative Support, Clerks, Record","Administrative Support, Clerks, Record",1.0,False
02,5340,OFF-NEW ACCOUNTS CLERKS,316,1.0,"Administrative Support, Clerks, Record","Administrative Support, Clerks, Record",1.0,False
02,5350,OFF-CORRESPONDENCE CLERKS AND ORDER CLERKS,326,1.0,"Administrative Support, Clerks, Record","Administrative Support, Clerks, Record",1.0,False
02,5360,"OFF-HUMAN RESOURCES ASSISTANTS, EXCEPT PAYROLL AND TIMEKEEPING",328,1.0,"Administrative Support, Clerks, Record","Administrative Support, Clerks, Record",1.0,False
02,5400,OFF-RECEPTIONISTS AND INFORMATION CLERKS,319,1.0,"Administrative Support, Clerks, Record","Administrative Support, Clerks, Record",1.0,False
02,5410,OFF-RESERVATION AND TRANSPORTATION TICKET AGENTS AND TRAVEL CLERKS,318,1.0,"Administrative Support, Clerks, Record","Administrative Support, Clerks, Record",1.0,False
02,5420,"OFF-INFORMATION AND RECORD CLERKS, ALL OTHER",336,1.0,"Administrative Support, Clerks, Record","Administrative Support, Clerks, Record",1.0,False
02,5500,OFF-CARGO AND FREIGHT AGENTS,364,1.0,"Administrative Support, Clerks, Record","Administrative Support, Clerks, Record",1.0,False
02,5510,OFF-COURIERS AND MESSENGERS,357,1.0,"Administrative Support, Clerks, Record","Administrative Support, Clerks, Record",1.0,False
02,5520,OFF-DISPATCHERS,359,1.0,"Administrative Support, Clerks, Record","Administrative Support, Clerks, Record",1.0,False
02,5530,"OFF-METER READERS, UTILITIES",366,1.0,"Administrative Support, Clerks, Record","Administrative Support, Clerks, Record",1.0,False
02,5540,OFF-POSTAL SERVICE CLERKS,354,1.0,"Administrative Support, Clerks, Record","Administrative Support, Clerks, Record",1.0,False
02,5550,OFF-POSTAL SERVICE MAIL CARRIERS,355,1.0,"Administrative Support, Clerks, Record","Administrative Support, Clerks, Record",1.0,False
02,5560,"OFF-POSTAL SERVICE MAIL SORTERS, PROCESSORS, AND PROCESSING MACHINE OPERATORS",354,1.0,"Administrative Support, Clerks, Record","Administrative Support, Clerks, Record",1.0,False
02,5600,"OFF-PRODUCTION, PLANNING, AND EXPEDITING CLERKS",373,1.0,"Administrative Support, Clerks, Record","Administrative Support, Clerks, Record",1.0,False
02,5610,"OFF-SHIPPING, RECEIVING, AND TRAFFIC CLERKS",364,1.0,"Administrative Support, Clerks, Record","Administrative Support, Clerks, Record",1.0,False
02,5620,OFF-STOCK CLERKS AND ORDER FILLERS,365,1.0,"Administrative Support, Clerks, Record","Administrative Support, Clerks, Record",1.0,False
02,5630,"OFF-WEIGHERS, MEASURERS, CHECKERS, AND SAMPLERS, RECORDKEEPING",368,1.0,"Administrative Support, Clerks, Record","Administrative Support, Clerks, Record",1.0,False
02,5700,OFF-SECRETARIES AND ADMINISTRATIVE ASSISTANTS,313,1.0,"Administrative Support, Clerks, Record","Administrative Support, Clerks, Record",1.0,False
02,5800,OFF-COMPUTER OPERATORS,308,1.0,"Administrative Support, Clerks, Record","Administrative Support, Clerks, Record",1.0,False
02,5810,OFF-DATA ENTRY KEYERS,385,1.0,"Administrative Support, Clerks, Record","Administrative Support, Clerks, Record",1.0,False
02,5820,OFF-WORD PROCESSORS AND TYPISTS,315,1.0,"Administrative Support, Clerks, Record","Administrative Support, Clerks, Record",1.0,False
02,5840,OFF-INSURANCE CLAIMS AND POLICY PROCESSING CLERKS,375,1.0,"Administrative Support, Clerks, Record","Administrative Support, Clerks, Record",1.0,False
02,5850,"OFF-MAIL CLERKS AND MAIL MACHINE OPERATORS, EXCEPT POSTAL SERVICE",356,1.0,"Administrative Support, Clerks, Record","Administrative Support, Clerks, Record",1.0,False
02,5860,"OFF-OFFICE CLERKS, GENERAL",379,1.0,"Administrative Support, Clerks, Record","Administrative Support, Clerks, Record",1.0,False
02,5900,"OFF-OFFICE MACHINE OPERATORS, EXCEPT COMPUTER",347,1.0,"Administrative Support, Clerks, Record","Administrative Support, Clerks, Record",1.0,False
02,5910,OFF-PROOFREADERS AND COPY MARKERS,384,1.0,"Administrative Support, Clerks, Record","Administrative Support, Clerks, Record",1.0,False
02,5920,OFF-STATISTICAL ASSISTANTS,386,1.0,"Administrative Support, Clerks, Record","Administrative Support, Clerks, Record",1.0,False
02,5930,"OFF-MISCELLANEOUS OFFICE AND ADMINISTRATIVE SUPPORT WORKERS, INCLUDING DESKTOP PUBLISHERS",389,1.0,"Administrative Support, Clerks, Record","Administrative Support, Clerks, Record",1.0,False
02,6000,"FFF-FIRST-LINE SUPERVISORS/MANAGERS OF FARMING, FISHING, AND FORESTRY WORKERS",496,1.0,"Farm, Related Agrigulture, Logging, and Extraction","Farm, Related Agrigulture, Logging, and Extraction",1.0,False
02,6010,FFF-AGRICULTURAL INSPECTORS,489,1.0,"Farm, Related Agrigulture, Logging, and Extraction","Farm, Related Agrigulture, Logging, and Extraction",1.0,False
02,6040,"FFF-GRADERS AND SORTERS, AGRICULTURAL PRODUCTS",488,1.0,"Farm, Related Agrigulture, Logging, and Extraction","Farm, Related Agrigulture, Logging, and Extraction",1.0,False
02,6050,"FFF-MISCELLANEOUS AGRICULTURAL WORKERS, INCLUDING ANIMAL BREEDERS",479,1.0,"Farm, Related Agrigulture, Logging, and Extraction","Farm, Related Agrigulture, Logging, and Extraction",1.0,False
02,6100,FFF-FISHING AND HUNTING WORKERS,498,1.0,"Farm, Related Agrigulture, Logging, and Extraction","Farm, Related Agrigulture, Logging, and Extraction",1.0,False
02,6120,FFF-FOREST AND CONSERVATION WORKERS,496,1.0,"Farm, Related Agrigulture, Logging, and Extraction","Farm, Related Agrigulture, Logging, and Extraction",1.0,False
02,6130,FFF-LOGGING WORKERS,496,1.0,"Farm, Related Agrigulture, Logging, and Extraction","Farm, Related Agrigulture, Logging, and Extraction",1.0,False
02,6200,CON-FIRST-LINE SUPERVISORS/MANAGERS OF CONSTRUCTION TRADES AND EXTRACTION WORKERS,558,1.0,Mechanics and Construction,Mechanics and Construction,1.0,False
02,6210,CON-BOILERMAKERS,643,1.0,Precision Manufacturing,Precision Manufacturing,1.0,False
02,6220,"CON-BRICKMASONS, BLOCKMASONS, AND STONEMASONS",563,1.0,Mechanics and Construction,Mechanics and Construction,1.0,False
02,6230,CON-CARPENTERS,567,1.0,Mechanics and Construction,Mechanics and Construction,1.0,False
02,6240,"CON-CARPET, FLOOR, AND TILE INSTALLERS AND FINISHERS",563,1.0,Mechanics and Construction,Mechanics and Construction,1.0,False
02,6250,"CON-CEMENT MASONS, CONCRETE FINISHERS, AND TERRAZZO WORKERS",588,1.0,Mechanics and Construction,Mechanics and Construction,1.0,False
02,6260,CON-CONSTRUCTION LABORERS,869,1.0,Mechanics and Construction,Mechanics and Construction,1.0,False
02,6300,"CON-PAVING, SURFACING, AND TAMPING EQUIPMENT OPERATORS",594,1.0,Mechanics and Construction,Mechanics and Construction,1.0,False
02,6320,"CON-CONSTRUCTION EQUIPMENT OPERATORS, EXCEPT PAVING, SURFACING, AND TAMPING EQUIPMENT OPERATORS",844,1.0,Vehicle Operators,Vehicle Operators,1.0,False
02,6330,"CON-DRYWALL INSTALLERS, CEILING TILE INSTALLERS, AND TAPERS",573,1.0,Mechanics and Construction,Mechanics and Construction,1.0,False
02,6350,CON-ELECTRICIANS,575,1.0,Mechanics and Construction,Mechanics and Construction,1.0,False
02,6360,CON-GLAZIERS,589,1.0,Mechanics and Construction,Mechanics and Construction,1.0,False
02,6400,CON-INSULATION WORKERS,593,1.0,Mechanics and Construction,Mechanics and Construction,1.0,False
02,6420,"CON-PAINTERS, CONSTRUCTION AND MAINTENANCE",579,1.0,Mechanics and Construction,Mechanics and Construction,1.0,False
02,6430,CON-PAPERHANGERS,583,1.0,Mechanics and Construction,Mechanics and Construction,1.0,False
02,6440,"CON-PIPELAYERS, PLUMBERS, PIPEFITTERS, AND STEAMFITTERS",585,1.0,Mechanics and Construction,Mechanics and Construction,1.0,False
02,6460,CON-PLASTERERS AND STUCCO MASONS,584,1.0,Mechanics and Construction,Mechanics and Construction,1.0,False
02,6500,CON-REINFORCING IRON AND REBAR WORKERS,597,1.0,Mechanics and Construction,Mechanics and Construction,1.0,False
02,6510,CON-ROOFERS,595,1.0,Mechanics and Construction,Mechanics and Construction,1.0,False
02,6520,CON-SHEET METAL WORKERS,596,1.0,Mechanics and Construction,Mechanics and Construction,1.0,False
02,6530,CON-STRUCTURAL IRON AND STEEL WORKERS,597,1.0,Mechanics and Construction,Mechanics and Construction,1.0,False
02,6600,"CON-HELPERS, CONSTRUCTION TRADES",866,1.0,Mechanics and Construction,Mechanics and Construction,1.0,False
02,6660,CON-CONSTRUCTION AND BUILDING INSPECTORS,35,1.0,Management Related,Management Related,1.0,False
02,6700,CON-ELEVATOR INSTALLERS AND REPAIRERS,543,1.0,Mechanics and Construction,Mechanics and Construction,1.0,False
02,6710,CON-FENCE ERECTORS,599,1.0,Mechanics and Construction,Mechanics and Construction,1.0,False
02,6720,CON-HAZARDOUS MATERIALS REMOVAL WORKERS,593,1.0,Mechanics and Construction,Mechanics and Construction,1.0,False
02,6730,CON-HIGHWAY MAINTENANCE WORKERS,869,1.0,Mechanics and Construction,Mechanics and Construction,1.0,False
02,6740,CON-RAIL-TRACK LAYING AND MAINTENANCE EQUIPMENT OPERATORS,889,1.0,"Fabricators, Inspectors, and Material Handlers","Fabricators, Inspectors, and Material Handlers",1.0,False
02,6760,"CON-MISCELLANEOUS CONSTRUCTION WORKERS, INCLUDING SEPTIC TANK SERVICERS AND SEWER PIPE CLEANERS",599,1.0,Mechanics and Construction,Mechanics and Construction,1.0,False
02,6800,"EXT-DERRICK, ROTARY DRILL, AND SERVICE UNIT OPERATORS, AND ROUSTABOUTS, OIL, GAS, AND MINING",614,1.0,"Farm, Related Agrigulture, Logging, and Extraction","Farm, Related Agrigulture, Logging, and Extraction",1.0,False
02,6820,"EXT-EARTH DRILLERS, EXCEPT OIL AND GAS",598,1.0,Mechanics and Construction,Mechanics and Construction,1.0,False
02,6830,"EXT-EXPLOSIVES WORKERS, ORDNANCE HANDLING EXPERTS, AND BLASTERS",615,1.0,"Farm, Related Agrigulture, Logging, and Extraction","Farm, Related Agrigulture, Logging, and Extraction",1.0,False
02,6840,EXT-MINING MACHINE OPERATORS,616,1.0,"Farm, Related Agrigulture, Logging, and Extraction","Farm, Related Agrigulture, Logging, and Extraction",1.0,False
02,6940,"EXT-MISCELLANEOUS EXTRACTION WORKERS, INCLUDING ROOF BOLTERS AND HELPERS",617,1.0,"Farm, Related Agrigulture, Logging, and Extraction","Farm, Related Agrigulture, Logging, and Extraction",1.0,False
02,7000,"RPR-FIRST-LINE SUPERVISORS/MANAGERS OF MECHANICS, INSTALLERS, AND REPAIRERS",503,1.0,Mechanics and Construction,Mechanics and Construction,1.0,False
02,7010,"RPR-COMPUTER, AUTOMATED TELLER, AND OFFICE MACHINE REPAIRERS",525,1.0,Mechanics and Construction,Mechanics and Construction,1.0,False
02,7020,RPR-RADIO AND TELECOMMUNICATIONS EQUIPMENT INSTALLERS AND REPAIRERS,527,1.0,Mechanics and Construction,Mechanics and Construction,1.0,False
02,7030,RPR-AVIONICS TECHNICIANS,533,1.0,Mechanics and Construction,Mechanics and Construction,1.0,False
02,7040,"RPR-ELECTRIC MOTOR, POWER TOOL, AND RELATED REPAIRERS",577,1.0,Mechanics and Construction,Mechanics and Construction,1.0,False
02,7100,"RPR-ELECTRICAL AND ELECTRONICS REPAIRERS, TRANSPORTATION EQUIPMENT, AND INDUSTRIAL AND UTILITY",523,1.0,Mechanics and Construction,Mechanics and Construction,1.0,False
02,7110,"RPR-ELECTRONIC EQUIPMENT INSTALLERS AND REPAIRERS, MOTOR VEHICLES",533,1.0,Mechanics and Construction,Mechanics and Construction,1.0,False
02,7120,RPR-ELECTRONIC HOME ENTERTAINMENT EQUIPMENT INSTALLERS AND REPAIRERS,523,1.0,Mechanics and Construction,Mechanics and Construction,1.0,False
02,7130,RPR-SECURITY AND FIRE ALARM SYSTEMS INSTALLERS,575,1.0,Mechanics and Construction,Mechanics and Construction,1.0,False
02,7140,RPR-AIRCRAFT MECHANICS AND SERVICE TECHNICIANS,508,1.0,Mechanics and Construction,Mechanics and Construction,1.0,False
02,7150,RPR-AUTOMOTIVE BODY AND RELATED REPAIRERS,514,1.0,Mechanics and Construction,Mechanics and Construction,1.0,False
02,7160,RPR-AUTOMOTIVE GLASS INSTALLERS AND REPAIRERS,514,1.0,Mechanics and Construction,Mechanics and Construction,1.0,False
02,7200,RPR-AUTOMOTIVE SERVICE TECHNICIANS AND MECHANICS,505,1.0,Mechanics and Construction,Mechanics and Construction,1.0,False
02,7210,RPR-BUS AND TRUCK MECHANICS AND DIESEL ENGINE SPECIALISTS,507,1.0,Mechanics and Construction,Mechanics and Construction,1.0,False
02,7220,RPR-HEAVY VEHICLE AND MOBILE EQUIPMENT SERVICE TECHNICIANS AND MECHANICS,516,1.0,Mechanics and Construction,Mechanics and Construction,1.0,False
02,7240,RPR-SMALL ENGINE MECHANICS,509,1.0,Mechanics and Construction,Mechanics and Construction,1.0,False
02,7260,"RPR-MISCELLANEOUS VEHICLE AND MOBILE EQUIPMENT MECHANICS, INSTALLERS, AND REPAIRERS",516,1.0,Mechanics and Construction,Mechanics and Construction,1.0,False
02,7300,RPR-CONTROL AND VALVE INSTALLERS AND REPAIRERS,539,1.0,Mechanics and Construction,Mechanics and Construction,1.0,False
02,7310,"RPR-HEATING, AIR CONDITIONING, AND REFRIGERATION MECHANICS AND INSTALLERS",534,1.0,Mechanics and Construction,Mechanics and Construction,1.0,False
02,7320,RPR-HOME APPLIANCE REPAIRERS,526,1.0,Mechanics and Construction,Mechanics and Construction,1.0,False
02,7330,RPR-INDUSTRIAL AND REFRACTORY MACHINERY MECHANICS,518,1.0,Mechanics and Construction,Mechanics and Construction,1.0,False
02,7340,"RPR-MAINTENANCE AND REPAIR WORKERS, GENERAL",549,1.0,Mechanics and Construction,Mechanics and Construction,1.0,False
02,7350,"RPR-MAINTENANCE WORKERS, MACHINERY",519,1.0,Mechanics and Construction,Mechanics and Construction,1.0,False
02,7360,RPR-MILLWRIGHTS,544,1.0,Mechanics and Construction,Mechanics and Construction,1.0,False
02,7410,RPR-ELECTRICAL POWER-LINE INSTALLERS AND REPAIRERS,577,1.0,Mechanics and Construction,Mechanics and Construction,1.0,False
02,7420,RPR-TELECOMMUNICATIONS LINE INSTALLERS AND REPAIRERS,527,1.0,Mechanics and Construction,Mechanics and Construction,1.0,False
02,7430,RPR-PRECISION INSTRUMENT AND EQUIPMENT REPAIRERS,535,1.0,Mechanics and Construction,Mechanics and Construction,1.0,False
02,7510,"RPR-COIN, VENDING, AND AMUSEMENT MACHINE SERVICERS AND REPAIRERS",804,1.0,Vehicle Operators,Vehicle Operators,1.0,False
02,7540,RPR-LOCKSMITHS AND SAFE REPAIRERS,536,1.0,Mechanics and Construction,Mechanics and Construction,1.0,False
02,7550,RPR-MANUFACTURED BUILDING AND MOBILE HOME INSTALLERS,549,1.0,Mechanics and Construction,Mechanics and Construction,1.0,False
02,7560,RPR-RIGGERS,549,1.0,Mechanics and Construction,Mechanics and Construction,1.0,False
02,7610,"RPR-HELPERS--INSTALLATION, MAINTENANCE, AND REPAIR WORKERS",865,1.0,Vehicle Operators,Vehicle Operators,1.0,False
02,7620,"RPR-OTHER INSTALLATION, MAINTENANCE, AND REPAIR WORKERS, INCLUDING COMMERCIAL DIVERS, AND SIGNAL AND TRACK SWITCH REPAIR",549,1.0,Mechanics and Construction,Mechanics and Construction,1.0,False
02,7700,PRD-FIRST-LINE SUPERVISORS/MANAGERS OF PRODUCTION AND OPERATING WORKERS,628,1.0,Precision Manufacturing,Precision Manufacturing,1.0,False
02,7710,"PRD-AIRCRAFT STRUCTURE, SURFACES, RIGGING, AND SYSTEMS ASSEMBLERS",785,1.0,"Fabricators, Inspectors, and Material Handlers","Fabricators, Inspectors, and Material Handlers",1.0,False
02,7720,"PRD-ELECTRICAL, ELECTRONICS, AND ELECTROMECHANICAL ASSEMBLERS",785,1.0,"Fabricators, Inspectors, and Material Handlers","Fabricators, Inspectors, and Material Handlers",1.0,False
02,7730,PRD-ENGINE AND OTHER MACHINE ASSEMBLERS,785,1.0,"Fabricators, Inspectors, and Material Handlers","Fabricators, Inspectors, and Material Handlers",1.0,False
02,7740,PRD-STRUCTURAL METAL FABRICATORS AND FITTERS,597,1.0,Mechanics and Construction,Mechanics and Construction,1.0,False
02,7750,PRD-MISCELLANEOUS ASSEMBLERS AND FABRICATORS,785,1.0,"Fabricators, Inspectors, and Material Handlers","Fabricators, Inspectors, and Material Handlers",1.0,False
02,7800,PRD-BAKERS,687,1.0,Precision Manufacturing,Precision Manufacturing,1.0,False
02,7810,"PRD-BUTCHERS AND OTHER MEAT, POULTRY, AND FISH PROCESSING WORKERS",686,1.0,Precision Manufacturing,Precision Manufacturing,1.0,False
02,7830,"PRD-FOOD AND TOBACCO ROASTING, BAKING, AND DRYING MACHINE OPERATORS AND TENDERS",763,1.0,Manufacturing Operators,Manufacturing Operators,1.0,False
02,7840,PRD-FOOD BATCHMAKERS,688,1.0,Precision Manufacturing,Precision Manufacturing,1.0,False
02,7850,PRD-FOOD COOKING MACHINE OPERATORS AND TENDERS,769,1.0,Manufacturing Operators,Manufacturing Operators,1.0,False
02,7900,PRD-COMPUTER CONTROL PROGRAMMERS AND OPERATORS,233,1.0,Health and Science Technicians,Health and Science Technicians,1.0,False
02,7920,"PRD-EXTRUDING AND DRAWING MACHINE SETTERS, OPERATORS, AND TENDERS, METAL AND PLASTIC",755,1.0,Manufacturing Operators,Manufacturing Operators,1.0,False
02,7930,"PRD-FORGING MACHINE SETTERS, OPERATORS, AND TENDERS, METAL AND PLASTIC",713,1.0,Manufacturing Operators,Manufacturing Operators,1.0,False
02,7940,"PRD-ROLLING MACHINE SETTERS, OPERATORS, AND TENDERS, METAL AND PLASTIC",707,1.0,Manufacturing Operators,Manufacturing Operators,1.0,False
02,7950,"PRD-CUTTING, PUNCHING, AND PRESS MACHINE SETTERS, OPERATORS, AND TENDERS, METAL AND PLASTIC",706,1.0,Manufacturing Operators,Manufacturing Operators,1.0,False
02,7960,"PRD-DRILLING AND BORING MACHINE TOOL SETTERS, OPERATORS, AND TENDERS, METAL AND PLASTIC",708,1.0,Manufacturing Operators,Manufacturing Operators,1.0,False
02,8000,"PRD-GRINDING, LAPPING, POLISHING, AND BUFFING MACHINE TOOL SETTERS, OPERATORS, AND TENDERS, METAL AND PLASTIC",709,1.0,Manufacturing Operators,Manufacturing Operators,1.0,False
02,8010,"PRD-LATHE AND TURNING MACHINE TOOL SETTERS, OPERATORS, AND TENDERS, METAL AND PLASTIC",703,1.0,Manufacturing Operators,Manufacturing Operators,1.0,False
02,8030,PRD-MACHINISTS,637,1.0,Precision Manufacturing,Precision Manufacturing,1.0,False
02,8040,PRD-METAL FURNACE AND KILN OPERATORS AND TENDERS,766,1.0,Manufacturing Operators,Manufacturing Operators,1.0,False
02,8060,"PRD-MODEL MAKERS AND PATTERNMAKERS, METAL AND PLASTIC",645,1.0,Precision Manufacturing,Precision Manufacturing,1.0,False
02,8100,"PRD-MOLDERS AND MOLDING MACHINE SETTERS, OPERATORS, AND TENDERS, METAL AND PLASTIC",719,1.0,Manufacturing Operators,Manufacturing Operators,1.0,False
02,8130,PRD-TOOL AND DIE MAKERS,634,1.0,Precision Manufacturing,Precision Manufacturing,1.0,False
02,8140,"PRD-WELDING, SOLDERING, AND BRAZING WORKERS",783,1.0,"Fabricators, Inspectors, and Material Handlers","Fabricators, Inspectors, and Material Handlers",1.0,False
02,8150,"PRD-HEAT TREATING EQUIPMENT SETTERS, OPERATORS, AND TENDERS, METAL AND PLASTIC",724,1.0,Manufacturing Operators,Manufacturing Operators,1.0,False
02,8200,"PRD-PLATING AND COATING MACHINE SETTERS, OPERATORS, AND TENDERS, METAL AND PLASTIC",723,1.0,Manufacturing Operators,Manufacturing Operators,1.0,False
02,8210,"PRD-TOOL GRINDERS, FILERS, AND SHARPENERS",644,1.0,Precision Manufacturing,Precision Manufacturing,1.0,False
02,8220,"PRD-MISCELLANEOUS METAL WORKERS AND PLASTIC WORKERS, INCLUDING MILLING AND PLANING MACHINE SETTERS, AND MULTIPLE MACHINE",726,1.0,Manufacturing Operators,Manufacturing Operators,1.0,False
02,8230,PRD-BOOKBINDERS AND BINDERY WORKERS,679,1.0,Precision Manufacturing,Precision Manufacturing,1.0,False
02,8240,PRD-JOB PRINTERS,684,1.0,Precision Manufacturing,Precision Manufacturing,1.0,False
02,8250,PRD-PREPRESS TECHNICIANS AND WORKERS,736,1.0,Manufacturing Operators,Manufacturing Operators,1.0,False
02,8260,PRD-PRINTING MACHINE OPERATORS,684,1.0,Precision Manufacturing,Precision Manufacturing,1.0,False
02,8300,PRD-LAUNDRY AND DRY-CLEANING WORKERS,748,1.0,Manufacturing Operators,Manufacturing Operators,1.0,False
02,8310,"PRD-PRESSERS, TEXTILE, GARMENT, AND RELATED MATERIALS",747,1.0,Manufacturing Operators,Manufacturing Operators,1.0,False
02,8320,PRD-SEWING MACHINE OPERATORS,744,1.0,Manufacturing Operators,Manufacturing Operators,1.0,False
02,8330,PRD-SHOE AND LEATHER WORKERS AND REPAIRERS,669,1.0,Precision Manufacturing,Precision Manufacturing,1.0,False
02,8340,PRD-SHOE MACHINE OPERATORS AND TENDERS,745,1.0,Manufacturing Operators,Manufacturing Operators,1.0,False
02,8350,"PRD-TAILORS, DRESSMAKERS, AND SEWERS",666,1.0,Precision Manufacturing,Precision Manufacturing,1.0,False
02,8400,"PRD-TEXTILE BLEACHING AND DYEING, AND CUTTING MACHINE SETTERS, OPERATORS, AND TENDERS",743,1.0,Manufacturing Operators,Manufacturing Operators,1.0,False
02,8410,"PRD-TEXTILE KNITTING AND WEAVING MACHINE SETTERS, OPERATORS, AND TENDERS",739,1.0,Manufacturing Operators,Manufacturing Operators,1.0,False
02,8420,"PRD-TEXTILE WINDING, TWISTING, AND DRAWING OUT MACHINE SETTERS, OPERATORS, AND TENDERS",738,1.0,Manufacturing Operators,Manufacturing Operators,1.0,False
02,8450,PRD-UPHOLSTERERS,668,1.0,Precision Manufacturing,Precision Manufacturing,1.0,False
02,8460,"PRD-MISCELLANEOUS TEXTILE, APPAREL, AND FURNISHINGS WORKERS, EXCEPT UPHOLSTERERS",749,1.0,Manufacturing Operators,Manufacturing Operators,1.0,False
02,8500,PRD-CABINETMAKERS AND BENCH CARPENTERS,657,1.0,Precision Manufacturing,Precision Manufacturing,1.0,False
02,8510,PRD-FURNITURE FINISHERS,658,1.0,Precision Manufacturing,Precision Manufacturing,1.0,False
02,8530,"PRD-SAWING MACHINE SETTERS, OPERATORS, AND TENDERS, WOOD",727,1.0,Manufacturing Operators,Manufacturing Operators,1.0,False
02,8540,"PRD-WOODWORKING MACHINE SETTERS, OPERATORS, AND TENDERS, EXCEPT SAWING",729,1.0,Manufacturing Operators,Manufacturing Operators,1.0,False
02,8550,"PRD-MISCELLANEOUS WOODWORKERS, INCLUDING MODEL MAKERS AND PATTERNMAKERS",733,1.0,Manufacturing Operators,Manufacturing Operators,1.0,False
02,8600,"PRD-POWER PLANT OPERATORS, DISTRIBUTORS, AND DISPATCHERS",695,1.0,Manufacturing Operators,Manufacturing Operators,1.0,False
02,8610,PRD-STATIONARY ENGINEERS AND BOILER OPERATORS,696,1.0,Manufacturing Operators,Manufacturing Operators,1.0,False
02,8620,PRD-WATER AND LIQUID WASTE TREATMENT PLANT AND SYSTEM OPERATORS,694,1.0,Manufacturing Operators,Manufacturing Operators,1.0,False
02,8630,PRD-MISCELLANEOUS PLANT AND SYSTEM OPERATORS,699,1.0,Manufacturing Operators,Manufacturing Operators,1.0,False
02,8640,"PRD-CHEMICAL PROCESSING MACHINE SETTERS, OPERATORS, AND TENDERS",757,1.0,Manufacturing Operators,Manufacturing Operators,1.0,False
02,8650,"PRD-CRUSHING, GRINDING, POLISHING, MIXING, AND BLENDING WORKERS",756,1.0,Manufacturing Operators,Manufacturing Operators,1.0,False
02,8710,PRD-CUTTING WORKERS,769,1.0,Manufacturing Operators,Manufacturing Operators,1.0,False
02,8720,"PRD-EXTRUDING, FORMING, PRESSING, AND COMPACTING MACHINE SETTERS, OPERATORS, AND TENDERS",755,1.0,Manufacturing Operators,Manufacturing Operators,1.0,False
02,8730,"PRD-FURNACE, KILN, OVEN, DRIER, AND KETTLE OPERATORS AND TENDERS",766,1.0,Manufacturing Operators,Manufacturing Operators,1.0,False
02,8740,"PRD-INSPECTORS, TESTERS, SORTERS, SAMPLERS, AND WEIGHERS",799,1.0,"Fabricators, Inspectors, and Material Handlers","Fabricators, Inspectors, and Material Handlers",1.0,False
02,8750,PRD-JEWELERS AND PRECIOUS STONE AND METAL WORKERS,535,1.0,Mechanics and Construction,Mechanics and Construction,1.0,False
02,8760,"PRD-MEDICAL, DENTAL, AND OPHTHALMIC LABORATORY TECHNICIANS",678,1.0,Precision Manufacturing,Precision Manufacturing,1.0,False
02,8800,PRD-PACKAGING AND FILLING MACHINE OPERATORS AND TENDERS,754,1.0,Manufacturing Operators,Manufacturing Operators,1.0,False
02,8810,PRD-PAINTING WORKERS,759,1.0,Manufacturing Operators,Manufacturing Operators,1.0,False
02,8830,PRD-PHOTOGRAPHIC PROCESS WORKERS AND PROCESSING MACHINE OPERATORS,774,1.0,Manufacturing Operators,Manufacturing Operators,1.0,False
02,8850,PRD-CEMENTING AND GLUING MACHINE OPERATORS AND TENDERS,753,1.0,Manufacturing Operators,Manufacturing Operators,1.0,False
02,8860,"PRD-CLEANING, WASHING, AND METAL PICKLING EQUIPMENT OPERATORS AND TENDERS",764,1.0,Manufacturing Operators,Manufacturing Operators,1.0,False
02,8910,PRD-ETCHERS AND ENGRAVERS,649,1.0,Precision Manufacturing,Precision Manufacturing,1.0,False
02,8920,"PRD-MOLDERS, SHAPERS, AND CASTERS, EXCEPT METAL AND PLASTIC",675,1.0,Precision Manufacturing,Precision Manufacturing,1.0,False
02,8930,"PRD-PAPER GOODS MACHINE SETTERS, OPERATORS, AND TENDERS",765,1.0,Manufacturing Operators,Manufacturing Operators,1.0,False
02,8940,PRD-TIRE BUILDERS,779,1.0,Manufacturing Operators,Manufacturing Operators,1.0,False
02,8950,PRD-HELPERS-PRODUCTION WORKERS,874,1.0,"Fabricators, Inspectors, and Material Handlers","Fabricators, Inspectors, and Material Handlers",1.0,False
02,8960,"PRD-OTHER PRODUCTION WORKERS, INCLUDING SEMICONDUCTOR PROCESSORS AND COOLING AND FREEZING EQUIPMENT OPERATORS",779,1.0,Manufacturing Operators,Manufacturing Operators,1.0,False
02,9000,"TRN-SUPERVISORS, TRANSPORTATION AND MATERIAL MOVING WORKERS",803,1.0,Vehicle Operators,Vehicle Operators,1.0,False
02,9030,TRN-AIRCRAFT PILOTS AND FLIGHT ENGINEERS,226,1.0,Health and Science Technicians,Health and Science Technicians,1.0,False
02,9040,TRN-AIR TRAFFIC CONTROLLERS AND AIRFIELD OPERATIONS SPECIALISTS,227,1.0,Health and Science Technicians,Health and Science Technicians,1.0,False
02,9110,"TRN-AMBULANCE DRIVERS AND ATTENDANTS, EXCEPT EMERGENCY MEDICAL TECHNICIANS",809,1.0,Vehicle Operators,Vehicle Operators,1.0,False
02,9120,TRN-BUS DRIVERS,808,1.0,Vehicle Operators,Vehicle Operators,1.0,False
02,9130,TRN-DRIVER/SALES WORKERS AND TRUCK DRIVERS,804,1.0,Vehicle Operators,Vehicle Operators,1.0,False
02,9140,TRN-TAXI DRIVERS AND CHAUFFEURS,809,1.0,Vehicle Operators,Vehicle Operators,1.0,False
02,9150,"TRN-MOTOR VEHICLE OPERATORS, ALL OTHER",809,1.0,Vehicle Operators,Vehicle Operators,1.0,False
02,9200,TRN-LOCOMOTIVE ENGINEERS AND OPERATORS,824,1.0,Vehicle Operators,Vehicle Operators,1.0,False
02,9230,"TRN-RAILROAD BRAKE, SIGNAL, AND SWITCH OPERATORS",825,1.0,Vehicle Operators,Vehicle Operators,1.0,False
02,9240,TRN-RAILROAD CONDUCTORS AND YARDMASTERS,823,1.0,Vehicle Operators,Vehicle Operators,1.0,False
02,9260,"TRN-SUBWAY, STREETCAR, AND OTHER RAIL TRANSPORTATION WORKERS",824,1.0,Vehicle Operators,Vehicle Operators,1.0,False
02,9300,"TRN-SAILORS AND MARINE OILERS, AND SHIP ENGINEERS",829,1.0,Vehicle Operators,Vehicle Operators,1.0,False
02,9310,TRN-SHIP AND BOAT CAPTAINS AND OPERATORS,829,1.0,Vehicle Operators,Vehicle Operators,1.0,False
02,9350,TRN-PARKING LOT ATTENDANTS,813,1.0,Vehicle Operators,Vehicle Operators,1.0,False
02,9360,TRN-SERVICE STATION ATTENDANTS,885,1.0,"Fabricators, Inspectors, and Material Handlers","Fabricators, Inspectors, and Material Handlers",1.0,False
02,9410,TRN-TRANSPORTATION INSPECTORS,463,1.0,"Food, Cleaning, and Personal Services and Private Household","Food, Cleaning, and Personal Services and Private Household",1.0,False
02,9420,"TRN-MISCELLANEOUS TRANSPORTATION WORKERS, INCLUDING BRIDGE AND LOCK TENDERS AND TRAFFIC TECHNICIANS",883,1.0,"Fabricators, Inspectors, and Material Handlers","Fabricators, Inspectors, and Material Handlers",1.0,False
02,9510,TRN-CRANE AND TOWER OPERATORS,848,1.0,Vehicle Operators,Vehicle Operators,1.0,False
02,9520,"TRN-DREDGE, EXCAVATING, AND LOADING MACHINE OPERATORS",853,1.0,Vehicle Operators,Vehicle Operators,1.0,False
02,9560,"TRN-CONVEYOR OPERATORS AND TENDERS, AND HOIST AND WINCH OPERATORS",848,1.0,Vehicle Operators,Vehicle Operators,1.0,False
02,9600,TRN-INDUSTRIAL TRUCK AND TRACTOR OPERATORS,804,1.0,Vehicle Operators,Vehicle Operators,1.0,False
02,9610,TRN-CLEANERS OF VEHICLES AND EQUIPMENT,887,1.0,"Fabricators, Inspectors, and Material Handlers","Fabricators, Inspectors, and Material Handlers",1.0,False
02,9620,"TRN-LABORERS AND FREIGHT, STOCK, AND MATERIAL MOVERS, HAND",889,1.0,"Fabricators, Inspectors, and Material Handlers","Fabricators, Inspectors, and Material Handlers",1.0,False
02,9630,TRN-MACHINE FEEDERS AND OFFBEARERS,878,1.0,"Fabricators, Inspectors, and Material Handlers","Fabricators, Inspectors, and Material Handlers",1.0,False
02,9640,"TRN-PACKERS AND PACKAGERS, HAND",888,1.0,"Fabricators, Inspectors, and Material Handlers","Fabricators, Inspectors, and Material Handlers",1.0,False
02,9650,TRN-PUMPING STATION OPERATORS,859,1.0,Vehicle Operators,Vehicle Operators,1.0,False
02,9720,TRN-REFUSE AND RECYCLABLE MATERIAL COLLECTORS,875,1.0,"Fabricators, Inspectors, and Material Handlers","Fabricators, Inspectors, and Material Handlers",1.0,False
02,9750,"TRN-MISCELLANEOUS MATERIAL MOVING WORKERS, INCLUDING SHUTTLE CAR OPERATORS, AND TANK CAR, TRUCK, AND SHIP LOADERS",454,1.0,"Food, Cleaning, and Personal Services and Private Household","Food, Cleaning, and Personal Services and Private Household",1.0,False
02,9800,MIL-MILITARY OFFICER SPECIAL AND TACTICAL OPERATIONS LEADERS/MANAGERS,905,1.0,,,1.0,False
02,9810,MIL-FIRST-LINE ENLISTED MILITARY SUPERVISORS/MANAGERS,905,1.0,,,1.0,False
02,9820,MIL-MILITARY ENLISTED TACTICAL OPERATIONS AND AIR/WEAPONS SPECIALISTS AND CREW MEMBERS,905,1.0,,,1.0,False
02,9830,"MIL-MILITARY, RANK NOT SPECIFIED **",905,1.0,,,1.0,False
02,9920,UNEMPLOYED AND LAST WORKED 5 YEARS AGO OR EARLIER OR NEVER WORKED**,991,1.0,,,1.0,False
10,0010,MGR-CHIEF EXECUTIVES AND LEGISLATORS,4,1.0,"Executives, Administrative, and Managerial","Executives, Administrative, and Managerial",1.0,False
10,0020,MGR-GENERAL AND OPERATIONS MANAGERS,22,1.0,"Executives, Administrative, and Managerial","Executives, Administrative, and Managerial",1.0,False
10,0040,MGR-ADVERTISING AND PROMOTIONS MANAGERS,13,1.0,"Executives, Administrative, and Managerial","Executives, Administrative, and Managerial",1.0,False
10,0050,MGR-MARKETING AND SALES MANAGERS,13,1.0,"Executives, Administrative, and Managerial","Executives, Administrative, and Managerial",1.0,False
10,0060,MGR-PUBLIC RELATIONS AND FUNDRAISING MANAGERS,13,1.0,"Executives, Administrative, and Managerial","Executives, Administrative, and Managerial",1.0,False
10,0100,MGR-ADMINISTRATIVE SERVICES MANAGERS,22,1.0,"Executives, Administrative, and Managerial","Executives, Administrative, and Managerial",1.0,False
10,0110,MGR-COMPUTER AND INFORMATION SYSTEMS MANAGERS,22,1.0,"Executives, Administrative, and Managerial","Executives, Administrative, and Managerial",1.0,False
10,0120,MGR-FINANCIAL MANAGERS,7,1.0,"Executives, Administrative, and Managerial","Executives, Administrative, and Managerial",1.0,False
10,0135,MGR-COMPENSATION AND BENEFITS MANAGERS,8,1.0,"Executives, Administrative, and Managerial","Executives, Administrative, and Managerial",1.0,False
10,0136,MGR-HUMAN RESOURCES MANAGERS,8,1.0,"Executives, Administrative, and Managerial","Executives, Administrative, and Managerial",1.0,False
10,0137,MGR-TRAINING AND DEVELOPMENT MANAGERS,8,1.0,"Executives, Administrative, and Managerial","Executives, Administrative, and Managerial",1.0,False
10,0140,MGR-INDUSTRIAL PRODUCTION MANAGERS,22,1.0,"Executives, Administrative, and Managerial","Executives, Administrative, and Managerial",1.0,False
10,0150,MGR-PURCHASING MANAGERS,33,1.0,Management Related,Management Related,1.0,False
10,0160,"MGR-TRANSPORTATION, STORAGE, AND DISTRIBUTION MANAGERS",373,1.0,"Administrative Support, Clerks, Record","Administrative Support, Clerks, Record",1.0,False
10,0205,"MGR-FARMERS, RANCHERS, AND OTHER AGRICULTURAL MANAGERS",475,1.0,"Farm, Related Agrigulture, Logging, and Extraction","Farm, Related Agrigulture, Logging, and Extraction",1.0,False
10,0220,MGR-CONSTRUCTION MANAGERS,22,1.0,"Executives, Administrative, and Managerial","Executives, Administrative, and Managerial",1.0,False
10,0230,MGR-EDUCATION ADMINISTRATORS,14,1.0,"Executives, Administrative, and Managerial","Executives, Administrative, and Managerial",1.0,False
10,0300,MGR-ARCHITECTURAL AND ENGINEERING MANAGERS,22,1.0,"Executives, Administrative, and Managerial","Executives, Administrative, and Managerial",1.0,False
10,0310,MGR-FOOD SERVICE MANAGERS,17,1.0,"Executives, Administrative, and Managerial","Executives, Administrative, and Managerial",1.0,False
10,0330,MGR-GAMING MANAGERS,21,1.0,"Executives, Administrative, and Managerial","Executives, Administrative, and Managerial",1.0,False
10,0340,MGR-LODGING MANAGERS,17,1.0,"Executives, Administrative, and Managerial","Executives, Administrative, and Managerial",1.0,False
10,0350,MGR-MEDICAL AND HEALTH SERVICES MANAGERS,15,1.0,"Executives, Administrative, and Managerial","Executives, Administrative, and Managerial",1.0,False
10,0360,MGR-NATURAL SCIENCES MANAGERS,21,1.0,"Executives, Administrative, and Managerial","Executives, Administrative, and Managerial",1.0,False
10,0410,"MGR-PROPERTY, REAL ESTATE, AND COMMUNITY ASSOCIATION MANAGERS",18,1.0,"Executives, Administrative, and Managerial","Executives, Administrative, and Managerial",1.0,False
10,0420,MGR-SOCIAL AND COMMUNITY SERVICE MANAGERS,21,1.0,"Executives, Administrative, and Managerial","Executives, Administrative, and Managerial",1.0,False
10,0425,MGR-EMERGENCY MANAGEMENT DIRECTORS,22,1.0,"Executives, Administrative, and Managerial","Executives, Administrative, and Managerial",1.0,False
10,0430,"MGR-MISCELLANEOUS MANAGERS, INCLUDING FUNERAL SERVICE MANAGERS AND POSTMASTERS AND MAIL SUPERINTENDENTS",22,0.998218985093809,"Executives, Administrative, and Managerial","Executives, Administrative, and Managerial",1.0,False
10,0500,"BUS-AGENTS AND BUSINESS MANAGERS OF ARTISTS, PERFORMERS, AND ATHLETES",34,1.0,Management Related,Management Related,1.0,False
10,0510,"BUS-BUYERS AND PURCHASING AGENTS, FARM PRODUCTS",28,1.0,Management Related,Management Related,1.0,False
10,0520,"BUS-WHOLESALE AND RETAIL BUYERS, EXCEPT FARM PRODUCTS",29,1.0,Management Related,Management Related,1.0,False
10,0530,"BUS-PURCHASING AGENTS, EXCEPT WHOLESALE, RETAIL, AND FARM PRODUCTS",33,1.0,Management Related,Management Related,1.0,False
10,0540,"BUS-CLAIMS ADJUSTERS, APPRAISERS, EXAMINERS, AND INVESTIGATORS",375,1.0,"Administrative Support, Clerks, Record","Administrative Support, Clerks, Record",1.0,False
10,0565,BUS-COMPLIANCE OFFICERS,36,1.0,Management Related,Management Related,1.0,False
10,0600,BUS-COST ESTIMATORS,22,1.0,"Executives, Administrative, and Managerial","Executives, Administrative, and Managerial",1.0,False
10,0630,BUS-HUMAN RESOURCES WORKERS,27,0.999681778544952,Management Related,Management Related,0.999681778544952,False
10,0640,"BUS-COMPENSATION, BENEFITS, AND JOB ANALYSIS SPECIALISTS",27,1.0,Management Related,Management Related,1.0,False
10,0650,BUS-TRAINING AND DEVELOPMENT SPECIALISTS,27,1.0,Management Related,Management Related,1.0,False
10,0700,BUS-LOGISTICIANS,65,1.0,"Architects, Engineers, Math, and Computer Science","Architects, Engineers, Math, and Computer Science",1.0,False
10,0710,BUS-MANAGEMENT ANALYSTS,26,1.0,Management Related,Management Related,1.0,False
10,0725,"BUS-MEETING, CONVENTION, AND EVENT PLANNERS",21,0.9408967611155753,"Executives, Administrative, and Managerial","Executives, Administrative, and Managerial",1.0,False
10,0726,BUS-FUNDRAISERS,13,1.0,"Executives, Administrative, and Managerial","Executives, Administrative, and Managerial",1.0,False
10,0735,BUS-MARKET RESEARCH ANALYSTS AND MARKETING SPECIALISTS,13,1.0,"Executives, Administrative, and Managerial","Executives, Administrative, and Managerial",1.0,False
10,0740,"BUS-BUSINESS OPERATIONS SPECIALISTS, ALL OTHER",22,1.0,"Executives, Administrative, and Managerial","Executives, Administrative, and Managerial",1.0,False
10,0800,FIN-ACCOUNTANTS AND AUDITORS,23,1.0,Management Related,Management Related,1.0,False
10,0810,FIN-APPRAISERS AND ASSESSORS OF REAL ESTATE,254,1.0,"Sales, All","Sales, All",1.0,False
10,0820,FIN-BUDGET ANALYSTS,25,1.0,Management Related,Management Related,1.0,False
10,0830,FIN-CREDIT ANALYSTS,25,1.0,Management Related,Management Related,1.0,False
10,0840,FIN-FINANCIAL ANALYSTS,25,1.0,Management Related,Management Related,1.0,False
10,0850,FIN-PERSONAL FINANCIAL ADVISORS,25,1.0,Management Related,Management Related,1.0,False
10,0860,FIN-INSURANCE UNDERWRITERS,24,1.0,Management Related,Management Related,1.0,False
10,0900,FIN-FINANCIAL EXAMINERS,36,1.0,Management Related,Management Related,1.0,False
10,0910,FIN-CREDIT COUNSELORS AND LOAN OFFICERS,25,1.0,Management Related,Management Related,1.0,False
10,0930,"FIN-TAX EXAMINERS AND COLLECTORS, AND REVENUE AGENTS",23,1.0,Management Related,Management Related,1.0,False
10,0940,FIN-TAX PREPARERS,25,1.0,Management Related,Management Related,1.0,False
10,0950,"FIN-FINANCIAL SPECIALISTS, ALL OTHER",25,1.0,Management Related,Management Related,1.0,False
10,1005,CMM-COMPUTER AND INFORMATION RESEARCH SCIENTISTS,64,1.0,"Architects, Engineers, Math, and Computer Science","Architects, Engineers, Math, and Computer Science",1.0,False
10,1006,CMM-COMPUTER SYSTEMS ANALYSTS,64,1.0,"Architects, Engineers, Math, and Computer Science","Architects, Engineers, Math, and Computer Science",1.0,False
10,1007,CMM-INFORMATION SECURITY ANALYSTS,64,1.0,"Architects, Engineers, Math, and Computer Science","Architects, Engineers, Math, and Computer Science",1.0,False
10,1010,CMM-COMPUTER PROGRAMMERS,229,1.0,Health and Science Technicians,Health and Science Technicians,1.0,False
10,1020,"CMM-SOFTWARE DEVELOPERS, APPLICATIONS AND SYSTEMS SOFTWARE",229,1.0,Health and Science Technicians,Health and Science Technicians,1.0,False
10,1030,CMM-WEB DEVELOPERS,64,1.0,"Architects, Engineers, Math, and Computer Science","Architects, Engineers, Math, and Computer Science",1.0,False
10,1050,CMM-COMPUTER SUPPORT SPECIALISTS,64,1.0,"Architects, Engineers, Math, and Computer Science","Architects, Engineers, Math, and Computer Science",1.0,False
10,1060,CMM-DATABASE ADMINISTRATORS,64,1.0,"Architects, Engineers, Math, and Computer Science","Architects, Engineers, Math, and Computer Science",1.0,False
10,1105,CMM-NETWORK AND COMPUTER SYSTEMS ADMINISTRATORS,64,1.0,"Architects, Engineers, Math, and Computer Science","Architects, Engineers, Math, and Computer Science",1.0,False
10,1106,CMM-COMPUTER NETWORK ARCHITECTS,64,1.0,"Architects, Engineers, Math, and Computer Science","Architects, Engineers, Math, and Computer Science",1.0,False
10,1107,"CMM-COMPUTER OCCUPATIONS, ALL OTHER",64,1.0,"Architects, Engineers, Math, and Computer Science","Architects, Engineers, Math, and Computer Science",1.0,False
10,1200,CMM-ACTUARIES,66,1.0,"Architects, Engineers, Math, and Computer Science","Architects, Engineers, Math, and Computer Science",1.0,False
10,1220,CMM-OPERATIONS RESEARCH ANALYSTS,65,1.0,"Architects, Engineers, Math, and Computer Science","Architects, Engineers, Math, and Computer Science",1.0,False
10,1240,"CMM-MISCELLANEOUS MATHEMATICAL SCIENCE OCCUPATIONS, INCLUDING MATHEMATICIANS AND STATISTICIANS",68,1.0,"Architects, Engineers, Math, and Computer Science","Architects, Engineers, Math, and Computer Science",1.0,False
10,1300,"ENG-ARCHITECTS, EXCEPT NAVAL",43,1.0,"Architects, Engineers, Math, and Computer Science","Architects, Engineers, Math, and Computer Science",1.0,False
10,1310,"ENG-SURVEYORS, CARTOGRAPHERS, AND PHOTOGRAMMETRISTS",218,1.0,Health and Science Technicians,Health and Science Technicians,1.0,False
10,1320,ENG-AEROSPACE ENGINEERS,44,1.0,"Architects, Engineers, Math, and Computer Science","Architects, Engineers, Math, and Computer Science",1.0,False
10,1340,ENG-BIOMEDICAL AND AGRICULTURAL ENGINEERS,59,1.0,"Architects, Engineers, Math, and Computer Science","Architects, Engineers, Math, and Computer Science",1.0,False
10,1350,ENG-CHEMICAL ENGINEERS,48,1.0,"Architects, Engineers, Math, and Computer Science","Architects, Engineers, Math, and Computer Science",1.0,False
10,1360,ENG-CIVIL ENGINEERS,53,1.0,"Architects, Engineers, Math, and Computer Science","Architects, Engineers, Math, and Computer Science",1.0,False
10,1400,ENG-COMPUTER HARDWARE ENGINEERS,55,1.0,"Architects, Engineers, Math, and Computer Science","Architects, Engineers, Math, and Computer Science",1.0,False
10,1410,ENG-ELECTRICAL AND ELECTRONICS ENGINEERS,55,1.0,"Architects, Engineers, Math, and Computer Science","Architects, Engineers, Math, and Computer Science",1.0,False
10,1420,ENG-ENVIRONMENTAL ENGINEERS,59,1.0,"Architects, Engineers, Math, and Computer Science","Architects, Engineers, Math, and Computer Science",1.0,False
10,1430,"ENG-INDUSTRIAL ENGINEERS, INCLUDING HEALTH AND SAFETY",56,1.0,"Architects, Engineers, Math, and Computer Science","Architects, Engineers, Math, and Computer Science",1.0,False
10,1440,ENG-MARINE ENGINEERS AND NAVAL ARCHITECTS,59,1.0,"Architects, Engineers, Math, and Computer Science","Architects, Engineers, Math, and Computer Science",1.0,False
10,1450,ENG-MATERIALS ENGINEERS,45,1.0,"Architects, Engineers, Math, and Computer Science","Architects, Engineers, Math, and Computer Science",1.0,False
10,1460,ENG-MECHANICAL ENGINEERS,57,1.0,"Architects, Engineers, Math, and Computer Science","Architects, Engineers, Math, and Computer Science",1.0,False
10,1520,"ENG-PETROLEUM, MINING AND GEOLOGICAL ENGINEERS, INCLUDING MINING SAFETY ENGINEERS",47,1.0,"Architects, Engineers, Math, and Computer Science","Architects, Engineers, Math, and Computer Science",1.0,False
10,1530,"ENG-MISCELLANEOUS ENGINEERS, INCLUDING NUCLEAR ENGINEERS",59,1.0,"Architects, Engineers, Math, and Computer Science","Architects, Engineers, Math, and Computer Science",1.0,False
10,1540,ENG-DRAFTERS,217,1.0,Health and Science Technicians,Health and Science Technicians,1.0,False
10,1550,"ENG-ENGINEERING TECHNICIANS, EXCEPT DRAFTERS",214,1.0,Health and Science Technicians,Health and Science Technicians,1.0,False
10,1560,ENG-SURVEYING AND MAPPING TECHNICIANS,218,1.0,Health and Science Technicians,Health and Science Technicians,1.0,False
10,1600,SCI-AGRICULTURAL AND FOOD SCIENTISTS,77,1.0,"Natural and Social Scientists, Recreation, Religious, Arts, Athletes","Natural and Social Scientists, Recreation, Religious, Arts, Athletes",1.0,False
10,1610,SCI-BIOLOGICAL SCIENTISTS,78,1.0,"Natural and Social Scientists, Recreation, Religious, Arts, Athletes","Natural and Social Scientists, Recreation, Religious, Arts, Athletes",1.0,False
10,1640,SCI-CONSERVATION SCIENTISTS AND FORESTERS,79,1.0,"Natural and Social Scientists, Recreation, Religious, Arts, Athletes","Natural and Social Scientists, Recreation, Religious, Arts, Athletes",1.0,False
10,1650,"SCI-MEDICAL SCIENTISTS, AND LIFE SCIENTISTS, ALL OTHER",83,1.0,"Natural and Social Scientists, Recreation, Religious, Arts, Athletes","Natural and Social Scientists, Recreation, Religious, Arts, Athletes",1.0,False
10,1700,SCI-ASTRONOMERS AND PHYSICISTS,69,1.0,"Natural and Social Scientists, Recreation, Religious, Arts, Athletes","Natural and Social Scientists, Recreation, Religious, Arts, Athletes",1.0,False
10,1710,SCI-ATMOSPHERIC AND SPACE SCIENTISTS,74,1.0,"Natural and Social Scientists, Recreation, Religious, Arts, Athletes","Natural and Social Scientists, Recreation, Religious, Arts, Athletes",1.0,False
10,1720,SCI-CHEMISTS AND MATERIALS SCIENTISTS,73,1.0,"Natural and Social Scientists, Recreation, Religious, Arts, Athletes","Natural and Social Scientists, Recreation, Religious, Arts, Athletes",1.0,False
10,1740,SCI-ENVIRONMENTAL SCIENTISTS AND GEOSCIENTISTS,75,1.0,"Natural and Social Scientists, Recreation, Religious, Arts, Athletes","Natural and Social Scientists, Recreation, Religious, Arts, Athletes",1.0,False
10,1760,"SCI-PHYSICAL SCIENTISTS, ALL OTHER",76,1.0,"Natural and Social Scientists, Recreation, Religious, Arts, Athletes","Natural and Social Scientists, Recreation, Religious, Arts, Athletes",1.0,False
10,1800,SCI-ECONOMISTS,166,1.0,"Natural and Social Scientists, Recreation, Religious, Arts, Athletes","Natural and Social Scientists, Recreation, Religious, Arts, Athletes",1.0,False
10,1820,SCI-PSYCHOLOGISTS,167,1.0,"Natural and Social Scientists, Recreation, Religious, Arts, Athletes","Natural and Social Scientists, Recreation, Religious, Arts, Athletes",1.0,False
10,1840,SCI-URBAN AND REGIONAL PLANNERS,173,1.0,"Natural and Social Scientists, Recreation, Religious, Arts, Athletes","Natural and Social Scientists, Recreation, Religious, Arts, Athletes",1.0,False
10,1860,"SCI-MISCELLANEOUS SOCIAL SCIENTISTS, INCLUDING SURVEY RESEARCHERS AND SOCIOLOGISTS",169,0.931390638474766,"Natural and Social Scientists, Recreation, Religious, Arts, Athletes","Natural and Social Scientists, Recreation, Religious, Arts, Athletes",1.0,False
10,1900,SCI-AGRICULTURAL AND FOOD SCIENCE TECHNICIANS,223,1.0,Health and Science Technicians,Health and Science Technicians,1.0,False
10,1910,SCI-BIOLOGICAL TECHNICIANS,223,1.0,Health and Science Technicians,Health and Science Technicians,1.0,False
10,1920,SCI-CHEMICAL TECHNICIANS,224,1.0,Health and Science Technicians,Health and Science Technicians,1.0,False
10,1930,"SCI-GEOLOGICAL AND PETROLEUM TECHNICIANS, AND NUCLEAR TECHNICIANS",225,0.7191169052440701,Health and Science Technicians,Health and Science Technicians,1.0,False
10,1965,"SCI-MISCELLANEOUS LIFE, PHYSICAL, AND SOCIAL SCIENCE TECHNICIANS, INCLUDING SOCIAL SCIENCE RESEARCH ASSISTANTS",214,1.0,Health and Science Technicians,Health and Science Technicians,1.0,False
10,2000,CMS-COUNSELORS,163,1.0,"Teachers, Non-Postsecondary and Librarians","Teachers, Non-Postsecondary and Librarians",1.0,False
10,2010,CMS-SOCIAL WORKERS,174,1.0,"Natural and Social Scientists, Recreation, Religious, Arts, Athletes","Natural and Social Scientists, Recreation, Religious, Arts, Athletes",1.0,False
10,2015,CMS-PROBATION OFFICERS AND CORRECTIONAL TREATMENT SPECIALISTS,174,1.0,"Natural and Social Scientists, Recreation, Religious, Arts, Athletes","Natural and Social Scientists, Recreation, Religious, Arts, Athletes",1.0,False
10,2016,CMS-SOCIAL AND HUMAN SERVICE ASSISTANTS,174,1.0,"Natural and Social Scientists, Recreation, Religious, Arts, Athletes","Natural and Social Scientists, Recreation, Religious, Arts, Athletes",1.0,False
10,2025,"CMS-MISCELLANEOUS COMMUNITY AND SOCIAL SERVICE SPECIALISTS, INCLUDING HEALTH EDUCATORS AND COMMUNITY HEALTH WORKERS",465,1.0,"Food, Cleaning, and Personal Services and Private Household","Food, Cleaning, and Personal Services and Private Household",1.0,False
10,2040,CMS-CLERGY,176,1.0,"Natural and Social Scientists, Recreation, Religious, Arts, Athletes","Natural and Social Scientists, Recreation, Religious, Arts, Athletes",1.0,False
10,2050,"CMS-DIRECTORS, RELIGIOUS ACTIVITIES AND EDUCATION",176,1.0,"Natural and Social Scientists, Recreation, Religious, Arts, Athletes","Natural and Social Scientists, Recreation, Religious, Arts, Athletes",1.0,False
10,2060,"CMS-RELIGIOUS WORKERS, ALL OTHER",176,1.0,"Natural and Social Scientists, Recreation, Religious, Arts, Athletes","Natural and Social Scientists, Recreation, Religious, Arts, Athletes",1.0,False
10,2100,"LGL-LAWYERS, AND JUDGES, MAGISTRATES, AND OTHER JUDICIAL WORKERS",178,1.0,Doctors and Lawyers,Doctors and Lawyers,1.0,False
10,2105,LGL-JUDICIAL LAW CLERKS,178,0.8698700330755956,Doctors and Lawyers,Doctors and Lawyers,0.8698700330755956,False
10,2145,LGL-PARALEGALS AND LEGAL ASSISTANTS,234,1.0,Health and Science Technicians,Health and Science Technicians,1.0,False
10,2160,LGL-MISCELLANEOUS LEGAL SUPPORT WORKERS,234,1.0,Health and Science Technicians,Health and Science Technicians,1.0,False
10,2200,EDU-POSTSECONDARY TEACHERS,154,1.0,"Teachers, Postsecondary","Teachers, Postsecondary",1.0,False
10,2300,EDU-PRESCHOOL AND KINDERGARTEN TEACHERS,155,1.0,Kindergarten - Secondary Teachers,Kindergarten - Secondary Teachers,1.0,False
10,2310,EDU-ELEMENTARY AND MIDDLE SCHOOL TEACHERS,156,1.0,Kindergarten - Secondary Teachers,Kindergarten - Secondary Teachers,1.0,False
10,2320,EDU-SECONDARY SCHOOL TEACHERS,157,1.0,Kindergarten - Secondary Teachers,Kindergarten - Secondary Teachers,1.0,False
10,2330,EDU-SPECIAL EDUCATION TEACHERS,158,1.0,Kindergarten - Secondary Teachers,Kindergarten - Secondary Teachers,1.0,False
10,2340,EDU-OTHER TEACHERS AND INSTRUCTORS,159,1.0,Kindergarten - Secondary Teachers,Kindergarten - Secondary Teachers,1.0,False
10,2400,"EDU-ARCHIVISTS, CURATORS, AND MUSEUM TECHNICIANS",165,1.0,"Teachers, Non-Postsecondary and Librarians","Teachers, Non-Postsecondary and Librarians",1.0,False
10,2430,EDU-LIBRARIANS,164,1.0,"Teachers, Non-Postsecondary and Librarians","Teachers, Non-Postsecondary and Librarians",1.0,False
10,2440,EDU-LIBRARY TECHNICIANS,329,1.0,"Administrative Support, Clerks, Record","Administrative Support, Clerks, Record",1.0,False
10,2540,EDU-TEACHER ASSISTANTS,159,1.0,"Teachers, Non-Postsecondary and Librarians","Teachers, Non-Postsecondary and Librarians",1.0,False
10,2550,"EDU-OTHER EDUCATION, TRAINING, AND LIBRARY WORKERS",159,1.0,"Teachers, Non-Postsecondary and Librarians","Teachers, Non-Postsecondary and Librarians",1.0,False
10,2600,ENT-ARTISTS AND RELATED WORKERS,188,1.0,"Natural and Social Scientists, Recreation, Religious, Arts, Athletes","Natural and Social Scientists, Recreation, Religious, Arts, Athletes",1.0,False
10,2630,ENT-DESIGNERS,185,1.0,"Natural and Social Scientists, Recreation, Religious, Arts, Athletes","Natural and Social Scientists, Recreation, Religious, Arts, Athletes",1.0,False
10,2700,ENT-ACTORS,187,1.0,"Natural and Social Scientists, Recreation, Religious, Arts, Athletes","Natural and Social Scientists, Recreation, Religious, Arts, Athletes",1.0,False
10,2710,ENT-PRODUCERS AND DIRECTORS,187,1.0,"Natural and Social Scientists, Recreation, Religious, Arts, Athletes","Natural and Social Scientists, Recreation, Religious, Arts, Athletes",1.0,False
10,2720,"ENT-ATHLETES, COACHES, UMPIRES, AND RELATED WORKERS",199,1.0,"Natural and Social Scientists, Recreation, Religious, Arts, Athletes","Natural and Social Scientists, Recreation, Religious, Arts, Athletes",1.0,False
10,2740,ENT-DANCERS AND CHOREOGRAPHERS,193,1.0,"Natural and Social Scientists, Recreation, Religious, Arts, Athletes","Natural and Social Scientists, Recreation, Religious, Arts, Athletes",1.0,False
10,2750,"ENT-MUSICIANS, SINGERS, AND RELATED WORKERS",186,1.0,"Natural and Social Scientists, Recreation, Religious, Arts, Athletes","Natural and Social Scientists, Recreation, Religious, Arts, Athletes",1.0,False
10,2760,"ENT-ENTERTAINERS AND PERFORMERS, SPORTS AND RELATED WORKERS, ALL OTHER",194,1.0,"Natural and Social Scientists, Recreation, Religious, Arts, Athletes","Natural and Social Scientists, Recreation, Religious, Arts, Athletes",1.0,False
10,2800,ENT-ANNOUNCERS,198,1.0,"Natural and Social Scientists, Recreation, Religious, Arts, Athletes","Natural and Social Scientists, Recreation, Religious, Arts, Athletes",1.0,False
10,2810,"ENT-NEWS ANALYSTS, REPORTERS AND CORRESPONDENTS",195,1.0,"Natural and Social Scientists, Recreation, Religious, Arts, Athletes","Natural and Social Scientists, Recreation, Religious, Arts, Athletes",1.0,False
10,2825,ENT-PUBLIC RELATIONS SPECIALISTS,13,1.0,"Executives, Administrative, and Managerial","Executives, Administrative, and Managerial",1.0,False
10,2830,ENT-EDITORS,195,1.0,"Natural and Social Scientists, Recreation, Religious, Arts, Athletes","Natural and Social Scientists, Recreation, Religious, Arts, Athletes",1.0,False
10,2840,ENT-TECHNICAL WRITERS,184,1.0,"Natural and Social Scientists, Recreation, Religious, Arts, Athletes","Natural and Social Scientists, Recreation, Religious, Arts, Athletes",1.0,False
10,2850,ENT-WRITERS AND AUTHORS,183,1.0,"Natural and Social Scientists, Recreation, Religious, Arts, Athletes","Natural and Social Scientists, Recreation, Religious, Arts, Athletes",1.0,False
10,2860,ENT-MISCELLANEOUS MEDIA AND COMMUNICATION WORKERS,194,1.0,"Natural and Social Scientists, Recreation, Religious, Arts, Athletes","Natural and Social Scientists, Recreation, Religious, Arts, Athletes",1.0,False
10,2900,"ENT-BROADCAST AND SOUND ENGINEERING TECHNICIANS AND RADIO OPERATORS, AND MEDIA AND COMMUNICATION EQUIPMENT WORKERS, ALL OTHER",228,1.0,Health and Science Technicians,Health and Science Technicians,1.0,False
10,2910,ENT-PHOTOGRAPHERS,189,1.0,"Natural and Social Scientists, Recreation, Religious, Arts, Athletes","Natural and Social Scientists, Recreation, Religious, Arts, Athletes",1.0,False
10,2920,"ENT-TELEVISION, VIDEO, AND MOTION PICTURE CAMERA OPERATORS AND EDITORS",195,1.0,"Natural and Social Scientists, Recreation, Religious, Arts, Athletes","Natural and Social Scientists, Recreation, Religious, Arts, Athletes",1.0,False
10,3000,MED-CHIROPRACTORS,89,1.0,Doctors and Lawyers,Doctors and Lawyers,1.0,False
10,3010,MED-DENTISTS,85,1.0,Doctors and Lawyers,Doctors and Lawyers,1.0,False
10,3030,MED-DIETITIANS AND NUTRITIONISTS,97,1.0,"Nurses, Therapists, and Other Health Service","Nurses, Therapists, and Other Health Service",1.0,False
10,3040,MED-OPTOMETRISTS,87,1.0,Doctors and Lawyers,Doctors and Lawyers,1.0,False
10,3050,MED-PHARMACISTS,96,1.0,"Nurses, Therapists, and Other Health Service","Nurses, Therapists, and Other Health Service",1.0,False
10,3060,MED-PHYSICIANS AND SURGEONS,84,1.0,Doctors and Lawyers,Doctors and Lawyers,1.0,False
10,3110,MED-PHYSICIAN ASSISTANTS,106,1.0,"Nurses, Therapists, and Other Health Service","Nurses, Therapists, and Other Health Service",1.0,False
10,3120,MED-PODIATRISTS,88,1.0,Doctors and Lawyers,Doctors and Lawyers,1.0,False
10,3140,MED-AUDIOLOGISTS,104,1.0,"Nurses, Therapists, and Other Health Service","Nurses, Therapists, and Other Health Service",1.0,False
10,3150,MED-OCCUPATIONAL THERAPISTS,99,1.0,"Nurses, Therapists, and Other Health Service","Nurses, Therapists, and Other Health Service",1.0,False
10,3160,MED-PHYSICAL THERAPISTS,103,1.0,"Nurses, Therapists, and Other Health Service","Nurses, Therapists, and Other Health Service",1.0,False
10,3200,MED-RADIATION THERAPISTS,105,1.0,"Nurses, Therapists, and Other Health Service","Nurses, Therapists, and Other Health Service",1.0,False
10,3210,MED-RECREATIONAL THERAPISTS,105,1.0,"Nurses, Therapists, and Other Health Service","Nurses, Therapists, and Other Health Service",1.0,False
10,3220,MED-RESPIRATORY THERAPISTS,98,1.0,"Nurses, Therapists, and Other Health Service","Nurses, Therapists, and Other Health Service",1.0,False
10,3230,MED-Speech Language Pathologists,104,1.0,"Nurses, Therapists, and Other Health Service","Nurses, Therapists, and Other Health Service",1.0,False
10,3245,"MED-OTHER THERAPISTS, INCLUDING EXERCISE PHYSIOLOGISTS",105,1.0,"Nurses, Therapists, and Other Health Service","Nurses, Therapists, and Other Health Service",1.0,False
10,3250,MED-VETERINARIANS,86,1.0,Doctors and Lawyers,Doctors and Lawyers,1.0,False
10,3255,MED-REGISTERED NURSES,95,1.0,"Nurses, Therapists, and Other Health Service","Nurses, Therapists, and Other Health Service",1.0,False
10,3256,MED-NURSE ANESTHETISTS,95,1.0,"Nurses, Therapists, and Other Health Service","Nurses, Therapists, and Other Health Service",1.0,False
10,3258,"MED-NURSE PRACTITIONERS, AND NURSE MIDWIVES",95,1.0,"Nurses, Therapists, and Other Health Service","Nurses, Therapists, and Other Health Service",1.0,False
10,3260,"MED-HEALTH DIAGNOSING AND TREATING PRACTITIONERS, ALL OTHER",89,1.0,Doctors and Lawyers,Doctors and Lawyers,1.0,False
10,3300,MED-CLINICAL LABORATORY TECHNOLOGISTS AND TECHNICIANS,203,1.0,Health and Science Technicians,Health and Science Technicians,1.0,False
10,3310,MED-DENTAL HYGIENISTS,204,1.0,Health and Science Technicians,Health and Science Technicians,1.0,False
10,3320,MED-DIAGNOSTIC RELATED TECHNOLOGISTS AND TECHNICIANS,206,1.0,Health and Science Technicians,Health and Science Technicians,1.0,False
10,3400,MED-EMERGENCY MEDICAL TECHNICIANS AND PARAMEDICS,208,1.0,Health and Science Technicians,Health and Science Technicians,1.0,False
10,3420,MED-HEALTH PRACTITIONER SUPPORT TECHNOLOGISTS AND TECHNICIANS,446,0.9840917023057311,"Nurses, Therapists, and Other Health Service","Nurses, Therapists, and Other Health Service",0.9840917023057311,False
10,3500,MED-LICENSED PRACTICAL AND LICENSED VOCATIONAL NURSES,207,1.0,Health and Science Technicians,Health and Science Technicians,1.0,False
10,3510,MED-MEDICAL RECORDS AND HEALTH INFORMATION TECHNICIANS,205,1.0,Health and Science Technicians,Health and Science Technicians,1.0,False
10,3520,"MED-OPTICIANS, DISPENSING",677,1.0,Precision Manufacturing,Precision Manufacturing,1.0,False
10,3535,MED-MISCELLANEOUS HEALTH TECHNOLOGISTS AND TECHNICIANS,208,1.0,Health and Science Technicians,Health and Science Technicians,1.0,False
10,3540,MED-OTHER HEALTHCARE PRACTITIONERS AND TECHNICAL OCCUPATIONS,208,1.0,Health and Science Technicians,Health and Science Technicians,1.0,False
10,3600,"HLS-NURSING, PSYCHIATRIC, AND HOME HEALTH AIDES",447,1.0,"Nurses, Therapists, and Other Health Service","Nurses, Therapists, and Other Health Service",1.0,False
10,3610,HLS-OCCUPATIONAL THERAPY ASSISTANTS AND AIDES,99,1.0,"Nurses, Therapists, and Other Health Service","Nurses, Therapists, and Other Health Service",1.0,False
10,3620,HLS-PHYSICAL THERAPIST ASSISTANTS AND AIDES,103,1.0,"Nurses, Therapists, and Other Health Service","Nurses, Therapists, and Other Health Service",1.0,False
10,3630,HLS-MASSAGE THERAPISTS,469,1.0,"Food, Cleaning, and Personal Services and Private Household","Food, Cleaning, and Personal Services and Private Household",1.0,False
10,3640,HLS-DENTAL ASSISTANTS,445,1.0,"Nurses, Therapists, and Other Health Service","Nurses, Therapists, and Other Health Service",1.0,False
10,3645,HLS-MEDICAL ASSISTANTS,446,1.0,"Nurses, Therapists, and Other Health Service","Nurses, Therapists, and Other Health Service",1.0,False
10,3646,HLS-MEDICAL TRANSCRIPTIONISTS,446,1.0,"Nurses, Therapists, and Other Health Service","Nurses, Therapists, and Other Health Service",1.0,False
10,3647,HLS-PHARMACY AIDES,446,1.0,"Nurses, Therapists, and Other Health Service","Nurses, Therapists, and Other Health Service",1.0,False
10,3648,HLS-VETERINARY ASSISTANTS AND LABORATORY ANIMAL CARETAKERS,446,1.0,"Nurses, Therapists, and Other Health Service","Nurses, Therapists, and Other Health Service",1.0,False
10,3649,HLS-PHLEBOTOMISTS,446,1.0,"Nurses, Therapists, and Other Health Service","Nurses, Therapists, and Other Health Service",1.0,False
10,3655,"HLS-HEALTHCARE SUPPORT WORKERS, ALL OTHER, INCLUDING MEDICAL EQUIPMENT PREPARERS",446,1.0,"Nurses, Therapists, and Other Health Service","Nurses, Therapists, and Other Health Service",1.0,False
10,3700,PRT-FIRST-LINE SUPERVISORS OF CORRECTIONAL OFFICERS,423,1.0,"Fire, Police, and Guards","Fire, Police, and Guards",1.0,False
10,3710,PRT-FIRST-LINE SUPERVISORS OF POLICE AND DETECTIVES,418,1.0,"Fire, Police, and Guards","Fire, Police, and Guards",1.0,False
10,3720,PRT-FIRST-LINE SUPERVISORS OF FIRE FIGHTING AND PREVENTION WORKERS,417,1.0,"Fire, Police, and Guards","Fire, Police, and Guards",1.0,False
10,3730,"PRT-FIRST-LINE SUPERVISORS OF PROTECTIVE SERVICE WORKERS, ALL OTHER",415,1.0,"Fire, Police, and Guards","Fire, Police, and Guards",1.0,False
10,3740,PRT-FIREFIGHTERS,417,1.0,"Fire, Police, and Guards","Fire, Police, and Guards",1.0,False
10,3750,PRT-FIRE INSPECTORS,417,1.0,"Fire, Police, and Guards","Fire, Police, and Guards",1.0,False
10,3800,"PRT-BAILIFFS, CORRECTIONAL OFFICERS, AND JAILERS",423,1.0,"Fire, Police, and Guards","Fire, Police, and Guards",1.0,False
10,3820,PRT-DETECTIVES AND CRIMINAL INVESTIGATORS,418,1.0,"Fire, Police, and Guards","Fire, Police, and Guards",1.0,False
10,3840,PRT-MISCELLANEOUS LAW ENFORCEMENT WORKERS,423,1.0,"Fire, Police, and Guards","Fire, Police, and Guards",1.0,False
10,3850,PRT-POLICE OFFICERS,418,1.0,"Fire, Police, and Guards","Fire, Police, and Guards",1.0,False
10,3900,PRT-ANIMAL CONTROL WORKERS,427,1.0,"Fire, Police, and Guards","Fire, Police, and Guards",1.0,False
10,3910,PRT-PRIVATE DETECTIVES AND INVESTIGATORS,418,1.0,"Fire, Police, and Guards","Fire, Police, and Guards",1.0,False
10,3930,PRT-SECURITY GUARDS AND GAMING SURVEILLANCE OFFICERS,426,1.0,"Fire, Police, and Guards","Fire, Police, and Guards",1.0,False
10,3940,PRT-CROSSING GUARDS,425,1.0,"Fire, Police, and Guards","Fire, Police, and Guards",1.0,False
10,3945,PRT-TRANSPORTATION SECURITY SCREENERS,426,0.9919408455013741,"Fire, Police, and Guards","Fire, Police, and Guards",0.9989069148068314,False
10,3955,"PRT-LIFEGUARDS AND OTHER RECREATIONAL, AND ALL OTHER PROTECTIVE SERVICE WORKERS",427,1.0,"Fire, Police, and Guards","Fire, Police, and Guards",1.0,False
10,4000,EAT-CHEFS AND HEAD COOKS,436,1.0,"Food, Cleaning, and Personal Services and Private Household","Food, Cleaning, and Personal Services and Private Household",1.0,False
10,4010,EAT-FIRST-LINE SUPERVISORS OF FOOD PREPARATION AND SERVING WORKERS,436,1.0,"Food, Cleaning, and Personal Services and Private Household","Food, Cleaning, and Personal Services and Private Household",1.0,False
10,4020,EAT-COOKS,436,1.0,"Food, Cleaning, and Personal Services and Private Household","Food, Cleaning, and Personal Services and Private Household",1.0,False
10,4030,EAT-FOOD PREPARATION WORKERS,444,1.0,"Food, Cleaning, and Personal Services and Private Household","Food, Cleaning, and Personal Services and Private Household",1.0,False
10,4040,EAT-BARTENDERS,434,1.0,"Food, Cleaning, and Personal Services and Private Household","Food, Cleaning, and Personal Services and Private Household",1.0,False
10,4050,"EAT-COMBINED FOOD PREPARATION AND SERVING WORKERS, INCLUDING FAST FOOD",439,1.0,"Food, Cleaning, and Personal Services and Private Household","Food, Cleaning, and Personal Services and Private Household",1.0,False
10,4060,"EAT-COUNTER ATTENDANTS, CAFETERIA, FOOD CONCESSION, AND COFFEE SHOP",443,1.0,"Food, Cleaning, and Personal Services and Private Household","Food, Cleaning, and Personal Services and Private Household",1.0,False
10,4110,EAT-WAITERS AND WAITRESSES,435,1.0,"Food, Cleaning, and Personal Services and Private Household","Food, Cleaning, and Personal Services and Private Household",1.0,False
10,4120,"EAT-FOOD SERVERS, NONRESTAURANT",443,1.0,"Food, Cleaning, and Personal Services and Private Household","Food, Cleaning, and Personal Services and Private Household",1.0,False
10,4130,"EAT-MISCELLANEOUS FOOD PREPARATION AND SERVING RELATED WORKERS, INCLUDING DINING ROOM AND CAFETERIA ATTENDANTS AND BARTE",443,1.0,"Food, Cleaning, and Personal Services and Private Household","Food, Cleaning, and Personal Services and Private Household",1.0,False
10,4140,EAT-DISHWASHERS,444,1.0,"Food, Cleaning, and Personal Services and Private Household","Food, Cleaning, and Personal Services and Private Household",1.0,False
10,4150,"EAT-HOSTS AND HOSTESSES, RESTAURANT, LOUNGE, AND COFFEE SHOP",469,1.0,"Food, Cleaning, and Personal Services and Private Household","Food, Cleaning, and Personal Services and Private Household",1.0,False
10,4200,CLN-FIRST-LINE SUPERVISORS OF HOUSEKEEPING AND JANITORIAL WORKERS,448,1.0,"Food, Cleaning, and Personal Services and Private Household","Food, Cleaning, and Personal Services and Private Household",1.0,False
10,4210,"CLN-FIRST-LINE SUPERVISORS OF LANDSCAPING, LAWN SERVICE, AND GROUNDSKEEPING WORKERS",485,1.0,"Farm, Related Agrigulture, Logging, and Extraction","Farm, Related Agrigulture, Logging, and Extraction",1.0,False
10,4220,CLN-JANITORS AND BUILDING CLEANERS,453,1.0,"Food, Cleaning, and Personal Services and Private Household","Food, Cleaning, and Personal Services and Private Household",1.0,False
10,4230,CLN-MAIDS AND HOUSEKEEPING CLEANERS,405,1.0,"Food, Cleaning, and Personal Services and Private Household","Food, Cleaning, and Personal Services and Private Household",1.0,False
10,4240,CLN-PEST CONTROL WORKERS,455,1.0,"Food, Cleaning, and Personal Services and Private Household","Food, Cleaning, and Personal Services and Private Household",1.0,False
10,4250,CLN-GROUNDS MAINTENANCE WORKERS,486,1.0,"Farm, Related Agrigulture, Logging, and Extraction","Farm, Related Agrigulture, Logging, and Extraction",1.0,False
10,4300,PRS-FIRST-LINE SUPERVISORS OF GAMING WORKERS,22,1.0,"Executives, Administrative, and Managerial","Executives, Administrative, and Managerial",1.0,False
10,4320,PRS-FIRST-LINE SUPERVISORS OF PERSONAL SERVICE WORKERS,456,1.0,"Food, Cleaning, and Personal Services and Private Household","Food, Cleaning, and Personal Services and Private Household",1.0,False
10,4340,PRS-ANIMAL TRAINERS,479,1.0,"Farm, Related Agrigulture, Logging, and Extraction","Farm, Related Agrigulture, Logging, and Extraction",1.0,False
10,4350,PRS-NONFARM ANIMAL CARETAKERS,487,1.0,"Farm, Related Agrigulture, Logging, and Extraction","Farm, Related Agrigulture, Logging, and Extraction",1.0,False
10,4400,PRS-GAMING SERVICES WORKERS,459,1.0,"Food, Cleaning, and Personal Services and Private Household","Food, Cleaning, and Personal Services and Private Household",1.0,False
10,4410,PRS-MOTION PICTURE PROJECTIONISTS,462,1.0,"Food, Cleaning, and Personal Services and Private Household","Food, Cleaning, and Personal Services and Private Household",1.0,False
10,4420,"PRS-USHERS, LOBBY ATTENDANTS, AND TICKET TAKERS",462,1.0,"Food, Cleaning, and Personal Services and Private Household","Food, Cleaning, and Personal Services and Private Household",1.0,False
10,4430,PRS-MISCELLANEOUS ENTERTAINMENT ATTENDANTS AND RELATED WORKERS,459,1.0,"Food, Cleaning, and Personal Services and Private Household","Food, Cleaning, and Personal Services and Private Household",1.0,False
10,4460,PRS-EMBALMERS AND FUNERAL ATTENDANTS,469,1.0,"Food, Cleaning, and Personal Services and Private Household","Food, Cleaning, and Personal Services and Private Household",1.0,False
10,4465,"PRS-MORTICIANS, UNDERTAKERS, AND FUNERAL DIRECTORS",469,1.0,"Food, Cleaning, and Personal Services and Private Household","Food, Cleaning, and Personal Services and Private Household",1.0,False
10,4500,PRS-BARBERS,457,1.0,"Food, Cleaning, and Personal Services and Private Household","Food, Cleaning, and Personal Services and Private Household",1.0,False
10,4510,"PRS-HAIRDRESSERS, HAIRSTYLISTS, AND COSMETOLOGISTS",458,1.0,"Food, Cleaning, and Personal Services and Private Household","Food, Cleaning, and Personal Services and Private Household",1.0,False
10,4520,PRS-MISCELLANEOUS PERSONAL APPEARANCE WORKERS,458,1.0,"Food, Cleaning, and Personal Services and Private Household","Food, Cleaning, and Personal Services and Private Household",1.0,False
10,4530,"PRS-BAGGAGE PORTERS, BELLHOPS, AND CONCIERGES",464,1.0,"Food, Cleaning, and Personal Services and Private Household","Food, Cleaning, and Personal Services and Private Household",1.0,False
10,4540,PRS-TOUR AND TRAVEL GUIDES,461,1.0,"Food, Cleaning, and Personal Services and Private Household","Food, Cleaning, and Personal Services and Private Household",1.0,False
10,4600,PRS-CHILDCARE WORKERS,468,1.0,"Food, Cleaning, and Personal Services and Private Household","Food, Cleaning, and Personal Services and Private Household",1.0,False
10,4610,PRS-PERSONAL CARE AIDES,447,1.0,"Nurses, Therapists, and Other Health Service","Nurses, Therapists, and Other Health Service",1.0,False
10,4620,PRS-RECREATION AND FITNESS WORKERS,175,1.0,"Natural and Social Scientists, Recreation, Religious, Arts, Athletes","Natural and Social Scientists, Recreation, Religious, Arts, Athletes",1.0,False
10,4640,PRS-RESIDENTIAL ADVISORS,468,1.0,"Food, Cleaning, and Personal Services and Private Household","Food, Cleaning, and Personal Services and Private Household",1.0,False
10,4650,"PRS-PERSONAL CARE AND SERVICE WORKERS, ALL OTHER",469,1.0,"Food, Cleaning, and Personal Services and Private Household","Food, Cleaning, and Personal Services and Private Household",1.0,False
10,4700,SAL-FIRST-LINE SUPERVISORS OF RETAIL SALES WORKERS,243,1.0,"Sales, All","Sales, All",1.0,False
10,4710,SAL-First-Line Supervisors Of Non-Retail Workers,243,1.0,"Sales, All","Sales, All",1.0,False
10,4720,SAL-CASHIERS,276,1.0,"Sales, All","Sales, All",1.0,False
10,4740,SAL-COUNTER AND RENTAL CLERKS,274,1.0,"Sales, All","Sales, All",1.0,False
10,4750,SAL-PARTS SALESPERSONS,274,1.0,"Sales, All","Sales, All",1.0,False
10,4760,SAL-RETAIL SALESPERSONS,275,1.0,"Sales, All","Sales, All",1.0,False
10,4800,SAL-ADVERTISING SALES AGENTS,256,1.0,"Sales, All","Sales, All",1.0,False
10,4810,SAL-INSURANCE SALES AGENTS,253,1.0,"Sales, All","Sales, All",1.0,False
10,4820,"SAL-SECURITIES, COMMODITIES, AND FINANCIAL SERVICES SALES AGENTS",255,1.0,"Sales, All","Sales, All",1.0,False
10,4830,SAL-TRAVEL AGENTS,318,1.0,"Administrative Support, Clerks, Record","Administrative Support, Clerks, Record",1.0,False
10,4840,"SAL-SALES REPRESENTATIVES, SERVICES, ALL OTHER",274,1.0,"Sales, All","Sales, All",1.0,False
10,4850,"SAL-SALES REPRESENTATIVES, WHOLESALE AND MANUFACTURING",274,1.0,"Sales, All","Sales, All",1.0,False
10,4900,"SAL-MODELS, DEMONSTRATORS, AND PRODUCT PROMOTERS",283,1.0,"Sales, All","Sales, All",1.0,False
10,4920,SAL-REAL ESTATE BROKERS AND SALES AGENTS,254,1.0,"Sales, All","Sales, All",1.0,False
10,4930,SAL-SALES ENGINEERS,258,1.0,"Sales, All","Sales, All",1.0,False
10,4940,SAL-TELEMARKETERS,274,1.0,"Sales, All","Sales, All",1.0,False
10,4950,"SAL-DOOR-TO-DOOR SALES WORKERS, NEWS AND STREET VENDORS, AND RELATED WORKERS",277,1.0,"Sales, All","Sales, All",1.0,False
10,4965,"SAL-SALES AND RELATED WORKERS, ALL OTHER",274,1.0,"Sales, All","Sales, All",1.0,False
10,5000,OFF-FIRST-LINE SUPERVISORS OF OFFICE AND ADMINISTRATIVE SUPPORT WORKERS,303,1.0,"Administrative Support, Clerks, Record","Administrative Support, Clerks, Record",1.0,False
10,5010,"OFF-SWITCHBOARD OPERATORS, INCLUDING ANSWERING SERVICE",348,1.0,"Administrative Support, Clerks, Record","Administrative Support, Clerks, Record",1.0,False
10,5020,OFF-TELEPHONE OPERATORS,348,1.0,"Administrative Support, Clerks, Record","Administrative Support, Clerks, Record",1.0,False
10,5030,"OFF-COMMUNICATIONS EQUIPMENT OPERATORS, ALL OTHER",349,1.0,"Administrative Support, Clerks, Record","Administrative Support, Clerks, Record",1.0,False
10,5100,OFF-BILL AND ACCOUNT COLLECTORS,378,1.0,"Administrative Support, Clerks, Record","Administrative Support, Clerks, Record",1.0,False
10,5110,OFF-BILLING AND POSTING CLERKS,344,1.0,"Administrative Support, Clerks, Record","Administrative Support, Clerks, Record",1.0,False
10,5120,"OFF-BOOKKEEPING, ACCOUNTING, AND AUDITING CLERKS",337,1.0,"Administrative Support, Clerks, Record","Administrative Support, Clerks, Record",1.0,False
10,5130,OFF-GAMING CAGE WORKERS,276,1.0,"Sales, All","Sales, All",1.0,False
10,5140,OFF-PAYROLL AND TIMEKEEPING CLERKS,338,1.0,"Administrative Support, Clerks, Record","Administrative Support, Clerks, Record",1.0,False
10,5150,OFF-PROCUREMENT CLERKS,365,1.0,"Administrative Support, Clerks, Record","Administrative Support, Clerks, Record",1.0,False
10,5160,OFF-TELLERS,383,1.0,"Administrative Support, Clerks, Record","Administrative Support, Clerks, Record",1.0,False
10,5165,"OFF-FINANCIAL CLERKS, ALL OTHER",389,1.0,"Administrative Support, Clerks, Record","Administrative Support, Clerks, Record",1.0,False
10,5200,OFF-BROKERAGE CLERKS,336,1.0,"Administrative Support, Clerks, Record","Administrative Support, Clerks, Record",1.0,False
10,5220,"OFF-COURT, MUNICIPAL, AND LICENSE CLERKS",389,1.0,"Administrative Support, Clerks, Record","Administrative Support, Clerks, Record",1.0,False
10,5230,"OFF-CREDIT AUTHORIZERS, CHECKERS, AND CLERKS",316,1.0,"Administrative Support, Clerks, Record","Administrative Support, Clerks, Record",1.0,False
10,5240,OFF-CUSTOMER SERVICE REPRESENTATIVES,376,1.0,"Administrative Support, Clerks, Record","Administrative Support, Clerks, Record",1.0,False
10,5250,"OFF-ELIGIBILITY INTERVIEWERS, GOVERNMENT PROGRAMS",377,1.0,"Administrative Support, Clerks, Record","Administrative Support, Clerks, Record",1.0,False
10,5260,OFF-FILE CLERKS,335,1.0,"Administrative Support, Clerks, Record","Administrative Support, Clerks, Record",1.0,False
10,5300,"OFF-HOTEL, MOTEL, AND RESORT DESK CLERKS",317,1.0,"Administrative Support, Clerks, Record","Administrative Support, Clerks, Record",1.0,False
10,5310,"OFF-INTERVIEWERS, EXCEPT ELIGIBILITY AND LOAN",316,1.0,"Administrative Support, Clerks, Record","Administrative Support, Clerks, Record",1.0,False
10,5320,"OFF-LIBRARY ASSISTANTS, CLERICAL",329,1.0,"Administrative Support, Clerks, Record","Administrative Support, Clerks, Record",1.0,False
10,5330,OFF-LOAN INTERVIEWERS AND CLERKS,376,1.0,"Administrative Support, Clerks, Record","Administrative Support, Clerks, Record",1.0,False
10,5340,OFF-NEW ACCOUNTS CLERKS,316,1.0,"Administrative Support, Clerks, Record","Administrative Support, Clerks, Record",1.0,False
10,5350,OFF-CORRESPONDENCE CLERKS AND ORDER CLERKS,326,1.0,"Administrative Support, Clerks, Record","Administrative Support, Clerks, Record",1.0,False
10,5360,"OFF-HUMAN RESOURCES ASSISTANTS, EXCEPT PAYROLL AND TIMEKEEPING",328,1.0,"Administrative Support, Clerks, Record","Administrative Support, Clerks, Record",1.0,False
10,5400,OFF-RECEPTIONISTS AND INFORMATION CLERKS,319,1.0,"Administrative Support, Clerks, Record","Administrative Support, Clerks, Record",1.0,False
10,5410,OFF-RESERVATION AND TRANSPORTATION TICKET AGENTS AND TRAVEL CLERKS,318,1.0,"Administrative Support, Clerks, Record","Administrative Support, Clerks, Record",1.0,False
10,5420,"OFF-INFORMATION AND RECORD CLERKS, ALL OTHER",336,1.0,"Administrative Support, Clerks, Record","Administrative Support, Clerks, Record",1.0,False
10,5500,OFF-CARGO AND FREIGHT AGENTS,364,1.0,"Administrative Support, Clerks, Record","Administrative Support, Clerks, Record",1.0,False
10,5510,OFF-COURIERS AND MESSENGERS,357,1.0,"Administrative Support, Clerks, Record","Administrative Support, Clerks, Record",1.0,False
10,5520,OFF-DISPATCHERS,359,1.0,"Administrative Support, Clerks, Record","Administrative Support, Clerks, Record",1.0,False
10,5530,"OFF-METER READERS, UTILITIES",366,1.0,"Administrative Support, Clerks, Record","Administrative Support, Clerks, Record",1.0,False
10,5540,OFF-POSTAL SERVICE CLERKS,354,1.0,"Administrative Support, Clerks, Record","Administrative Support, Clerks, Record",1.0,False
10,5550,OFF-POSTAL SERVICE MAIL CARRIERS,355,1.0,"Administrative Support, Clerks, Record","Administrative Support, Clerks, Record",1.0,False
10,5560,"OFF-POSTAL SERVICE MAIL SORTERS, PROCESSORS, AND PROCESSING MACHINE OPERATORS",354,1.0,"Administrative Support, Clerks, Record","Administrative Support, Clerks, Record",1.0,False
10,5600,"OFF-PRODUCTION, PLANNING, AND EXPEDITING CLERKS",373,1.0,"Administrative Support, Clerks, Record","Administrative Support, Clerks, Record",1.0,False
10,5610,"OFF-SHIPPING, RECEIVING, AND TRAFFIC CLERKS",364,1.0,"Administrative Support, Clerks, Record","Administrative Support, Clerks, Record",1.0,False
10,5620,OFF-STOCK CLERKS AND ORDER FILLERS,365,1.0,"Administrative Support, Clerks, Record","Administrative Support, Clerks, Record",1.0,False
10,5630,"OFF-WEIGHERS, MEASURERS, CHECKERS, AND SAMPLERS, RECORDKEEPING",368,1.0,"Administrative Support, Clerks, Record","Administrative Support, Clerks, Record",1.0,False
10,5700,OFF-SECRETARIES AND ADMINISTRATIVE ASSISTANTS,313,1.0,"Administrative Support, Clerks, Record","Administrative Support, Clerks, Record",1.0,False
10,5800,OFF-COMPUTER OPERATORS,308,1.0,"Administrative Support, Clerks, Record","Administrative Support, Clerks, Record",1.0,False
10,5810,OFF-DATA ENTRY KEYERS,385,1.0,"Administrative Support, Clerks, Record","Administrative Support, Clerks, Record",1.0,False
10,5820,OFF-WORD PROCESSORS AND TYPISTS,315,1.0,"Administrative Support, Clerks, Record","Administrative Support, Clerks, Record",1.0,False
10,5840,OFF-INSURANCE CLAIMS AND POLICY PROCESSING CLERKS,375,1.0,"Administrative Support, Clerks, Record","Administrative Support, Clerks, Record",1.0,False
10,5850,"OFF-MAIL CLERKS AND MAIL MACHINE OPERATORS, EXCEPT POSTAL SERVICE",356,1.0,"Administrative Support, Clerks, Record","Administrative Support, Clerks, Record",1.0,False
10,5860,"OFF-OFFICE CLERKS, GENERAL",379,1.0,"Administrative Support, Clerks, Record","Administrative Support, Clerks, Record",1.0,False
10,5900,"OFF-OFFICE MACHINE OPERATORS, EXCEPT COMPUTER",347,1.0,"Administrative Support, Clerks, Record","Administrative Support, Clerks, Record",1.0,False
10,5910,OFF-PROOFREADERS AND COPY MARKERS,384,1.0,"Administrative Support, Clerks, Record","Administrative Support, Clerks, Record",1.0,False
10,5920,OFF-STATISTICAL ASSISTANTS,386,1.0,"Administrative Support, Clerks, Record","Administrative Support, Clerks, Record",1.0,False
10,5940,"OFF-MISCELLANEOUS OFFICE AND ADMINISTRATIVE SUPPORT WORKERS, INCLUDING DESKTOP PUBLISHERS",389,1.0,"Administrative Support, Clerks, Record","Administrative Support, Clerks, Record",1.0,False
10,6005,"FFF-FIRST-LINE SUPERVISORS OF FARMING, FISHING, AND FORESTRY WORKERS",496,1.0,"Farm, Related Agrigulture, Logging, and Extraction","Farm, Related Agrigulture, Logging, and Extraction",1.0,False
10,6010,FFF-AGRICULTURAL INSPECTORS,489,1.0,"Farm, Related Agrigulture, Logging, and Extraction","Farm, Related Agrigulture, Logging, and Extraction",1.0,False
10,6040,"FFF-GRADERS AND SORTERS, AGRICULTURAL PRODUCTS",488,1.0,"Farm, Related Agrigulture, Logging, and Extraction","Farm, Related Agrigulture, Logging, and Extraction",1.0,False
10,6050,"FFF-MISCELLANEOUS AGRICULTURAL WORKERS, INCLUDING ANIMAL BREEDERS",479,1.0,"Farm, Related Agrigulture, Logging, and Extraction","Farm, Related Agrigulture, Logging, and Extraction",1.0,False
10,6100,FFF-FISHING AND HUNTING WORKERS,498,1.0,"Farm, Related Agrigulture, Logging, and Extraction","Farm, Related Agrigulture, Logging, and Extraction",1.0,False
10,6120,FFF-FOREST AND CONSERVATION WORKERS,496,1.0,"Farm, Related Agrigulture, Logging, and Extraction","Farm, Related Agrigulture, Logging, and Extraction",1.0,False
10,6130,FFF-LOGGING WORKERS,496,1.0,"Farm, Related Agrigulture, Logging, and Extraction","Farm, Related Agrigulture, Logging, and Extraction",1.0,False
10,6200,CON-FIRST-LINE SUPERVISORS OF CONSTRUCTION TRADES AND EXTRACTION WORKERS,558,1.0,Mechanics and Construction,Mechanics and Construction,1.0,False
10,6210,CON-BOILERMAKERS,643,1.0,Precision Manufacturing,Precision Manufacturing,1.0,False
10,6220,"CON-BRICKMASONS, BLOCKMASONS, AND STONEMASONS",563,1.0,Mechanics and Construction,Mechanics and Construction,1.0,False
10,6230,CON-CARPENTERS,567,1.0,Mechanics and Construction,Mechanics and Construction,1.0,False
10,6240,"CON-CARPET, FLOOR, AND TILE INSTALLERS AND FINISHERS",563,1.0,Mechanics and Construction,Mechanics and Construction,1.0,False
10,6250,"CON-CEMENT MASONS, CONCRETE FINISHERS, AND TERRAZZO WORKERS",588,1.0,Mechanics and Construction,Mechanics and Construction,1.0,False
10,6260,CON-CONSTRUCTION LABORERS,869,1.0,Mechanics and Construction,Mechanics and Construction,1.0,False
10,6300,"CON-PAVING, SURFACING, AND TAMPING EQUIPMENT OPERATORS",594,1.0,Mechanics and Construction,Mechanics and Construction,1.0,False
10,6320,"CON-CONSTRUCTION EQUIPMENT OPERATORS, EXCEPT PAVING, SURFACING, AND TAMPING EQUIPMENT OPERATORS",844,1.0,Vehicle Operators,Vehicle Operators,1.0,False
10,6330,"CON-DRYWALL INSTALLERS, CEILING TILE INSTALLERS, AND TAPERS",573,1.0,Mechanics and Construction,Mechanics and Construction,1.0,False
10,6355,CON-ELECTRICIANS,575,1.0,Mechanics and Construction,Mechanics and Construction,1.0,False
10,6360,CON-GLAZIERS,589,1.0,Mechanics and Construction,Mechanics and Construction,1.0,False
10,6400,CON-INSULATION WORKERS,593,1.0,Mechanics and Construction,Mechanics and Construction,1.0,False
10,6420,"CON-PAINTERS, CONSTRUCTION AND MAINTENANCE",579,1.0,Mechanics and Construction,Mechanics and Construction,1.0,False
10,6430,CON-PAPERHANGERS,583,1.0,Mechanics and Construction,Mechanics and Construction,1.0,False
10,6440,"CON-PIPELAYERS, PLUMBERS, PIPEFITTERS, AND STEAMFITTERS",585,1.0,Mechanics and Construction,Mechanics and Construction,1.0,False
10,6460,CON-PLASTERERS AND STUCCO MASONS,584,1.0,Mechanics and Construction,Mechanics and Construction,1.0,False
10,6500,CON-REINFORCING IRON AND REBAR WORKERS,597,1.0,Mechanics and Construction,Mechanics and Construction,1.0,False
10,6515,CON-ROOFERS,595,1.0,Mechanics and Construction,Mechanics and Construction,1.0,False
10,6520,CON-SHEET METAL WORKERS,596,1.0,Mechanics and Construction,Mechanics and Construction,1.0,False
10,6530,CON-STRUCTURAL IRON AND STEEL WORKERS,597,1.0,Mechanics and Construction,Mechanics and Construction,1.0,False
10,6600,"CON-HELPERS, CONSTRUCTION TRADES",866,1.0,Mechanics and Construction,Mechanics and Construction,1.0,False
10,6660,CON-CONSTRUCTION AND BUILDING INSPECTORS,35,1.0,Management Related,Management Related,1.0,False
10,6700,CON-ELEVATOR INSTALLERS AND REPAIRERS,543,1.0,Mechanics and Construction,Mechanics and Construction,1.0,False
10,6710,CON-FENCE ERECTORS,599,1.0,Mechanics and Construction,Mechanics and Construction,1.0,False
10,6720,CON-HAZARDOUS MATERIALS REMOVAL WORKERS,593,1.0,Mechanics and Construction,Mechanics and Construction,1.0,False
10,6730,CON-HIGHWAY MAINTENANCE WORKERS,869,1.0,Mechanics and Construction,Mechanics and Construction,1.0,False
10,6740,CON-RAIL-TRACK LAYING AND MAINTENANCE EQUIPMENT OPERATORS,889,1.0,"Fabricators, Inspectors, and Material Handlers","Fabricators, Inspectors, and Material Handlers",1.0,False
10,6765,"CON-MISCELLANEOUS CONSTRUCTION WORKERS, INCLUDING SOLAR PHOTOVOLTAIC INSTALLERS, AND SEPTIC TANK SERVICERS AND SEWER PIP",599,0.988448710112487,Mechanics and Construction,Mechanics and Construction,1.0,False
10,6800,"EXT-DERRICK, ROTARY DRILL, AND SERVICE UNIT OPERATORS, AND ROUSTABOUTS, OIL, GAS, AND MINING",614,1.0,"Farm, Related Agrigulture, Logging, and Extraction","Farm, Related Agrigulture, Logging, and Extraction",1.0,False
10,6820,"EXT-EARTH DRILLERS, EXCEPT OIL AND GAS",598,1.0,Mechanics and Construction,Mechanics and Construction,1.0,False
10,6830,"EXT-EXPLOSIVES WORKERS, ORDNANCE HANDLING EXPERTS, AND BLASTERS",615,1.0,"Farm, Related Agrigulture, Logging, and Extraction","Farm, Related Agrigulture, Logging, and Extraction",1.0,False
10,6840,EXT-MINING MACHINE OPERATORS,616,1.0,"Farm, Related Agrigulture, Logging, and Extraction","Farm, Related Agrigulture, Logging, and Extraction",1.0,False
10,6940,"EXT-MISCELLANEOUS EXTRACTION WORKERS, INCLUDING ROOF BOLTERS AND HELPERS",617,1.0,"Farm, Related Agrigulture, Logging, and Extraction","Farm, Related Agrigulture, Logging, and Extraction",1.0,False
10,7000,"RPR-FIRST-LINE SUPERVISORS OF MECHANICS, INSTALLERS, AND REPAIRERS",503,1.0,Mechanics and Construction,Mechanics and Construction,1.0,False
10,7010,"RPR-COMPUTER, AUTOMATED TELLER, AND OFFICE MACHINE REPAIRERS",525,1.0,Mechanics and Construction,Mechanics and Construction,1.0,False
10,7020,RPR-RADIO AND TELECOMMUNICATIONS EQUIPMENT INSTALLERS AND REPAIRERS,527,1.0,Mechanics and Construction,Mechanics and Construction,1.0,False
10,7030,RPR-AVIONICS TECHNICIANS,533,1.0,Mechanics and Construction,Mechanics and Construction,1.0,False
10,7040,"RPR-ELECTRIC MOTOR, POWER TOOL, AND RELATED REPAIRERS",577,1.0,Mechanics and Construction,Mechanics and Construction,1.0,False
10,7100,"RPR-ELECTRICAL AND ELECTRONICS REPAIRERS, TRANSPORTATION EQUIPMENT, AND INDUSTRIAL AND UTILITY",523,1.0,Mechanics and Construction,Mechanics and Construction,1.0,False
10,7110,"RPR-ELECTRONIC EQUIPMENT INSTALLERS AND REPAIRERS, MOTOR VEHICLES",533,1.0,Mechanics and Construction,Mechanics and Construction,1.0,False
10,7120,RPR-ELECTRONIC HOME ENTERTAINMENT EQUIPMENT INSTALLERS AND REPAIRERS,523,1.0,Mechanics and Construction,Mechanics and Construction,1.0,False
10,7130,RPR-SECURITY AND FIRE ALARM SYSTEMS INSTALLERS,575,1.0,Mechanics and Construction,Mechanics and Construction,1.0,False
10,7140,RPR-AIRCRAFT MECHANICS AND SERVICE TECHNICIANS,508,1.0,Mechanics and Construction,Mechanics and Construction,1.0,False
10,7150,RPR-AUTOMOTIVE BODY AND RELATED REPAIRERS,514,1.0,Mechanics and Construction,Mechanics and Construction,1.0,False
10,7160,RPR-AUTOMOTIVE GLASS INSTALLERS AND REPAIRERS,514,1.0,Mechanics and Construction,Mechanics and Construction,1.0,False
10,7200,RPR-AUTOMOTIVE SERVICE TECHNICIANS AND MECHANICS,505,1.0,Mechanics and Construction,Mechanics and Construction,1.0,False
10,7210,RPR-BUS AND TRUCK MECHANICS AND DIESEL ENGINE SPECIALISTS,507,1.0,Mechanics and Construction,Mechanics and Construction,1.0,False
10,7220,RPR-HEAVY VEHICLE AND MOBILE EQUIPMENT SERVICE TECHNICIANS AND MECHANICS,516,1.0,Mechanics and Construction,Mechanics and Construction,1.0,False
10,7240,RPR-SMALL ENGINE MECHANICS,509,1.0,Mechanics and Construction,Mechanics and Construction,1.0,False
10,7260,"RPR-MISCELLANEOUS VEHICLE AND MOBILE EQUIPMENT MECHANICS, INSTALLERS, AND REPAIRERS",516,1.0,Mechanics and Construction,Mechanics and Construction,1.0,False
10,7300,RPR-CONTROL AND VALVE INSTALLERS AND REPAIRERS,539,1.0,Mechanics and Construction,Mechanics and Construction,1.0,False
10,7315,"RPR-HEATING, AIR CONDITIONING, AND REFRIGERATION MECHANICS AND INSTALLERS",534,1.0,Mechanics and Construction,Mechanics and Construction,1.0,False
10,7320,RPR-HOME APPLIANCE REPAIRERS,526,1.0,Mechanics and Construction,Mechanics and Construction,1.0,False
10,7330,RPR-INDUSTRIAL AND REFRACTORY MACHINERY MECHANICS,518,1.0,Mechanics and Construction,Mechanics and Construction,1.0,False
10,7340,"RPR-MAINTENANCE AND REPAIR WORKERS, GENERAL",549,1.0,Mechanics and Construction,Mechanics and Construction,1.0,False
10,7350,"RPR-MAINTENANCE WORKERS, MACHINERY",519,1.0,Mechanics and Construction,Mechanics and Construction,1.0,False
10,7360,RPR-MILLWRIGHTS,544,1.0,Mechanics and Construction,Mechanics and Construction,1.0,False
10,7410,RPR-ELECTRICAL POWER-LINE INSTALLERS AND REPAIRERS,577,1.0,Mechanics and Construction,Mechanics and Construction,1.0,False
10,7420,RPR-TELECOMMUNICATIONS LINE INSTALLERS AND REPAIRERS,527,1.0,Mechanics and Construction,Mechanics and Construction,1.0,False
10,7430,RPR-PRECISION INSTRUMENT AND EQUIPMENT REPAIRERS,535,1.0,Mechanics and Construction,Mechanics and Construction,1.0,False
10,7510,"RPR-COIN, VENDING, AND AMUSEMENT MACHINE SERVICERS AND REPAIRERS",804,1.0,Vehicle Operators,Vehicle Operators,1.0,False
10,7540,RPR-LOCKSMITHS AND SAFE REPAIRERS,536,1.0,Mechanics and Construction,Mechanics and Construction,1.0,False
10,7550,RPR-MANUFACTURED BUILDING AND MOBILE HOME INSTALLERS,549,1.0,Mechanics and Construction,Mechanics and Construction,1.0,False
10,7560,RPR-RIGGERS,549,1.0,Mechanics and Construction,Mechanics and Construction,1.0,False
10,7610,"RPR-Helpers-Installation, Maintenance, And Repair Workers",865,1.0,Vehicle Operators,Vehicle Operators,1.0,False
10,7630,"RPR-OTHER INSTALLATION, MAINTENANCE, AND REPAIR WORKERS, INCLUDING WIND TURBINE SURVICE TECHNICIANS, AND COMMERCIAL DIVE",549,1.0,Mechanics and Construction,Mechanics and Construction,1.0,False
10,7700,PRD-FIRST-LINE SUPERVISORS OF PRODUCTION AND OPERATING WORKERS,628,1.0,Precision Manufacturing,Precision Manufacturing,1.0,False
10,7710,"PRD-AIRCRAFT STRUCTURE, SURFACES, RIGGING, AND SYSTEMS ASSEMBLERS",785,1.0,"Fabricators, Inspectors, and Material Handlers","Fabricators, Inspectors, and Material Handlers",1.0,False
10,7720,"PRD-ELECTRICAL, ELECTRONICS, AND ELECTROMECHANICAL ASSEMBLERS",785,1.0,"Fabricators, Inspectors, and Material Handlers","Fabricators, Inspectors, and Material Handlers",1.0,False
10,7730,PRD-ENGINE AND OTHER MACHINE ASSEMBLERS,785,1.0,"Fabricators, Inspectors, and Material Handlers","Fabricators, Inspectors, and Material Handlers",1.0,False
10,7740,PRD-STRUCTURAL METAL FABRICATORS AND FITTERS,597,1.0,Mechanics and Construction,Mechanics and Construction,1.0,False
10,7750,PRD-MISCELLANEOUS ASSEMBLERS AND FABRICATORS,785,1.0,"Fabricators, Inspectors, and Material Handlers","Fabricators, Inspectors, and Material Handlers",1.0,False
10,7800,PRD-BAKERS,687,1.0,Precision Manufacturing,Precision Manufacturing,1.0,False
10,7810,"PRD-BUTCHERS AND OTHER MEAT, POULTRY, AND FISH PROCESSING WORKERS",686,1.0,Precision Manufacturing,Precision Manufacturing,1.0,False
10,7830,"PRD-FOOD AND TOBACCO ROASTING, BAKING, AND DRYING MACHINE OPERATORS AND TENDERS",763,1.0,Manufacturing Operators,Manufacturing Operators,1.0,False
10,7840,PRD-FOOD BATCHMAKERS,688,1.0,Precision Manufacturing,Precision Manufacturing,1.0,False
10,7850,PRD-FOOD COOKING MACHINE OPERATORS AND TENDERS,769,1.0,Manufacturing Operators,Manufacturing Operators,1.0,False
10,7855,"PRD-FOOD PROCESSING WORKERS, ALL OTHER",779,1.0,Manufacturing Operators,Manufacturing Operators,1.0,False
10,7900,PRD-COMPUTER CONTROL PROGRAMMERS AND OPERATORS,233,1.0,Health and Science Technicians,Health and Science Technicians,1.0,False
10,7920,"PRD-EXTRUDING AND DRAWING MACHINE SETTERS, OPERATORS, AND TENDERS, METAL AND PLASTIC",755,1.0,Manufacturing Operators,Manufacturing Operators,1.0,False
10,7930,"PRD-FORGING MACHINE SETTERS, OPERATORS, AND TENDERS, METAL AND PLASTIC",713,1.0,Manufacturing Operators,Manufacturing Operators,1.0,False
10,7940,"PRD-ROLLING MACHINE SETTERS, OPERATORS, AND TENDERS, METAL AND PLASTIC",707,1.0,Manufacturing Operators,Manufacturing Operators,1.0,False
10,7950,"PRD-CUTTING, PUNCHING, AND PRESS MACHINE SETTERS, OPERATORS, AND TENDERS, METAL AND PLASTIC",706,1.0,Manufacturing Operators,Manufacturing Operators,1.0,False
10,7960,"PRD-DRILLING AND BORING MACHINE TOOL SETTERS, OPERATORS, AND TENDERS, METAL AND PLASTIC",708,1.0,Manufacturing Operators,Manufacturing Operators,1.0,False
10,8000,"PRD-GRINDING, LAPPING, POLISHING, AND BUFFING MACHINE TOOL SETTERS, OPERATORS, AND TENDERS, METAL AND PLASTIC",709,1.0,Manufacturing Operators,Manufacturing Operators,1.0,False
10,8010,"PRD-LATHE AND TURNING MACHINE TOOL SETTERS, OPERATORS, AND TENDERS, METAL AND PLASTIC",703,1.0,Manufacturing Operators,Manufacturing Operators,1.0,False
10,8030,PRD-MACHINISTS,637,1.0,Precision Manufacturing,Precision Manufacturing,1.0,False
10,8040,"PRD-METAL FURNACE OPERATORS, TENDERS, POURERS, AND CASTERS",766,1.0,Manufacturing Operators,Manufacturing Operators,1.0,False
10,8060,"PRD-MODEL MAKERS AND PATTERNMAKERS, METAL AND PLASTIC",645,1.0,Precision Manufacturing,Precision Manufacturing,1.0,False
10,8100,"PRD-MOLDERS AND MOLDING MACHINE SETTERS, OPERATORS, AND TENDERS, METAL AND PLASTIC",719,1.0,Manufacturing Operators,Manufacturing Operators,1.0,False
10,8130,PRD-TOOL AND DIE MAKERS,634,1.0,Precision Manufacturing,Precision Manufacturing,1.0,False
10,8140,"PRD-WELDING, SOLDERING, AND BRAZING WORKERS",783,1.0,"Fabricators, Inspectors, and Material Handlers","Fabricators, Inspectors, and Material Handlers",1.0,False
10,8150,"PRD-HEAT TREATING EQUIPMENT SETTERS, OPERATORS, AND TENDERS, METAL AND PLASTIC",724,1.0,Manufacturing Operators,Manufacturing Operators,1.0,False
10,8200,"PRD-PLATING AND COATING MACHINE SETTERS, OPERATORS, AND TENDERS, METAL AND PLASTIC",723,1.0,Manufacturing Operators,Manufacturing Operators,1.0,False
10,8210,"PRD-TOOL GRINDERS, FILERS, AND SHARPENERS",644,1.0,Precision Manufacturing,Precision Manufacturing,1.0,False
10,8220,"PRD-MISCELLANEOUS METAL WORKERS AND PLASTIC WORKERS, INCLUDING MILLING AND PLANING MACHINE SETTERS, AND MULTIPLE MACHINE",726,1.0,Manufacturing Operators,Manufacturing Operators,1.0,False
10,8250,PRD-PREPRESS TECHNICIANS AND WORKERS,736,1.0,Manufacturing Operators,Manufacturing Operators,1.0,False
10,8255,PRD-PRINTING PRESS OPERATORS,684,1.0,Precision Manufacturing,Precision Manufacturing,1.0,False
10,8256,PRD-PRINT BINDING AND FINISHING WORKERS,684,1.0,Precision Manufacturing,Precision Manufacturing,1.0,False
10,8300,PRD-LAUNDRY AND DRY-CLEANING WORKERS,748,1.0,Manufacturing Operators,Manufacturing Operators,1.0,False
10,8310,"PRD-PRESSERS, TEXTILE, GARMENT, AND RELATED MATERIALS",747,1.0,Manufacturing Operators,Manufacturing Operators,1.0,False
10,8320,PRD-SEWING MACHINE OPERATORS,744,1.0,Manufacturing Operators,Manufacturing Operators,1.0,False
10,8330,PRD-SHOE AND LEATHER WORKERS AND REPAIRERS,669,1.0,Precision Manufacturing,Precision Manufacturing,1.0,False
10,8340,PRD-SHOE MACHINE OPERATORS AND TENDERS,745,1.0,Manufacturing Operators,Manufacturing Operators,1.0,False
10,8350,"PRD-TAILORS, DRESSMAKERS, AND SEWERS",666,1.0,Precision Manufacturing,Precision Manufacturing,1.0,False
10,8400,"PRD-TEXTILE BLEACHING AND DYEING, AND CUTTING MACHINE SETTERS, OPERATORS, AND TENDERS",743,1.0,Manufacturing Operators,Manufacturing Operators,1.0,False
10,8410,"PRD-TEXTILE KNITTING AND WEAVING MACHINE SETTERS, OPERATORS, AND TENDERS",739,1.0,Manufacturing Operators,Manufacturing Operators,1.0,False
10,8420,"PRD-TEXTILE WINDING, TWISTING, AND DRAWING OUT MACHINE SETTERS, OPERATORS, AND TENDERS",738,1.0,Manufacturing Operators,Manufacturing Operators,1.0,False
10,8450,PRD-UPHOLSTERERS,668,1.0,Precision Manufacturing,Precision Manufacturing,1.0,False
10,8460,"PRD-MISCELLANEOUS TEXTILE, APPAREL, AND FURNISHINGS WORKERS, EXCEPT UPHOLSTERERS",749,1.0,Manufacturing Operators,Manufacturing Operators,1.0,False
10,8500,PRD-CABINETMAKERS AND BENCH CARPENTERS,657,1.0,Precision Manufacturing,Precision Manufacturing,1.0,False
10,8510,PRD-FURNITURE FINISHERS,658,1.0,Precision Manufacturing,Precision Manufacturing,1.0,False
10,8530,"PRD-SAWING MACHINE SETTERS, OPERATORS, AND TENDERS, WOOD",727,1.0,Manufacturing Operators,Manufacturing Operators,1.0,False
10,8540,"PRD-WOODWORKING MACHINE SETTERS, OPERATORS, AND TENDERS, EXCEPT SAWING",729,1.0,Manufacturing Operators,Manufacturing Operators,1.0,False
10,8550,"PRD-MISCELLANEOUS WOODWORKERS, INCLUDING MODEL MAKERS AND PATTERNMAKERS",733,1.0,Manufacturing Operators,Manufacturing Operators,1.0,False
10,8600,"PRD-POWER PLANT OPERATORS, DISTRIBUTORS, AND DISPATCHERS",695,1.0,Manufacturing Operators,Manufacturing Operators,1.0,False
10,8610,PRD-STATIONARY ENGINEERS AND BOILER OPERATORS,696,1.0,Manufacturing Operators,Manufacturing Operators,1.0,False
10,8620,PRD-WATER AND WASTEWATER TREATMENT PLANT AND SYSTEM OPERATORS,694,1.0,Manufacturing Operators,Manufacturing Operators,1.0,False
10,8630,PRD-MISCELLANEOUS PLANT AND SYSTEM OPERATORS,699,1.0,Manufacturing Operators,Manufacturing Operators,1.0,False
10,8640,"PRD-CHEMICAL PROCESSING MACHINE SETTERS, OPERATORS, AND TENDERS",757,1.0,Manufacturing Operators,Manufacturing Operators,1.0,False
10,8650,"PRD-CRUSHING, GRINDING, POLISHING, MIXING, AND BLENDING WORKERS",756,1.0,Manufacturing Operators,Manufacturing Operators,1.0,False
10,8710,PRD-CUTTING WORKERS,769,1.0,Manufacturing Operators,Manufacturing Operators,1.0,False
10,8720,"PRD-EXTRUDING, FORMING, PRESSING, AND COMPACTING MACHINE SETTERS, OPERATORS, AND TENDERS",755,1.0,Manufacturing Operators,Manufacturing Operators,1.0,False
10,8730,"PRD-FURNACE, KILN, OVEN, DRIER, AND KETTLE OPERATORS AND TENDERS",766,1.0,Manufacturing Operators,Manufacturing Operators,1.0,False
10,8740,"PRD-INSPECTORS, TESTERS, SORTERS, SAMPLERS, AND WEIGHERS",799,1.0,"Fabricators, Inspectors, and Material Handlers","Fabricators, Inspectors, and Material Handlers",1.0,False
10,8750,PRD-JEWELERS AND PRECIOUS STONE AND METAL WORKERS,535,1.0,Mechanics and Construction,Mechanics and Construction,1.0,False
10,8760,"PRD-MEDICAL, DENTAL, AND OPHTHALMIC LABORATORY TECHNICIANS",678,1.0,Precision Manufacturing,Precision Manufacturing,1.0,False
10,8800,PRD-PACKAGING AND FILLING MACHINE OPERATORS AND TENDERS,754,1.0,Manufacturing Operators,Manufacturing Operators,1.0,False
10,8810,PRD-PAINTING WORKERS,759,1.0,Manufacturing Operators,Manufacturing Operators,1.0,False
10,8830,PRD-PHOTOGRAPHIC PROCESS WORKERS AND PROCESSING MACHINE OPERATORS,774,1.0,Manufacturing Operators,Manufacturing Operators,1.0,False
10,8850,PRD-ADHESIVE BONDING MACHINE OPERATORS AND TENDERS,753,1.0,Manufacturing Operators,Manufacturing Operators,1.0,False
10,8860,"PRD-CLEANING, WASHING, AND METAL PICKLING EQUIPMENT OPERATORS AND TENDERS",764,1.0,Manufacturing Operators,Manufacturing Operators,1.0,False
10,8910,PRD-ETCHERS AND ENGRAVERS,649,1.0,Precision Manufacturing,Precision Manufacturing,1.0,False
10,8920,"PRD-MOLDERS, SHAPERS, AND CASTERS, EXCEPT METAL AND PLASTIC",675,1.0,Precision Manufacturing,Precision Manufacturing,1.0,False
10,8930,"PRD-PAPER GOODS MACHINE SETTERS, OPERATORS, AND TENDERS",765,1.0,Manufacturing Operators,Manufacturing Operators,1.0,False
10,8940,PRD-TIRE BUILDERS,779,1.0,Manufacturing Operators,Manufacturing Operators,1.0,False
10,8950,PRD-HELPERS-PRODUCTION WORKERS,874,1.0,"Fabricators, Inspectors, and Material Handlers","Fabricators, Inspectors, and Material Handlers",1.0,False
10,8965,"PRD-OTHER PRODUCTION WORKERS, INCLUDING SEMICONDUCTOR PROCESSORS AND COOLING AND FREEZING EQUIPMENT OPERATORS",779,1.0,Manufacturing Operators,Manufacturing Operators,1.0,False
10,9000,TRN-SUPERVISORS OF TRANSPORTATION AND MATERIAL MOVING WORKERS,803,1.0,Vehicle Operators,Vehicle Operators,1.0,False
10,9030,TRN-AIRCRAFT PILOTS AND FLIGHT ENGINEERS,226,1.0,Health and Science Technicians,Health and Science Technicians,1.0,False
10,9040,TRN-AIR TRAFFIC CONTROLLERS AND AIRFIELD OPERATIONS SPECIALISTS,227,1.0,Health and Science Technicians,Health and Science Technicians,1.0,False
10,9050,TRN-FLIGHT ATTENDANTS,235,1.0,Health and Science Technicians,Health and Science Technicians,1.0,False
10,9110,"TRN-AMBULANCE DRIVERS AND ATTENDANTS, EXCEPT EMERGENCY MEDICAL TECHNICIANS",809,1.0,Vehicle Operators,Vehicle Operators,1.0,False
10,9120,TRN-BUS DRIVERS,808,1.0,Vehicle Operators,Vehicle Operators,1.0,False
10,9130,TRN-DRIVER/SALES WORKERS AND TRUCK DRIVERS,804,1.0,Vehicle Operators,Vehicle Operators,1.0,False
10,9140,TRN-TAXI DRIVERS AND CHAUFFEURS,809,1.0,Vehicle Operators,Vehicle Operators,1.0,False
10,9150,"TRN-MOTOR VEHICLE OPERATORS, ALL OTHER",809,1.0,Vehicle Operators,Vehicle Operators,1.0,False
10,9200,TRN-LOCOMOTIVE ENGINEERS AND OPERATORS,824,1.0,Vehicle Operators,Vehicle Operators,1.0,False
10,9230,"TRN-RAILROAD BRAKE, SIGNAL, AND SWITCH OPERATORS",825,1.0,Vehicle Operators,Vehicle Operators,1.0,False
10,9240,TRN-RAILROAD CONDUCTORS AND YARDMASTERS,823,1.0,Vehicle Operators,Vehicle Operators,1.0,False
10,9260,"TRN-SUBWAY, STREETCAR, AND OTHER RAIL TRANSPORTATION WORKERS",824,1.0,Vehicle Operators,Vehicle Operators,1.0,False
10,9300,"TRN-SAILORS AND MARINE OILERS, AND SHIP ENGINEERS",829,1.0,Vehicle Operators,Vehicle Operators,1.0,False
10,9310,TRN-SHIP AND BOAT CAPTAINS AND OPERATORS,829,1.0,Vehicle Operators,Vehicle Operators,1.0,False
10,9350,TRN-PARKING LOT ATTENDANTS,813,1.0,Vehicle Operators,Vehicle Operators,1.0,False
10,9360,TRN-AUTOMOTIVE AND WATERCRAFT SERVICE ATTENDANTS,885,1.0,"Fabricators, Inspectors, and Material Handlers","Fabricators, Inspectors, and Material Handlers",1.0,False
10,9410,TRN-TRANSPORTATION INSPECTORS,463,1.0,"Food, Cleaning, and Personal Services and Private Household","Food, Cleaning, and Personal Services and Private Household",1.0,False
10,9415,"TRN-TRANSPORTATION ATTENDANTS, EXCEPT FLIGHT ATTENDANTS",235,1.0,Health and Science Technicians,Health and Science Technicians,1.0,False
10,9420,"TRN-MISCELLANEOUS TRANSPORTATION WORKERS, INCLUDING BRIDGE AND LOCK TENDERS AND TRAFFIC TECHNICIANS",883,1.0,"Fabricators, Inspectors, and Material Handlers","Fabricators, Inspectors, and Material Handlers",1.0,False
10,9510,TRN-CRANE AND TOWER OPERATORS,848,1.0,Vehicle Operators,Vehicle Operators,1.0,False
10,9520,"TRN-DREDGE, EXCAVATING, AND LOADING MACHINE OPERATORS",853,1.0,Vehicle Operators,Vehicle Operators,1.0,False
10,9560,"TRN-CONVEYOR OPERATORS AND TENDERS, AND HOIST AND WINCH OPERATORS",848,1.0,Vehicle Operators,Vehicle Operators,1.0,False
10,9600,TRN-INDUSTRIAL TRUCK AND TRACTOR OPERATORS,804,1.0,Vehicle Operators,Vehicle Operators,1.0,False
10,9610,TRN-CLEANERS OF VEHICLES AND EQUIPMENT,887,1.0,"Fabricators, Inspectors, and Material Handlers","Fabricators, Inspectors, and Material Handlers",1.0,False
10,9620,"TRN-LABORERS AND FREIGHT, STOCK, AND MATERIAL MOVERS, HAND",889,1.0,"Fabricators, Inspectors, and Material Handlers","Fabricators, Inspectors, and Material Handlers",1.0,False
10,9630,TRN-MACHINE FEEDERS AND OFFBEARERS,878,1.0,"Fabricators, Inspectors, and Material Handlers","Fabricators, Inspectors, and Material Handlers",1.0,False
10,9640,"TRN-PACKERS AND PACKAGERS, HAND",888,1.0,"Fabricators, Inspectors, and Material Handlers","Fabricators, Inspectors, and Material Handlers",1.0,False
10,9650,TRN-PUMPING STATION OPERATORS,859,1.0,Vehicle Operators,Vehicle Operators,1.0,False
10,9720,TRN-REFUSE AND RECYCLABLE MATERIAL COLLECTORS,875,1.0,"Fabricators, Inspectors, and Material Handlers","Fabricators, Inspectors, and Material Handlers",1.0,False
10,9750,"TRN-MISCELLANEOUS MATERIAL MOVING WORKERS, INCLUDING MINE SHUTTLE CAR OPERATORS, AND TANK CAR, TRUCK, AND SHIP LOADERS",454,1.0,"Food, Cleaning, and Personal Services and Private Household","Food, Cleaning, and Personal Services and Private Household",1.0,False
10,9800,MIL-MILITARY OFFICER SPECIAL AND TACTICAL OPERATIONS LEADERS,905,1.0,,,1.0,False
10,9810,MIL-FIRST-LINE ENLISTED MILITARY SUPERVISORS,905,1.0,,,1.0,False
10,9820,MIL-MILITARY ENLISTED TACTICAL OPERATIONS AND AIR/WEAPONS SPECIALISTS AND CREW MEMBERS,905,1.0,,,1.0,False
10,9830,"MIL-MILITARY, RANK NOT SPECIFIED **",905,1.0,,,1.0,False
10,9920,UNEMPLOYED AND LAST WORKED 5 YEARS AGO OR EARLIER OR NEVER WORKED **,991,1.0,,,1.0,False
18,0010,MGR-Chief Executives And Legislators,4,1.0,"Executives, Administrative, and Managerial","Executives, Administrative, and Managerial",1.0,False
18,0020,MGR-General And Operations Managers,22,1.0,"Executives, Administrative, and Managerial","Executives, Administrative, and Managerial",1.0,False
18,0040,MGR-Advertising And Promotions Managers,13,1.0,"Executives, Administrative, and Managerial","Executives, Administrative, and Managerial",1.0,False
18,0051,MGR-Marketing Managers,13,1.0,"Executives, Administrative, and Managerial","Executives, Administrative, and Managerial",1.0,False
18,0052,MGR-Sales Managers,13,1.0,"Executives, Administrative, and Managerial","Executives, Administrative, and Managerial",1.0,False
18,0060,MGR-Public Relations And Fundraising Managers,13,1.0,"Executives, Administrative, and Managerial","Executives, Administrative, and Managerial",1.0,False
18,0101,MGR-Administrative Services Managers,22,1.0,"Executives, Administrative, and Managerial","Executives, Administrative, and Managerial",1.0,False
18,0102,MGR-Facilities Managers,22,1.0,"Executives, Administrative, and Managerial","Executives, Administrative, and Managerial",1.0,False
18,0110,MGR-Computer And Information Systems Managers,22,1.0,"Executives, Administrative, and Managerial","Executives, Administrative, and Managerial",1.0,False
18,0120,MGR-Financial Managers,7,1.0,"Executives, Administrative, and Managerial","Executives, Administrative, and Managerial",1.0,False
18,0135,MGR-Compensation And Benefits Managers,8,1.0,"Executives, Administrative, and Managerial","Executives, Administrative, and Managerial",1.0,False
18,0136,MGR-Human Resources Managers,8,1.0,"Executives, Administrative, and Managerial","Executives, Administrative, and Managerial",1.0,False
18,0137,MGR-Training And Development Managers,8,1.0,"Executives, Administrative, and Managerial","Executives, Administrative, and Managerial",1.0,False
18,0140,MGR-Industrial Production Managers,22,1.0,"Executives, Administrative, and Managerial","Executives, Administrative, and Managerial",1.0,False
18,0150,MGR-Purchasing Managers,33,1.0,Management Related,Management Related,1.0,False
18,0160,"MGR-Transportation, Storage, And Distribution Managers",373,1.0,"Administrative Support, Clerks, Record","Administrative Support, Clerks, Record",1.0,False
18,0205,"MGR-Farmers, Ranchers, And Other Agricultural Managers",475,1.0,"Farm, Related Agrigulture, Logging, and Extraction","Farm, Related Agrigulture, Logging, and Extraction",1.0,False
18,0220,MGR-Construction Managers,22,1.0,"Executives, Administrative, and Managerial","Executives, Administrative, and Managerial",1.0,False
18,0230,MGR-Education And Childcare Administrators,14,1.0,"Executives, Administrative, and Managerial","Executives, Administrative, and Managerial",1.0,False
18,0300,MGR-Architectural And Engineering Managers,22,1.0,"Executives, Administrative, and Managerial","Executives, Administrative, and Managerial",1.0,False
18,0310,MGR-Food Service Managers,17,1.0,"Executives, Administrative, and Managerial","Executives, Administrative, and Managerial",1.0,False
18,0335,MGR-Entertainment and Recreation Managers,22,0.6497470103305092,"Executives, Administrative, and Managerial","Executives, Administrative, and Managerial",1.0,False
18,0340,MGR-Lodging Managers,17,1.0,"Executives, Administrative, and Managerial","Executives, Administrative, and Managerial",1.0,False
18,0350,MGR-Medical And Health Services Managers,15,1.0,"Executives, Administrative, and Managerial","Executives, Administrative, and Managerial",1.0,False
18,0360,MGR-Natural Sciences Managers,21,1.0,"Executives, Administrative, and Managerial","Executives, Administrative, and Managerial",1.0,False
18,0410,"MGR-Property, Real Estate, And Community Association Managers",18,1.0,"Executives, Administrative, and Managerial","Executives, Administrative, and Managerial",1.0,False
18,0420,MGR-Social And Community Service Managers,21,1.0,"Executives, Administrative, and Managerial","Executives, Administrative, and Managerial",1.0,False
18,0425,MGR-Emergency Management Directors,22,1.0,"Executives, Administrative, and Managerial","Executives, Administrative, and Managerial",1.0,False
18,0440,MGR-Other Managers,22,0.998218985093809,"Executives, Administrative, and Managerial","Executives, Administrative, and Managerial",1.0,False
18,0500,"BUS-Agents And Business Managers Of Artists, Performers, And Athletes",34,1.0,Management Related,Management Related,1.0,False
18,0510,"BUS-Buyers And Purchasing Agents, Farm Products",28,1.0,Management Related,Management Related,1.0,False
18,0520,"BUS-Wholesale And Retail Buyers, Except Farm Products",29,1.0,Management Related,Management Related,1.0,False
18,0530,"BUS-Purchasing Agents, Except Wholesale, Retail, And Farm Products",33,1.0,Management Related,Management Related,1.0,False
18,0540,"BUS-Claims Adjusters, Appraisers, Examiners, And Investigators",375,1.0,"Administrative Support, Clerks, Record","Administrative Support, Clerks, Record",1.0,False
18,0565,BUS-Compliance Officers,36,1.0,Management Related,Management Related,1.0,False
18,0600,BUS-Cost Estimators,22,1.0,"Executives, Administrative, and Managerial","Executives, Administrative, and Managerial",1.0,False
18,0630,BUS-Human Resources Workers,27,0.999681778544952,Management Related,Management Related,0.999681778544952,False
18,0640,"BUS-Compensation, Benefits, And Job Analysis Specialists",27,1.0,Management Related,Management Related,1.0,False
18,0650,BUS-Training And Development Specialists,27,1.0,Management Related,Management Related,1.0,False
18,0700,BUS-Logisticians,65,1.0,"Architects, Engineers, Math, and Computer Science","Architects, Engineers, Math, and Computer Science",1.0,False
18,0705,BUS-Project Management Specialists,22,0.780000671858154,"Executives, Administrative, and Managerial","Executives, Administrative, and Managerial",0.7810240195550738,False
18,0710,BUS-Management Analysts,26,1.0,Management Related,Management Related,1.0,False
18,0725,"BUS-Meeting, Convention, And Event Planners",21,0.9408967611155753,"Executives, Administrative, and Managerial","Executives, Administrative, and Managerial",1.0,False
18,0726,BUS-Fundraisers,13,1.0,"Executives, Administrative, and Managerial","Executives, Administrative, and Managerial",1.0,False
18,0735,BUS-Market Research Analysts And Marketing Specialists,13,1.0,"Executives, Administrative, and Managerial","Executives, Administrative, and Managerial",1.0,False
18,0750,"BUS-Business Operations Specialists, All Other",22,1.0,"Executives, Administrative, and Managerial","Executives, Administrative, and Managerial",1.0,False
18,0800,FIN-Accountants And Auditors,23,1.0,Management Related,Management Related,1.0,False
18,0810,FIN-Property Appraisers and Assessors,254,1.0,"Sales, All","Sales, All",1.0,False
18,0820,FIN-Budget Analysts,25,1.0,Management Related,Management Related,1.0,False
18,0830,FIN-Credit Analysts,25,1.0,Management Related,Management Related,1.0,False
18,0845,FIN-Financial And Investment Analysts,25,1.0,Management Related,Management Related,1.0,False
18,0850,FIN-Personal Financial Advisors,25,1.0,Management Related,Management Related,1.0,False
18,0860,FIN-Insurance Underwriters,24,1.0,Management Related,Management Related,1.0,False
18,0900,FIN-Financial Examiners,36,1.0,Management Related,Management Related,1.0,False
18,0910,FIN-Credit Counselors And Loan Officers,25,1.0,Management Related,Management Related,1.0,False
18,0930,"FIN-Tax Examiners And Collectors, And Revenue Agents",23,1.0,Management Related,Management Related,1.0,False
18,0940,FIN-Tax Preparers,25,1.0,Management Related,Management Related,1.0,False
18,0960,FIN-Other Financial Specialists,25,1.0,Management Related,Management Related,1.0,False
18,1005,CMM-Computer And Information Research Scientists,64,1.0,"Architects, Engineers, Math, and Computer Science","Architects, Engineers, Math, and Computer Science",1.0,False
18,1006,CMM-Computer Systems Analysts,64,1.0,"Architects, Engineers, Math, and Computer Science","Architects, Engineers, Math, and Computer Science",1.0,False
18,1007,CMM-Information Security Analysts,64,1.0,"Architects, Engineers, Math, and Computer Science","Architects, Engineers, Math, and Computer Science",1.0,False
18,1010,CMM-Computer Programmers,229,1.0,Health and Science Technicians,Health and Science Technicians,1.0,False
18,1021,CMM-Software Developers,229,1.0,Health and Science Technicians,Health and Science Technicians,1.0,False
18,1022,CMM-Software Quality Assurance Analysts and Testers,229,0.7123983327926342,Health and Science Technicians,Health and Science Technicians,0.7123983327926342,True
18,1031,CMM-Web Developers,64,1.0,"Architects, Engineers, Math, and Computer Science","Architects, Engineers, Math, and Computer Science",1.0,False
18,1032,CMM-Web And Digital Interface Designers,64,1.0,"Architects, Engineers, Math, and Computer Science","Architects, Engineers, Math, and Computer Science",1.0,False
18,1050,CMM-Computer Support Specialists,64,1.0,"Architects, Engineers, Math, and Computer Science","Architects, Engineers, Math, and Computer Science",1.0,False
18,1065,CMM-Database Administrators and Architects,64,1.0,"Architects, Engineers, Math, and Computer Science","Architects, Engineers, Math, and Computer Science",1.0,False
18,1105,CMM-Network And Computer Systems Administrators,64,1.0,"Architects, Engineers, Math, and Computer Science","Architects, Engineers, Math, and Computer Science",1.0,False
18,1106,CMM-Computer Network Architects,64,1.0,"Architects, Engineers, Math, and Computer Science","Architects, Engineers, Math, and Computer Science",1.0,False
18,1108,"CMM-Computer Occupations, All Other",64,0.6753785966378582,"Architects, Engineers, Math, and Computer Science","Architects, Engineers, Math, and Computer Science",0.6753785966378582,True
18,1200,CMM-Actuaries,66,1.0,"Architects, Engineers, Math, and Computer Science","Architects, Engineers, Math, and Computer Science",1.0,False
18,1220,CMM-Operations Research Analysts,65,1.0,"Architects, Engineers, Math, and Computer Science","Architects, Engineers, Math, and Computer Science",1.0,False
18,1240,CMM-Other Mathematical Science Occupations,68,1.0,"Architects, Engineers, Math, and Computer Science","Architects, Engineers, Math, and Computer Science",1.0,False
18,1305,"ENG-Architects, Except Landscape And Naval",43,1.0,"Architects, Engineers, Math, and Computer Science","Architects, Engineers, Math, and Computer Science",1.0,False
18,1306,ENG-Landscape Architects,43,1.0,"Architects, Engineers, Math, and Computer Science","Architects, Engineers, Math, and Computer Science",1.0,False
18,1310,"ENG-Surveyors, Cartographers, And Photogrammetrists",218,1.0,Health and Science Technicians,Health and Science Technicians,1.0,False
18,1320,ENG-Aerospace Engineers,44,1.0,"Architects, Engineers, Math, and Computer Science","Architects, Engineers, Math, and Computer Science",1.0,False
18,1340,ENG-Biomedical And Agricultural Engineers,59,1.0,"Architects, Engineers, Math, and Computer Science","Architects, Engineers, Math, and Computer Science",1.0,False
18,1350,ENG-Chemical Engineers,48,1.0,"Architects, Engineers, Math, and Computer Science","Architects, Engineers, Math, and Computer Science",1.0,False
18,1360,ENG-Civil Engineers,53,1.0,"Architects, Engineers, Math, and Computer Science","Architects, Engineers, Math, and Computer Science",1.0,False
18,1400,ENG-Computer Hardware Engineers,55,1.0,"Architects, Engineers, Math, and Computer Science","Architects, Engineers, Math, and Computer Science",1.0,False
18,1410,ENG-Electrical And Electronics Engineers,55,1.0,"Architects, Engineers, Math, and Computer Science","Architects, Engineers, Math, and Computer Science",1.0,False
18,1420,ENG-Environmental Engineers,59,1.0,"Architects, Engineers, Math, and Computer Science","Architects, Engineers, Math, and Computer Science",1.0,False
18,1430,"ENG-Industrial Engineers, Including Health And Safety",56,1.0,"Architects, Engineers, Math, and Computer Science","Architects, Engineers, Math, and Computer Science",1.0,False
18,1440,ENG-Marine Engineers And Naval Architects,59,1.0,"Architects, Engineers, Math, and Computer Science","Architects, Engineers, Math, and Computer Science",1.0,False
18,1450,ENG-Materials Engineers,45,1.0,"Architects, Engineers, Math, and Computer Science","Architects, Engineers, Math, and Computer Science",1.0,False
18,1460,ENG-Mechanical Engineers,57,1.0,"Architects, Engineers, Math, and Computer Science","Architects, Engineers, Math, and Computer Science",1.0,False
18,1520,"ENG-Petroleum, Mining And Geological Engineers, Including Mining Safety Engineers",47,1.0,"Architects, Engineers, Math, and Computer Science","Architects, Engineers, Math, and Computer Science",1.0,False
18,1530,ENG-Other Engineers,59,1.0,"Architects, Engineers, Math, and Computer Science","Architects, Engineers, Math, and Computer Science",1.0,False
18,1541,ENG-Architectural And Civil Drafters,217,1.0,Health and Science Technicians,Health and Science Technicians,1.0,False
18,1545,ENG-Other Drafters,217,1.0,Health and Science Technicians,Health and Science Technicians,1.0,False
18,1551,ENG-Electrical And Electronic Engineering Technologists And Technicians,214,1.0,Health and Science Technicians,Health and Science Technicians,1.0,False
18,1555,"ENG-Other Engineering Technologists And Technicians, Except Drafters",214,0.9999999999998185,Health and Science Technicians,Health and Science Technicians,0.9999999999998185,False
18,1560,ENG-Surveying And Mapping Technicians,218,1.0,Health and Science Technicians,Health and Science Technicians,1.0,False
18,1600,SCI-Agricultural And Food Scientists,77,1.0,"Natural and Social Scientists, Recreation, Religious, Arts, Athletes","Natural and Social Scientists, Recreation, Religious, Arts, Athletes",1.0,False
18,1610,SCI-Biological Scientists,78,1.0,"Natural and Social Scientists, Recreation, Religious, Arts, Athletes","Natural and Social Scientists, Recreation, Religious, Arts, Athletes",1.0,False
18,1640,SCI-Conservation Scientists And Foresters,79,1.0,"Natural and Social Scientists, Recreation, Religious, Arts, Athletes","Natural and Social Scientists, Recreation, Religious, Arts, Athletes",1.0,False
18,1650,SCI-Other Life Scientists,83,1.0,"Natural and Social Scientists, Recreation, Religious, Arts, Athletes","Natural and Social Scientists, Recreation, Religious, Arts, Athletes",1.0,False
18,1700,SCI-Astronomers And Physicists,69,1.0,"Natural and Social Scientists, Recreation, Religious, Arts, Athletes","Natural and Social Scientists, Recreation, Religious, Arts, Athletes",1.0,False
18,1710,SCI-Atmospheric And Space Scientists,74,1.0,"Natural and Social Scientists, Recreation, Religious, Arts, Athletes","Natural and Social Scientists, Recreation, Religious, Arts, Athletes",1.0,False
18,1720,SCI-Chemists And Materials Scientists,73,1.0,"Natural and Social Scientists, Recreation, Religious, Arts, Athletes","Natural and Social Scientists, Recreation, Religious, Arts, Athletes",1.0,False
18,1745,"SCI-Environmental Scientists And Specialists, Including Health",75,1.0,"Natural and Social Scientists, Recreation, Religious, Arts, Athletes","Natural and Social Scientists, Recreation, Religious, Arts, Athletes",1.0,False
18,1750,"SCI-Geoscientists And Hydrologists, Except Geographers",75,1.0,"Natural and Social Scientists, Recreation, Religious, Arts, Athletes","Natural and Social Scientists, Recreation, Religious, Arts, Athletes",1.0,False
18,1760,"SCI-Physical Scientists, All Other",76,1.0,"Natural and Social Scientists, Recreation, Religious, Arts, Athletes","Natural and Social Scientists, Recreation, Religious, Arts, Athletes",1.0,False
18,1800,SCI-Economists,166,1.0,"Natural and Social Scientists, Recreation, Religious, Arts, Athletes","Natural and Social Scientists, Recreation, Religious, Arts, Athletes",1.0,False
18,1821,SCI-Clinical And Counseling Psychologists,167,1.0,"Natural and Social Scientists, Recreation, Religious, Arts, Athletes","Natural and Social Scientists, Recreation, Religious, Arts, Athletes",1.0,False
18,1822,SCI-School Psychologists,167,1.0,"Natural and Social Scientists, Recreation, Religious, Arts, Athletes","Natural and Social Scientists, Recreation, Religious, Arts, Athletes",1.0,False
18,1825,SCI-Other Psychologists,167,1.0,"Natural and Social Scientists, Recreation, Religious, Arts, Athletes","Natural and Social Scientists, Recreation, Religious, Arts, Athletes",1.0,False
18,1840,SCI-Urban And Regional Planners,173,1.0,"Natural and Social Scientists, Recreation, Religious, Arts, Athletes","Natural and Social Scientists, Recreation, Religious, Arts, Athletes",1.0,False
18,1860,SCI-Other Social Scientists,169,0.931390638474766,"Natural and Social Scientists, Recreation, Religious, Arts, Athletes","Natural and Social Scientists, Recreation, Religious, Arts, Athletes",1.0,False
18,1900,SCI-Agricultural And Food Science Technicians,223,1.0,Health and Science Technicians,Health and Science Technicians,1.0,False
18,1910,SCI-Biological Technicians,223,1.0,Health and Science Technicians,Health and Science Technicians,1.0,False
18,1920,SCI-Chemical Technicians,224,1.0,Health and Science Technicians,Health and Science Technicians,1.0,False
18,1935,"SCI-Environmental Science and Geoscience Technicians, And Nuclear Technicians",214,0.6241132037002762,Health and Science Technicians,Health and Science Technicians,1.0,False
18,1970,"SCI-Other Life, Physical, And Social Science Technicians",214,1.0,Health and Science Technicians,Health and Science Technicians,1.0,False
18,1980,SCI-Occupational Health And Safety Specialists and Technicians,208,1.0,Health and Science Technicians,Health and Science Technicians,1.0,False
18,2001,CMS-Substance Abuse And Behavioral Disorder Counselors,163,1.0,"Teachers, Non-Postsecondary and Librarians","Teachers, Non-Postsecondary and Librarians",1.0,False
18,2002,"CMS-Educational, Guidance, And Career Counselors And Advisors",163,1.0,"Teachers, Non-Postsecondary and Librarians","Teachers, Non-Postsecondary and Librarians",1.0,False
18,2003,CMS-Marriage And Family Therapists,163,1.0,"Teachers, Non-Postsecondary and Librarians","Teachers, Non-Postsecondary and Librarians",1.0,False
18,2004,CMS-Mental Health Counselors,163,1.0,"Teachers, Non-Postsecondary and Librarians","Teachers, Non-Postsecondary and Librarians",1.0,False
18,2005,CMS-Rehabilitation Counselors,163,1.0,"Teachers, Non-Postsecondary and Librarians","Teachers, Non-Postsecondary and Librarians",1.0,False
18,2006,"CMS-Counselors, All Other",163,1.0,"Teachers, Non-Postsecondary and Librarians","Teachers, Non-Postsecondary and Librarians",1.0,False
18,2011,"CMS-Child, Family, And School Social Workers",174,1.0,"Natural and Social Scientists, Recreation, Religious, Arts, Athletes","Natural and Social Scientists, Recreation, Religious, Arts, Athletes",1.0,False
18,2012,CMS-Healthcare Social Workers,174,1.0,"Natural and Social Scientists, Recreation, Religious, Arts, Athletes","Natural and Social Scientists, Recreation, Religious, Arts, Athletes",1.0,False
18,2013,CMS-Mental Health And Substance Abuse Social Workers,174,1.0,"Natural and Social Scientists, Recreation, Religious, Arts, Athletes","Natural and Social Scientists, Recreation, Religious, Arts, Athletes",1.0,False
18,2014,"CMS-Social Workers, All Other",174,1.0,"Natural and Social Scientists, Recreation, Religious, Arts, Athletes","Natural and Social Scientists, Recreation, Religious, Arts, Athletes",1.0,False
18,2015,CMS-Probation Officers And Correctional Treatment Specialists,174,1.0,"Natural and Social Scientists, Recreation, Religious, Arts, Athletes","Natural and Social Scientists, Recreation, Religious, Arts, Athletes",1.0,False
18,2016,CMS-Social And Human Service Assistants,174,1.0,"Natural and Social Scientists, Recreation, Religious, Arts, Athletes","Natural and Social Scientists, Recreation, Religious, Arts, Athletes",1.0,False
18,2025,CMS-Other Community and Social Service Specialists,465,1.0,"Food, Cleaning, and Personal Services and Private Household","Food, Cleaning, and Personal Services and Private Household",1.0,False
18,2040,CMS-Clergy,176,1.0,"Natural and Social Scientists, Recreation, Religious, Arts, Athletes","Natural and Social Scientists, Recreation, Religious, Arts, Athletes",1.0,False
18,2050,"CMS-Directors, Religious Activities And Education",176,1.0,"Natural and Social Scientists, Recreation, Religious, Arts, Athletes","Natural and Social Scientists, Recreation, Religious, Arts, Athletes",1.0,False
18,2060,"CMS-Religious Workers, All Other",176,1.0,"Natural and Social Scientists, Recreation, Religious, Arts, Athletes","Natural and Social Scientists, Recreation, Religious, Arts, Athletes",1.0,False
18,2100,"LGL-Lawyers, And Judges, Magistrates, And Other Judicial Workers",178,1.0,Doctors and Lawyers,Doctors and Lawyers,1.0,False
18,2105,LGL-Judicial Law Clerks,178,0.8698700330755956,Doctors and Lawyers,Doctors and Lawyers,0.8698700330755956,False
18,2145,LGL-Paralegals And Legal Assistants,234,1.0,Health and Science Technicians,Health and Science Technicians,1.0,False
18,2170,"LGL-Title Examiners, Abstractors, and Searchers",234,1.0,Health and Science Technicians,Health and Science Technicians,1.0,False
18,2180,"LGL-Legal Support Workers, All Other",234,1.0,Health and Science Technicians,Health and Science Technicians,1.0,False
18,2205,EDU-Postsecondary Teachers,154,1.0,"Teachers, Postsecondary","Teachers, Postsecondary",1.0,False
18,2300,EDU-Preschool And Kindergarten Teachers,155,1.0,Kindergarten - Secondary Teachers,Kindergarten - Secondary Teachers,1.0,False
18,2310,EDU-Elementary And Middle School Teachers,156,1.0,Kindergarten - Secondary Teachers,Kindergarten - Secondary Teachers,1.0,False
18,2320,EDU-Secondary School Teachers,157,1.0,Kindergarten - Secondary Teachers,Kindergarten - Secondary Teachers,1.0,False
18,2330,EDU-Special Education Teachers,158,1.0,Kindergarten - Secondary Teachers,Kindergarten - Secondary Teachers,1.0,False
18,2350,EDU-Tutors,159,1.0,Kindergarten - Secondary Teachers,Kindergarten - Secondary Teachers,1.0,False
18,2360,EDU-Other Teachers and Instructors,159,1.0,Kindergarten - Secondary Teachers,Kindergarten - Secondary Teachers,1.0,False
18,2400,"EDU-Archivists, Curators, And Museum Technicians",165,1.0,"Teachers, Non-Postsecondary and Librarians","Teachers, Non-Postsecondary and Librarians",1.0,False
18,2435,EDU-Librarians And Media Collections Specialists,164,0.663023311998747,"Teachers, Non-Postsecondary and Librarians","Teachers, Non-Postsecondary and Librarians",1.0,False
18,2440,EDU-Library Technicians,329,1.0,"Administrative Support, Clerks, Record","Administrative Support, Clerks, Record",1.0,False
18,2545,EDU-Teaching Assistants,159,0.5058012735092795,"Teachers, Non-Postsecondary and Librarians","Teachers, Non-Postsecondary and Librarians",0.5058012735092795,True
18,2555,EDU-Other Educational Instruction and Library Workers,159,1.0,"Teachers, Non-Postsecondary and Librarians","Teachers, Non-Postsecondary and Librarians",1.0,False
18,2600,ENT-Artists And Related Workers,188,1.0,"Natural and Social Scientists, Recreation, Religious, Arts, Athletes","Natural and Social Scientists, Recreation, Religious, Arts, Athletes",1.0,False
18,2631,ENT-Commercial And Industrial Designers,185,1.0,"Natural and Social Scientists, Recreation, Religious, Arts, Athletes","Natural and Social Scientists, Recreation, Religious, Arts, Athletes",1.0,False
18,2632,ENT-Fashion Designers,185,1.0,"Natural and Social Scientists, Recreation, Religious, Arts, Athletes","Natural and Social Scientists, Recreation, Religious, Arts, Athletes",1.0,False
18,2633,ENT-Floral Designers,185,1.0,"Natural and Social Scientists, Recreation, Religious, Arts, Athletes","Natural and Social Scientists, Recreation, Religious, Arts, Athletes",1.0,False
18,2634,ENT-Graphic Designers,185,1.0,"Natural and Social Scientists, Recreation, Religious, Arts, Athletes","Natural and Social Scientists, Recreation, Religious, Arts, Athletes",1.0,False
18,2635,ENT-Interior Designers,185,1.0,"Natural and Social Scientists, Recreation, Religious, Arts, Athletes","Natural and Social Scientists, Recreation, Religious, Arts, Athletes",1.0,False
18,2636,ENT-Merchandise Displayer And Windows Trimmers,185,1.0,"Natural and Social Scientists, Recreation, Religious, Arts, Athletes","Natural and Social Scientists, Recreation, Religious, Arts, Athletes",1.0,False
18,2640,ENT-Other Designers,185,1.0,"Natural and Social Scientists, Recreation, Religious, Arts, Athletes","Natural and Social Scientists, Recreation, Religious, Arts, Athletes",1.0,False
18,2700,ENT-Actors,187,1.0,"Natural and Social Scientists, Recreation, Religious, Arts, Athletes","Natural and Social Scientists, Recreation, Religious, Arts, Athletes",1.0,False
18,2710,ENT-Producers And Directors,187,1.0,"Natural and Social Scientists, Recreation, Religious, Arts, Athletes","Natural and Social Scientists, Recreation, Religious, Arts, Athletes",1.0,False
18,2721,ENT-Athletes and Sports Competitors,199,1.0,"Natural and Social Scientists, Recreation, Religious, Arts, Athletes","Natural and Social Scientists, Recreation, Religious, Arts, Athletes",1.0,False
18,2722,ENT-Coaches and Scouts,199,1.0,"Natural and Social Scientists, Recreation, Religious, Arts, Athletes","Natural and Social Scientists, Recreation, Religious, Arts, Athletes",1.0,False
18,2723,"ENT-Umpires, Referees, And Other Sports Officials",199,1.0,"Natural and Social Scientists, Recreation, Religious, Arts, Athletes","Natural and Social Scientists, Recreation, Religious, Arts, Athletes",1.0,False
18,2740,ENT-Dancers And Choreographers,193,1.0,"Natural and Social Scientists, Recreation, Religious, Arts, Athletes","Natural and Social Scientists, Recreation, Religious, Arts, Athletes",1.0,False
18,2751,ENT-Music Directors and Composers,186,1.0,"Natural and Social Scientists, Recreation, Religious, Arts, Athletes","Natural and Social Scientists, Recreation, Religious, Arts, Athletes",1.0,False
18,2752,ENT-Musicians and Singers,186,1.0,"Natural and Social Scientists, Recreation, Religious, Arts, Athletes","Natural and Social Scientists, Recreation, Religious, Arts, Athletes",1.0,False
18,2755,"ENT-Disc Jockeys, Except Radio",194,1.0,"Natural and Social Scientists, Recreation, Religious, Arts, Athletes","Natural and Social Scientists, Recreation, Religious, Arts, Athletes",1.0,False
18,2770,"ENT-Entertainers And Performers, Sports and Related Workers, All Other",194,1.0,"Natural and Social Scientists, Recreation, Religious, Arts, Athletes","Natural and Social Scientists, Recreation, Religious, Arts, Athletes",1.0,False
18,2805,ENT-Broadcast Announcers And Radio Disc Jockeys,198,1.0,"Natural and Social Scientists, Recreation, Religious, Arts, Athletes","Natural and Social Scientists, Recreation, Religious, Arts, Athletes",1.0,False
18,2810,"ENT-News Analysts, Reporters, And Journalists",195,1.0,"Natural and Social Scientists, Recreation, Religious, Arts, Athletes","Natural and Social Scientists, Recreation, Religious, Arts, Athletes",1.0,False
18,2825,ENT-Public Relations Specialists,13,1.0,"Executives, Administrative, and Managerial","Executives, Administrative, and Managerial",1.0,False
18,2830,ENT-Editors,195,1.0,"Natural and Social Scientists, Recreation, Religious, Arts, Athletes","Natural and Social Scientists, Recreation, Religious, Arts, Athletes",1.0,False
18,2840,ENT-Technical Writers,184,1.0,"Natural and Social Scientists, Recreation, Religious, Arts, Athletes","Natural and Social Scientists, Recreation, Religious, Arts, Athletes",1.0,False
18,2850,ENT-Writers And Authors,183,1.0,"Natural and Social Scientists, Recreation, Religious, Arts, Athletes","Natural and Social Scientists, Recreation, Religious, Arts, Athletes",1.0,False
18,2861,ENT-Interpreters and Translators,194,1.0,"Natural and Social Scientists, Recreation, Religious, Arts, Athletes","Natural and Social Scientists, Recreation, Religious, Arts, Athletes",1.0,False
18,2862,ENT-Court Reporters and Simultaneous Captioners,234,1.0,Health and Science Technicians,Health and Science Technicians,1.0,False
18,2865,"ENT-Media And Communication Workers, All Other",198,0.511329049712526,"Natural and Social Scientists, Recreation, Religious, Arts, Athletes","Natural and Social Scientists, Recreation, Religious, Arts, Athletes",1.0,False
18,2905,ENT-Other Media And Communication Equipment Workers,228,1.0,Health and Science Technicians,Health and Science Technicians,1.0,False
18,2910,ENT-Photographers,189,1.0,"Natural and Social Scientists, Recreation, Religious, Arts, Athletes","Natural and Social Scientists, Recreation, Religious, Arts, Athletes",1.0,False
18,2920,"ENT-Television, Video, And Film Camera Operators And Editors",195,1.0,"Natural and Social Scientists, Recreation, Religious, Arts, Athletes","Natural and Social Scientists, Recreation, Religious, Arts, Athletes",1.0,False
18,3000,MED-Chiropractors,89,1.0,Doctors and Lawyers,Doctors and Lawyers,1.0,False
18,3010,MED-Dentists,85,1.0,Doctors and Lawyers,Doctors and Lawyers,1.0,False
18,3030,MED-Dietitians And Nutritionists,97,1.0,"Nurses, Therapists, and Other Health Service","Nurses, Therapists, and Other Health Service",1.0,False
18,3040,MED-Optometrists,87,1.0,Doctors and Lawyers,Doctors and Lawyers,1.0,False
18,3050,MED-Pharmacists,96,1.0,"Nurses, Therapists, and Other Health Service","Nurses, Therapists, and Other Health Service",1.0,False
18,3090,MED-Physicians,84,1.0,Doctors and Lawyers,Doctors and Lawyers,1.0,False
18,3100,MED-Surgeons,84,1.0,Doctors and Lawyers,Doctors and Lawyers,1.0,False
18,3110,MED-Physician Assistants,106,1.0,"Nurses, Therapists, and Other Health Service","Nurses, Therapists, and Other Health Service",1.0,False
18,3120,MED-Podiatrists,88,1.0,Doctors and Lawyers,Doctors and Lawyers,1.0,False
18,3140,MED-Audiologists,104,1.0,"Nurses, Therapists, and Other Health Service","Nurses, Therapists, and Other Health Service",1.0,False
18,3150,MED-Occupational Therapists,99,1.0,"Nurses, Therapists, and Other Health Service","Nurses, Therapists, and Other Health Service",1.0,False
18,3160,MED-Physical Therapists,103,1.0,"Nurses, Therapists, and Other Health Service","Nurses, Therapists, and Other Health Service",1.0,False
18,3200,MED-Radiation Therapists,105,1.0,"Nurses, Therapists, and Other Health Service","Nurses, Therapists, and Other Health Service",1.0,False
18,3210,MED-Recreational Therapists,105,1.0,"Nurses, Therapists, and Other Health Service","Nurses, Therapists, and Other Health Service",1.0,False
18,3220,MED-Respiratory Therapists,98,1.0,"Nurses, Therapists, and Other Health Service","Nurses, Therapists, and Other Health Service",1.0,False
18,3230,MED-Speech-Language Pathologists,104,1.0,"Nurses, Therapists, and Other Health Service","Nurses, Therapists, and Other Health Service",1.0,False
18,3245,MED-Other Therapists,105,1.0,"Nurses, Therapists, and Other Health Service","Nurses, Therapists, and Other Health Service",1.0,False
18,3250,MED-Veterinarians,86,1.0,Doctors and Lawyers,Doctors and Lawyers,1.0,False
18,3255,MED-Registered Nurses,95,1.0,"Nurses, Therapists, and Other Health Service","Nurses, Therapists, and Other Health Service",1.0,False
18,3256,MED-Nurse Anesthetists,95,1.0,"Nurses, Therapists, and Other Health Service","Nurses, Therapists, and Other Health Service",1.0,False
18,3258,"MED-Nurse Practitioners, And Nurse Midwives",95,1.0,"Nurses, Therapists, and Other Health Service","Nurses, Therapists, and Other Health Service",1.0,False
18,3261,MED-Acupuncturists,89,1.0,Doctors and Lawyers,Doctors and Lawyers,1.0,False
18,3270,"MED-Healthcare Diagnosing Or Treating Practitioners, All Other",89,1.0,Doctors and Lawyers,Doctors and Lawyers,1.0,False
18,3300,MED-Clinical Laboratory Technologists And Technicians,203,1.0,Health and Science Technicians,Health and Science Technicians,1.0,False
18,3310,MED-Dental Hygienists,204,1.0,Health and Science Technicians,Health and Science Technicians,1.0,False
18,3321,MED-Cardiovascular Technologists and Technicians,206,1.0,Health and Science Technicians,Health and Science Technicians,1.0,False
18,3322,MED-Diagnostic Medical Sonographers,206,1.0,Health and Science Technicians,Health and Science Technicians,1.0,False
18,3323,MED-Radiologic Technologists And Technicians,206,1.0,Health and Science Technicians,Health and Science Technicians,1.0,False
18,3324,MED-Magnetic Resonance Imaging Technologists,206,1.0,Health and Science Technicians,Health and Science Technicians,1.0,False
18,3330,MED-Nuclear Medicine Technologists and Medical Dosimetrists,206,1.0,Health and Science Technicians,Health and Science Technicians,1.0,False
18,3401,MED-Emergency Medical Technicians,208,1.0,Health and Science Technicians,Health and Science Technicians,1.0,False
18,3402,MED-Paramedics,208,1.0,Health and Science Technicians,Health and Science Technicians,1.0,False
18,3421,MED-Pharmacy Technicians,446,0.9840917023057311,"Nurses, Therapists, and Other Health Service","Nurses, Therapists, and Other Health Service",0.9840917023057311,False
18,3422,MED-Psychiatric Technicians,446,0.9840917023057311,"Nurses, Therapists, and Other Health Service","Nurses, Therapists, and Other Health Service",0.9840917023057311,False
18,3423,MED-Surgical Technologists,446,0.9840917023057311,"Nurses, Therapists, and Other Health Service","Nurses, Therapists, and Other Health Service",0.9840917023057311,False
18,3424,MED-Veterinary Technologists and Technicians,446,0.984091702305731,"Nurses, Therapists, and Other Health Service","Nurses, Therapists, and Other Health Service",0.984091702305731,False
18,3430,MED-Dietetic Technicians And Ophthalmic Medical Technicians,446,0.9840917023057311,"Nurses, Therapists, and Other Health Service","Nurses, Therapists, and Other Health Service",0.9840917023057311,False
18,3500,MED-Licensed Practical And Licensed Vocational Nurses,207,1.0,Health and Science Technicians,Health and Science Technicians,1.0,False
18,3515,MED-Medical Records Specialists,205,1.0,Health and Science Technicians,Health and Science Technicians,1.0,False
18,3520,"MED-Opticians, Dispensing",677,1.0,Precision Manufacturing,Precision Manufacturing,1.0,False
18,3545,MED-Miscellaneous Health Technologists and Technicians,208,0.5531333464308136,Health and Science Technicians,Health and Science Technicians,0.5531333464308136,True
18,3550,MED-Other Healthcare Practitioners and Technical Occupations,208,0.5911292553238241,Health and Science Technicians,Health and Science Technicians,1.0,False
18,3601,HLS-Home Health Aides,447,1.0,"Nurses, Therapists, and Other Health Service","Nurses, Therapists, and Other Health Service",1.0,False
18,3602,HLS-Personal Care Aides,447,1.0,"Nurses, Therapists, and Other Health Service","Nurses, Therapists, and Other Health Service",1.0,False
18,3603,HLS-Nursing Assistants,447,1.0,"Nurses, Therapists, and Other Health Service","Nurses, Therapists, and Other Health Service",1.0,False
18,3605,HLS-Orderlies and Psychiatric Aides,447,1.0,"Nurses, Therapists, and Other Health Service","Nurses, Therapists, and Other Health Service",1.0,False
18,3610,HLS-Occupational Therapy Assistants And Aides,99,1.0,"Nurses, Therapists, and Other Health Service","Nurses, Therapists, and Other Health Service",1.0,False
18,3620,HLS-Physical Therapist Assistants And Aides,103,1.0,"Nurses, Therapists, and Other Health Service","Nurses, Therapists, and Other Health Service",1.0,False
18,3630,HLS-Massage Therapists,469,1.0,"Food, Cleaning, and Personal Services and Private Household","Food, Cleaning, and Personal Services and Private Household",1.0,False
18,3640,HLS-Dental Assistants,445,1.0,"Nurses, Therapists, and Other Health Service","Nurses, Therapists, and Other Health Service",1.0,False
18,3645,HLS-Medical Assistants,446,1.0,"Nurses, Therapists, and Other Health Service","Nurses, Therapists, and Other Health Service",1.0,False
18,3646,HLS-Medical Transcriptionists,446,1.0,"Nurses, Therapists, and Other Health Service","Nurses, Therapists, and Other Health Service",1.0,False
18,3647,HLS-Pharmacy Aides,446,1.0,"Nurses, Therapists, and Other Health Service","Nurses, Therapists, and Other Health Service",1.0,False
18,3648,HLS-Veterinary Assistants And Laboratory Animal Caretakers,446,1.0,"Nurses, Therapists, and Other Health Service","Nurses, Therapists, and Other Health Service",1.0,False
18,3649,HLS-Phlebotomists,446,1.0,"Nurses, Therapists, and Other Health Service","Nurses, Therapists, and Other Health Service",1.0,False
18,3655,HLS-Other Healthcare Support Workers,446,1.0,"Nurses, Therapists, and Other Health Service","Nurses, Therapists, and Other Health Service",1.0,False
18,3700,PRT-First-Line Supervisors Of Correctional Officers,423,1.0,"Fire, Police, and Guards","Fire, Police, and Guards",1.0,False
18,3710,PRT-First-Line Supervisors Of Police And Detectives,418,1.0,"Fire, Police, and Guards","Fire, Police, and Guards",1.0,False
18,3720,PRT-First-Line Supervisors Of Firefighting And Prevention Workers,417,1.0,"Fire, Police, and Guards","Fire, Police, and Guards",1.0,False
18,3725,"PRT-Miscellaneous First-Line Supervisors, Protective Service Workers",415,1.0,"Fire, Police, and Guards","Fire, Police, and Guards",1.0,False
18,3740,PRT-Firefighters,417,1.0,"Fire, Police, and Guards","Fire, Police, and Guards",1.0,False
18,3750,PRT-Fire Inspectors,417,1.0,"Fire, Police, and Guards","Fire, Police, and Guards",1.0,False
18,3801,PRT-Bailiffs,423,1.0,"Fire, Police, and Guards","Fire, Police, and Guards",1.0,False
18,3802,PRT-Correctional Officers and Jailers,423,1.0,"Fire, Police, and Guards","Fire, Police, and Guards",1.0,False
18,3820,PRT-Detectives And Criminal Investigators,418,1.0,"Fire, Police, and Guards","Fire, Police, and Guards",1.0,False
18,3840,PRT-Fish And Game Wardens And Parking Enforcement Officers,423,1.0,"Fire, Police, and Guards","Fire, Police, and Guards",1.0,False
18,3870,PRT-Police Officers,418,1.0,"Fire, Police, and Guards","Fire, Police, and Guards",1.0,False
18,3900,PRT-Animal Control Workers,427,1.0,"Fire, Police, and Guards","Fire, Police, and Guards",1.0,False
18,3910,PRT-Private Detectives And Investigators,418,1.0,"Fire, Police, and Guards","Fire, Police, and Guards",1.0,False
18,3930,PRT-Security Guards And Gambling Surveillance Officers,426,1.0,"Fire, Police, and Guards","Fire, Police, and Guards",1.0,False
18,3940,PRT-Crossing Guards And Flaggers,425,1.0,"Fire, Police, and Guards","Fire, Police, and Guards",1.0,False
18,3945,PRT-Transportation Security Screeners,426,0.9919408455013741,"Fire, Police, and Guards","Fire, Police, and Guards",0.9989069148068314,False
18,3946,PRT-School Bus Monitors,427,1.0,"Fire, Police, and Guards","Fire, Police, and Guards",1.0,False
18,3960,PRT-Other Protective Service Workers,427,1.0,"Fire, Police, and Guards","Fire, Police, and Guards",1.0,False
18,4000,EAT-Chefs And Head Cooks,436,1.0,"Food, Cleaning, and Personal Services and Private Household","Food, Cleaning, and Personal Services and Private Household",1.0,False
18,4010,EAT-First-Line Supervisors Of Food Preparation And Serving Workers,436,1.0,"Food, Cleaning, and Personal Services and Private Household","Food, Cleaning, and Personal Services and Private Household",1.0,False
18,4020,EAT-Cooks,436,1.0,"Food, Cleaning, and Personal Services and Private Household","Food, Cleaning, and Personal Services and Private Household",1.0,False
18,4030,EAT-Food Preparation Workers,444,1.0,"Food, Cleaning, and Personal Services and Private Household","Food, Cleaning, and Personal Services and Private Household",1.0,False
18,4040,EAT-Bartenders,434,1.0,"Food, Cleaning, and Personal Services and Private Household","Food, Cleaning, and Personal Services and Private Household",1.0,False
18,4055,EAT-Fast Food And Counter Workers,439,1.0,"Food, Cleaning, and Personal Services and Private Household","Food, Cleaning, and Personal Services and Private Household",1.0,False
18,4110,EAT-Waiters And Waitresses,435,1.0,"Food, Cleaning, and Personal Services and Private Household","Food, Cleaning, and Personal Services and Private Household",1.0,False
18,4120,"EAT-Food Servers, Nonrestaurant",443,1.0,"Food, Cleaning, and Personal Services and Private Household","Food, Cleaning, and Personal Services and Private Household",1.0,False
18,4130,EAT-Dining Room And Cafeteria Attendants And Bartender Helpers,443,1.0,"Food, Cleaning, and Personal Services and Private Household","Food, Cleaning, and Personal Services and Private Household",1.0,False
18,4140,EAT-Dishwashers,444,1.0,"Food, Cleaning, and Personal Services and Private Household","Food, Cleaning, and Personal Services and Private Household",1.0,False
18,4150,"EAT-Hosts And Hostesses, Restaurant, Lounge, And Coffee Shop",469,1.0,"Food, Cleaning, and Personal Services and Private Household","Food, Cleaning, and Personal Services and Private Household",1.0,False
18,4160,"EAT-Food Preparation and Serving Related Workers, All Other",444,1.0,"Food, Cleaning, and Personal Services and Private Household","Food, Cleaning, and Personal Services and Private Household",1.0,False
18,4200,CLN-First-Line Supervisors Of Housekeeping And Janitorial Workers,448,1.0,"Food, Cleaning, and Personal Services and Private Household","Food, Cleaning, and Personal Services and Private Household",1.0,False
18,4210,"CLN-First-Line Supervisors Of Landscaping, Lawn Service, And Groundskeeping Workers",485,1.0,"Farm, Related Agrigulture, Logging, and Extraction","Farm, Related Agrigulture, Logging, and Extraction",1.0,False
18,4220,CLN-Janitors And Building Cleaners,453,1.0,"Food, Cleaning, and Personal Services and Private Household","Food, Cleaning, and Personal Services and Private Household",1.0,False
18,4230,CLN-Maids And Housekeeping Cleaners,405,1.0,"Food, Cleaning, and Personal Services and Private Household","Food, Cleaning, and Personal Services and Private Household",1.0,False
18,4240,CLN-Pest Control Workers,455,1.0,"Food, Cleaning, and Personal Services and Private Household","Food, Cleaning, and Personal Services and Private Household",1.0,False
18,4251,CLN-Landscaping And Groundskeeping Workers,486,1.0,"Farm, Related Agrigulture, Logging, and Extraction","Farm, Related Agrigulture, Logging, and Extraction",1.0,False
18,4252,CLN-Tree Trimmers and Pruners,486,1.0,"Farm, Related Agrigulture, Logging, and Extraction","Farm, Related Agrigulture, Logging, and Extraction",1.0,False
18,4255,CLN-Other Grounds Maintenance Workers,486,1.0,"Farm, Related Agrigulture, Logging, and Extraction","Farm, Related Agrigulture, Logging, and Extraction",1.0,False
18,4330,PRS-Supervisors Of Personal Care And Service Workers,22,0.5958627004883496,"Executives, Administrative, and Managerial","Executives, Administrative, and Managerial",0.5958627004883496,True
18,4340,PRS-Animal Trainers,479,1.0,"Farm, Related Agrigulture, Logging, and Extraction","Farm, Related Agrigulture, Logging, and Extraction",1.0,False
18,4350,PRS-Animal Caretakers,487,1.0,"Farm, Related Agrigulture, Logging, and Extraction","Farm, Related Agrigulture, Logging, and Extraction",1.0,False
18,4400,PRS-Gambling Services Workers,459,1.0,"Food, Cleaning, and Personal Services and Private Household","Food, Cleaning, and Personal Services and Private Household",1.0,False
18,4420,"PRS-Ushers, Lobby Attendants, And Ticket Takers",462,1.0,"Food, Cleaning, and Personal Services and Private Household","Food, Cleaning, and Personal Services and Private Household",1.0,False
18,4435,PRS-Other Entertainment Attendants And Related Workers,462,1.0,"Food, Cleaning, and Personal Services and Private Household","Food, Cleaning, and Personal Services and Private Household",1.0,False
18,4461,"PRS-Embalmers, Crematory Operators And Funeral Attendants",469,1.0,"Food, Cleaning, and Personal Services and Private Household","Food, Cleaning, and Personal Services and Private Household",1.0,False
18,4465,"PRS-Morticians, Undertakers, And Funeral Arrangers",469,1.0,"Food, Cleaning, and Personal Services and Private Household","Food, Cleaning, and Personal Services and Private Household",1.0,False
18,4500,PRS-Barbers,457,1.0,"Food, Cleaning, and Personal Services and Private Household","Food, Cleaning, and Personal Services and Private Household",1.0,False
18,4510,"PRS-Hairdressers, Hairstylists, And Cosmetologists",458,1.0,"Food, Cleaning, and Personal Services and Private Household","Food, Cleaning, and Personal Services and Private Household",1.0,False
18,4521,PRS-Manicurists And Pedicurists,458,1.0,"Food, Cleaning, and Personal Services and Private Household","Food, Cleaning, and Personal Services and Private Household",1.0,False
18,4522,PRS-Skincare Specialists,458,1.0,"Food, Cleaning, and Personal Services and Private Household","Food, Cleaning, and Personal Services and Private Household",1.0,False
18,4525,PRS-Other Personal Appearance Workers,458,1.0,"Food, Cleaning, and Personal Services and Private Household","Food, Cleaning, and Personal Services and Private Household",1.0,False
18,4530,"PRS-Baggage Porters, Bellhops, And Concierges",464,1.0,"Food, Cleaning, and Personal Services and Private Household","Food, Cleaning, and Personal Services and Private Household",1.0,False
18,4540,PRS-Tour And Travel Guides,461,1.0,"Food, Cleaning, and Personal Services and Private Household","Food, Cleaning, and Personal Services and Private Household",1.0,False
18,4600,PRS-Childcare Workers,468,1.0,"Food, Cleaning, and Personal Services and Private Household","Food, Cleaning, and Personal Services and Private Household",1.0,False
18,4621,PRS-Exercise Trainers And Group Fitness Instructors,175,1.0,"Natural and Social Scientists, Recreation, Religious, Arts, Athletes","Natural and Social Scientists, Recreation, Religious, Arts, Athletes",1.0,False
18,4622,PRS-Recreation Workers,175,1.0,"Natural and Social Scientists, Recreation, Religious, Arts, Athletes","Natural and Social Scientists, Recreation, Religious, Arts, Athletes",1.0,False
18,4640,PRS-Residential Advisors,468,1.0,"Food, Cleaning, and Personal Services and Private Household","Food, Cleaning, and Personal Services and Private Household",1.0,False
18,4655,"PRS-Personal Care and Service Workers, All Other",469,1.0,"Food, Cleaning, and Personal Services and Private Household","Food, Cleaning, and Personal Services and Private Household",1.0,False
18,4700,SAL-First-Line Supervisors Of Retail Sales Workers,243,1.0,"Sales, All","Sales, All",1.0,False
18,4710,SAL-First-Line Supervisors Of Non-Retail Sales Workers,243,1.0,"Sales, All","Sales, All",1.0,False
18,4720,SAL-Cashiers,276,1.0,"Sales, All","Sales, All",1.0,False
18,4740,SAL-Counter And Rental Clerks,274,1.0,"Sales, All","Sales, All",1.0,False
18,4750,SAL-Parts Salespersons,274,1.0,"Sales, All","Sales, All",1.0,False
18,4760,SAL-Retail Salespersons,275,1.0,"Sales, All","Sales, All",1.0,False
18,4800,SAL-Advertising Sales Agents,256,1.0,"Sales, All","Sales, All",1.0,False
18,4810,SAL-Insurance Sales Agents,253,1.0,"Sales, All","Sales, All",1.0,False
18,4820,"SAL-Securities, Commodities, And Financial Services Sales Agents",255,1.0,"Sales, All","Sales, All",1.0,False
18,4830,SAL-Travel Agents,318,1.0,"Administrative Support, Clerks, Record","Administrative Support, Clerks, Record",1.0,False
18,4840,"SAL-Sales Representatives Of Services, Except Advertising, Insurance, Financial Services, And Travel",274,1.0,"Sales, All","Sales, All",1.0,False
18,4850,"SAL-Sales Representatives, Wholesale And Manufacturing",274,1.0,"Sales, All","Sales, All",1.0,False
18,4900,"SAL-Models, Demonstrators, And Product Promoters",283,1.0,"Sales, All","Sales, All",1.0,False
18,4920,SAL-Real Estate Brokers And Sales Agents,254,1.0,"Sales, All","Sales, All",1.0,False
18,4930,SAL-Sales Engineers,258,1.0,"Sales, All","Sales, All",1.0,False
18,4940,SAL-Telemarketers,274,1.0,"Sales, All","Sales, All",1.0,False
18,4950,"SAL-Door-To-Door Sales Workers, News And Street Vendors, And Related Workers",277,1.0,"Sales, All","Sales, All",1.0,False
18,4965,"SAL-Sales And Related Workers, All Other",274,1.0,"Sales, All","Sales, All",1.0,False
18,5000,OFF-First-Line Supervisors Of Office And Administrative Support Workers,303,1.0,"Administrative Support, Clerks, Record","Administrative Support, Clerks, Record",1.0,False
18,5010,"OFF-Switchboard Operators, Including Answering Service",348,1.0,"Administrative Support, Clerks, Record","Administrative Support, Clerks, Record",1.0,False
18,5020,OFF-Telephone Operators,348,1.0,"Administrative Support, Clerks, Record","Administrative Support, Clerks, Record",1.0,False
18,5040,"OFF-Communications Equipment Operators, All Other",228,0.5067069685128468,Health and Science Technicians,Health and Science Technicians,0.5067069685128468,True
18,5100,OFF-Bill And Account Collectors,378,1.0,"Administrative Support, Clerks, Record","Administrative Support, Clerks, Record",1.0,False
18,5110,OFF-Billing And Posting Clerks,344,1.0,"Administrative Support, Clerks, Record","Administrative Support, Clerks, Record",1.0,False
18,5120,"OFF-Bookkeeping, Accounting, And Auditing Clerks",337,1.0,"Administrative Support, Clerks, Record","Administrative Support, Clerks, Record",1.0,False
18,5140,OFF-Payroll And Timekeeping Clerks,338,1.0,"Administrative Support, Clerks, Record","Administrative Support, Clerks, Record",1.0,False
18,5150,OFF-Procurement Clerks,365,1.0,"Administrative Support, Clerks, Record","Administrative Support, Clerks, Record",1.0,False
18,5160,OFF-Tellers,383,1.0,"Administrative Support, Clerks, Record","Administrative Support, Clerks, Record",1.0,False
18,5165,OFF-Other Financial Clerks,389,1.0,"Administrative Support, Clerks, Record","Administrative Support, Clerks, Record",1.0,False
18,5220,"OFF-Court, Municipal, And License Clerks",389,1.0,"Administrative Support, Clerks, Record","Administrative Support, Clerks, Record",1.0,False
18,5230,"OFF-Credit Authorizers, Checkers, And Clerks",316,1.0,"Administrative Support, Clerks, Record","Administrative Support, Clerks, Record",1.0,False
18,5240,OFF-Customer Service Representatives,376,1.0,"Administrative Support, Clerks, Record","Administrative Support, Clerks, Record",1.0,False
18,5250,"OFF-Eligibility Interviewers, Government Programs",377,1.0,"Administrative Support, Clerks, Record","Administrative Support, Clerks, Record",1.0,False
18,5260,OFF-File Clerks,335,1.0,"Administrative Support, Clerks, Record","Administrative Support, Clerks, Record",1.0,False
18,5300,"OFF-Hotel, Motel, And Resort Desk Clerks",317,1.0,"Administrative Support, Clerks, Record","Administrative Support, Clerks, Record",1.0,False
18,5310,"OFF-Interviewers, Except Eligibility And Loan",316,1.0,"Administrative Support, Clerks, Record","Administrative Support, Clerks, Record",1.0,False
18,5320,"OFF-Library Assistants, Clerical",329,1.0,"Administrative Support, Clerks, Record","Administrative Support, Clerks, Record",1.0,False
18,5330,OFF-Loan Interviewers And Clerks,376,1.0,"Administrative Support, Clerks, Record","Administrative Support, Clerks, Record",1.0,False
18,5340,OFF-New Accounts Clerks,316,1.0,"Administrative Support, Clerks, Record","Administrative Support, Clerks, Record",1.0,False
18,5350,OFF-Correspondence Clerks And Order Clerks,326,1.0,"Administrative Support, Clerks, Record","Administrative Support, Clerks, Record",1.0,False
18,5360,"OFF-Human Resources Assistants, Except Payroll And Timekeeping",328,1.0,"Administrative Support, Clerks, Record","Administrative Support, Clerks, Record",1.0,False
18,5400,OFF-Receptionists And Information Clerks,319,1.0,"Administrative Support, Clerks, Record","Administrative Support, Clerks, Record",1.0,False
18,5410,OFF-Reservation And Transportation Ticket Agents And Travel Clerks,318,1.0,"Administrative Support, Clerks, Record","Administrative Support, Clerks, Record",1.0,False
18,5420,OFF-Other Information And Records Clerks,336,1.0,"Administrative Support, Clerks, Record","Administrative Support, Clerks, Record",1.0,False
18,5500,OFF-Cargo And Freight Agents,364,1.0,"Administrative Support, Clerks, Record","Administrative Support, Clerks, Record",1.0,False
18,5510,OFF-Couriers And Messengers,357,1.0,"Administrative Support, Clerks, Record","Administrative Support, Clerks, Record",1.0,False
18,5521,OFF-Public Safety Telecommunicators,359,1.0,"Administrative Support, Clerks, Record","Administrative Support, Clerks, Record",1.0,False
18,5522,"OFF-Dispatchers, Except Police, Fire, And Ambulance",359,1.0,"Administrative Support, Clerks, Record","Administrative Support, Clerks, Record",1.0,False
18,5530,"OFF-Meter Readers, Utilities",366,1.0,"Administrative Support, Clerks, Record","Administrative Support, Clerks, Record",1.0,False
18,5540,OFF-Postal Service Clerks,354,1.0,"Administrative Support, Clerks, Record","Administrative Support, Clerks, Record",1.0,False
18,5550,OFF-Postal Service Mail Carriers,355,1.0,"Administrative Support, Clerks, Record","Administrative Support, Clerks, Record",1.0,False
18,5560,"OFF-Postal Service Mail Sorters, Processors, And Processing Machine Operators",354,1.0,"Administrative Support, Clerks, Record","Administrative Support, Clerks, Record",1.0,False
18,5600,"OFF-Production, Planning, And Expediting Clerks",373,1.0,"Administrative Support, Clerks, Record","Administrative Support, Clerks, Record",1.0,False
18,5610,"OFF-Shipping, Receiving, And Inventory Clerks",364,1.0,"Administrative Support, Clerks, Record","Administrative Support, Clerks, Record",1.0,False
18,5630,"OFF-Weighers, Measurers, Checkers, And Samplers, Recordkeeping",368,1.0,"Administrative Support, Clerks, Record","Administrative Support, Clerks, Record",1.0,False
18,5710,OFF-Executive Secretaries And Executive Administrative Assistants,313,1.0,"Administrative Support, Clerks, Record","Administrative Support, Clerks, Record",1.0,False
18,5720,OFF-Legal Secretaries and Administrative Assistants,313,1.0,"Administrative Support, Clerks, Record","Administrative Support, Clerks, Record",1.0,False
18,5730,OFF-Medical Secretaries and Administrative Assistants,313,1.0,"Administrative Support, Clerks, Record","Administrative Support, Clerks, Record",1.0,False
18,5740,"OFF-Secretaries And Administrative Assistants, Except Legal, Medical, And Executive",313,1.0,"Administrative Support, Clerks, Record","Administrative Support, Clerks, Record",1.0,False
18,5810,OFF-Data Entry Keyers,385,1.0,"Administrative Support, Clerks, Record","Administrative Support, Clerks, Record",1.0,False
18,5820,OFF-Word Processors And Typists,315,1.0,"Administrative Support, Clerks, Record","Administrative Support, Clerks, Record",1.0,False
18,5840,OFF-Insurance Claims And Policy Processing Clerks,375,1.0,"Administrative Support, Clerks, Record","Administrative Support, Clerks, Record",1.0,False
18,5850,"OFF-Mail Clerks And Mail Machine Operators, Except Postal Service",356,1.0,"Administrative Support, Clerks, Record","Administrative Support, Clerks, Record",1.0,False
18,5860,"OFF-Office Clerks, General",379,1.0,"Administrative Support, Clerks, Record","Administrative Support, Clerks, Record",1.0,False
18,5900,"OFF-Office Machine Operators, Except Computer",347,1.0,"Administrative Support, Clerks, Record","Administrative Support, Clerks, Record",1.0,False
18,5910,OFF-Proofreaders And Copy Markers,384,1.0,"Administrative Support, Clerks, Record","Administrative Support, Clerks, Record",1.0,False
18,5920,OFF-Statistical Assistants,386,1.0,"Administrative Support, Clerks, Record","Administrative Support, Clerks, Record",1.0,False
18,5940,OFF-Other Office And Administrative Support Workers,389,1.0,"Administrative Support, Clerks, Record","Administrative Support, Clerks, Record",1.0,False
18,6005,"FFF-First-Line Supervisors Of Farming, Fishing, And Forestry Workers",496,1.0,"Farm, Related Agrigulture, Logging, and Extraction","Farm, Related Agrigulture, Logging, and Extraction",1.0,False
18,6010,FFF-Agricultural Inspectors,489,1.0,"Farm, Related Agrigulture, Logging, and Extraction","Farm, Related Agrigulture, Logging, and Extraction",1.0,False
18,6040,"FFF-Graders And Sorters, Agricultural Products",488,1.0,"Farm, Related Agrigulture, Logging, and Extraction","Farm, Related Agrigulture, Logging, and Extraction",1.0,False
18,6050,FFF-Other Agricultural Workers,479,1.0,"Farm, Related Agrigulture, Logging, and Extraction","Farm, Related Agrigulture, Logging, and Extraction",1.0,False
18,6115,FFF-Fishing And Hunting Workers,498,1.0,"Farm, Related Agrigulture, Logging, and Extraction","Farm, Related Agrigulture, Logging, and Extraction",1.0,False
18,6120,FFF-Forest And Conservation Workers,496,1.0,"Farm, Related Agrigulture, Logging, and Extraction","Farm, Related Agrigulture, Logging, and Extraction",1.0,False
18,6130,FFF-Logging Workers,496,1.0,"Farm, Related Agrigulture, Logging, and Extraction","Farm, Related Agrigulture, Logging, and Extraction",1.0,False
18,6200,CON-First-Line Supervisors Of Construction Trades And Extraction Workers,558,1.0,Mechanics and Construction,Mechanics and Construction,1.0,False
18,6210,CON-Boilermakers,643,1.0,Precision Manufacturing,Precision Manufacturing,1.0,False
18,6220,"CON-Brickmasons, Blockmasons, Stonemasons, And Reinforcing Iron And Rebar Workers",563,1.0,Mechanics and Construction,Mechanics and Construction,1.0,False
18,6230,CON-Carpenters,567,1.0,Mechanics and Construction,Mechanics and Construction,1.0,False
18,6240,"CON-Carpet, Floor, And Tile Installers And Finishers",563,1.0,Mechanics and Construction,Mechanics and Construction,1.0,False
18,6250,"CON-Cement Masons, Concrete Finishers, And Terrazzo Workers",588,1.0,Mechanics and Construction,Mechanics and Construction,1.0,False
18,6260,CON-Construction Laborers,869,1.0,Mechanics and Construction,Mechanics and Construction,1.0,False
18,6305,CON-Construction Equipment Operators,594,1.0,Mechanics and Construction,Mechanics and Construction,1.0,False
18,6330,"CON-Drywall Installers, Ceiling Tile Installers, And Tapers",573,1.0,Mechanics and Construction,Mechanics and Construction,1.0,False
18,6355,CON-Electricians,575,1.0,Mechanics and Construction,Mechanics and Construction,1.0,False
18,6360,CON-Glaziers,589,1.0,Mechanics and Construction,Mechanics and Construction,1.0,False
18,6400,CON-Insulation Workers,593,1.0,Mechanics and Construction,Mechanics and Construction,1.0,False
18,6410,CON-Painters and Paperhangers,579,1.0,Mechanics and Construction,Mechanics and Construction,1.0,False
18,6441,CON-Pipelayers,585,1.0,Mechanics and Construction,Mechanics and Construction,1.0,False
18,6442,"CON-Plumbers, Pipefitters, And Steamfitters",585,1.0,Mechanics and Construction,Mechanics and Construction,1.0,False
18,6460,CON-Plasterers And Stucco Masons,584,1.0,Mechanics and Construction,Mechanics and Construction,1.0,False
18,6515,CON-Roofers,595,1.0,Mechanics and Construction,Mechanics and Construction,1.0,False
18,6520,CON-Sheet Metal Workers,596,1.0,Mechanics and Construction,Mechanics and Construction,1.0,False
18,6530,CON-Structural Iron And Steel Workers,597,1.0,Mechanics and Construction,Mechanics and Construction,1.0,False
18,6540,CON-Solar Photovoltaic Installers,597,1.0,Mechanics and Construction,Mechanics and Construction,1.0,False
18,6600,"CON-Helpers, Construction Trades",866,1.0,Mechanics and Construction,Mechanics and Construction,1.0,False
18,6660,CON-Construction And Building Inspectors,35,1.0,Management Related,Management Related,1.0,False
18,6700,CON-Elevator And Escalator Installers And Repairers,543,1.0,Mechanics and Construction,Mechanics and Construction,1.0,False
18,6710,CON-Fence Erectors,599,1.0,Mechanics and Construction,Mechanics and Construction,1.0,False
18,6720,CON-Hazardous Materials Removal Workers,593,1.0,Mechanics and Construction,Mechanics and Construction,1.0,False
18,6730,CON-Highway Maintenance Workers,869,1.0,Mechanics and Construction,Mechanics and Construction,1.0,False
18,6740,CON-Rail-Track Laying And Maintenance Equipment Operators,889,1.0,"Fabricators, Inspectors, and Material Handlers","Fabricators, Inspectors, and Material Handlers",1.0,False
18,6765,CON-Other Construction And Related Workers,599,0.988448710112487,Mechanics and Construction,Mechanics and Construction,1.0,False
18,6800,"EXT-Derrick, Rotary Drill, And Service Unit Operators, And Roustabouts, Oil, Gas, And Mining",614,1.0,"Farm, Related Agrigulture, Logging, and Extraction","Farm, Related Agrigulture, Logging, and Extraction",1.0,False
18,6825,EXT-Surface Mining Machine Operators And Earth Drillers,598,1.0,Mechanics and Construction,Mechanics and Construction,1.0,False
18,6835,"EXT-Explosives Workers, Ordnance Handling Experts, and Blasters",615,0.5565131393045659,"Farm, Related Agrigulture, Logging, and Extraction","Farm, Related Agrigulture, Logging, and Extraction",0.5565131393045659,True
18,6850,EXT-Underground Mining Machine Operators,616,0.7371186829975195,"Farm, Related Agrigulture, Logging, and Extraction","Farm, Related Agrigulture, Logging, and Extraction",0.7371186829985528,True
18,6950,EXT-Other Extraction Workers,616,0.9999999999990956,"Farm, Related Agrigulture, Logging, and Extraction","Farm, Related Agrigulture, Logging, and Extraction",0.9999999999990956,False
18,7000,"RPR-First-Line Supervisors Of Mechanics, Installers, And Repairers",503,1.0,Mechanics and Construction,Mechanics and Construction,1.0,False
18,7010,"RPR-Computer, Automated Teller, And Office Machine Repairers",525,1.0,Mechanics and Construction,Mechanics and Construction,1.0,False
18,7020,RPR-Radio And Telecommunications Equipment Installers And Repairers,527,1.0,Mechanics and Construction,Mechanics and Construction,1.0,False
18,7030,RPR-Avionics Technicians,533,1.0,Mechanics and Construction,Mechanics and Construction,1.0,False
18,7040,"RPR-Electric Motor, Power Tool, And Related Repairers",577,1.0,Mechanics and Construction,Mechanics and Construction,1.0,False
18,7100,"RPR-Other Electrical And Electronic Equipment Mechanics, Installers, And Repairers",523,1.0,Mechanics and Construction,Mechanics and Construction,1.0,False
18,7120,RPR-Audiovisual Equipment Installers And Repairers,523,1.0,Mechanics and Construction,Mechanics and Construction,1.0,False
18,7130,RPR-Security And Fire Alarm Systems Installers,575,1.0,Mechanics and Construction,Mechanics and Construction,1.0,False
18,7140,RPR-Aircraft Mechanics And Service Technicians,508,1.0,Mechanics and Construction,Mechanics and Construction,1.0,False
18,7150,RPR-Automotive Body And Related Repairers,514,1.0,Mechanics and Construction,Mechanics and Construction,1.0,False
18,7160,RPR-Automotive Glass Installers And Repairers,514,1.0,Mechanics and Construction,Mechanics and Construction,1.0,False
18,7200,RPR-Automotive Service Technicians And Mechanics,505,1.0,Mechanics and Construction,Mechanics and Construction,1.0,False
18,7210,RPR-Bus And Truck Mechanics And Diesel Engine Specialists,507,1.0,Mechanics and Construction,Mechanics and Construction,1.0,False
18,7220,RPR-Heavy Vehicle And Mobile Equipment Service Technicians And Mechanics,516,1.0,Mechanics and Construction,Mechanics and Construction,1.0,False
18,7240,RPR-Small Engine Mechanics,509,1.0,Mechanics and Construction,Mechanics and Construction,1.0,False
18,7260,"RPR-Miscellaneous Vehicle And Mobile Equipment Mechanics, Installers, And Repairers",516,1.0,Mechanics and Construction,Mechanics and Construction,1.0,False
18,7300,RPR-Control And Valve Installers And Repairers,539,1.0,Mechanics and Construction,Mechanics and Construction,1.0,False
18,7315,"RPR-Heating, Air Conditioning, And Refrigeration Mechanics And Installers",534,1.0,Mechanics and Construction,Mechanics and Construction,1.0,False
18,7320,RPR-Home Appliance Repairers,526,1.0,Mechanics and Construction,Mechanics and Construction,1.0,False
18,7330,RPR-Industrial And Refractory Machinery Mechanics,518,1.0,Mechanics and Construction,Mechanics and Construction,1.0,False
18,7340,"RPR-Maintenance And Repair Workers, General",549,1.0,Mechanics and Construction,Mechanics and Construction,1.0,False
18,7350,"RPR-Maintenance Workers, Machinery",519,1.0,Mechanics and Construction,Mechanics and Construction,1.0,False
18,7360,RPR-Millwrights,544,1.0,Mechanics and Construction,Mechanics and Construction,1.0,False
18,7410,RPR-Electrical Power-Line Installers And Repairers,577,1.0,Mechanics and Construction,Mechanics and Construction,1.0,False
18,7420,RPR-Telecommunications Line Installers And Repairers,527,1.0,Mechanics and Construction,Mechanics and Construction,1.0,False
18,7430,RPR-Precision Instrument And Equipment Repairers,535,1.0,Mechanics and Construction,Mechanics and Construction,1.0,False
18,7510,"RPR-Coin, Vending, And Amusement Machine Servicers And Repairers",804,1.0,Vehicle Operators,Vehicle Operators,1.0,False
18,7540,RPR-Locksmiths And Safe Repairers,536,1.0,Mechanics and Construction,Mechanics and Construction,1.0,False
18,7560,RPR-Riggers,549,1.0,Mechanics and Construction,Mechanics and Construction,1.0,False
18,7610,"RPR-Helpers--Installation, Maintenance, And Repair Workers",865,1.0,Vehicle Operators,Vehicle Operators,1.0,False
18,7640,"RPR-Other Installation, Maintenance, And Repair Workers",577,1.0,Mechanics and Construction,Mechanics and Construction,1.0,False
18,7700,PRD-First-Line Supervisors Of Production And Operating Workers,628,1.0,Precision Manufacturing,Precision Manufacturing,1.0,False
18,7720,"PRD-Electrical, Electronics, And Electromechanical Assemblers",785,1.0,"Fabricators, Inspectors, and Material Handlers","Fabricators, Inspectors, and Material Handlers",1.0,False
18,7730,PRD-Engine And Other Machine Assemblers,785,1.0,"Fabricators, Inspectors, and Material Handlers","Fabricators, Inspectors, and Material Handlers",1.0,False
18,7740,PRD-Structural Metal Fabricators And Fitters,597,1.0,Mechanics and Construction,Mechanics and Construction,1.0,False
18,7750,PRD-Other Assemblers And Fabricators,785,1.0,"Fabricators, Inspectors, and Material Handlers","Fabricators, Inspectors, and Material Handlers",1.0,False
18,7800,PRD-Bakers,687,1.0,Precision Manufacturing,Precision Manufacturing,1.0,False
18,7810,"PRD-Butchers And Other Meat, Poultry, And Fish Processing Workers",686,1.0,Precision Manufacturing,Precision Manufacturing,1.0,False
18,7830,"PRD-Food And Tobacco Roasting, Baking, And Drying Machine Operators And Tenders",763,1.0,Manufacturing Operators,Manufacturing Operators,1.0,False
18,7840,PRD-Food Batchmakers,688,1.0,Precision Manufacturing,Precision Manufacturing,1.0,False
18,7850,PRD-Food Cooking Machine Operators And Tenders,769,1.0,Manufacturing Operators,Manufacturing Operators,1.0,False
18,7855,"PRD-Food Processing Workers, All Other",779,1.0,Manufacturing Operators,Manufacturing Operators,1.0,False
18,7905,PRD-Computer Numerically Controlled Tool Operators And Programmers,779,0.5727133345898734,Manufacturing Operators,Manufacturing Operators,0.5727133345898734,True
18,7925,"PRD-Forming Machine Setters, Operators, And Tenders, Metal And Plastic",755,1.0,Manufacturing Operators,Manufacturing Operators,1.0,False
18,7950,"PRD-Cutting, Punching, And Press Machine Setters, Operators, And Tenders, Metal And Plastic",706,1.0,Manufacturing Operators,Manufacturing Operators,1.0,False
18,8000,"PRD-Grinding, Lapping, Polishing, And Buffing Machine Tool Setters, Operators, And Tenders, Metal And Plastic",709,1.0,Manufacturing Operators,Manufacturing Operators,1.0,False
18,8025,"PRD-Other Machine Tool Setters, Operators, And Tenders, Metal and Plastic",708,1.0,Manufacturing Operators,Manufacturing Operators,1.0,False
18,8030,PRD-Machinists,637,1.0,Precision Manufacturing,Precision Manufacturing,1.0,False
18,8040,"PRD-Metal Furnace Operators, Tenders, Pourers, And Casters",766,1.0,Manufacturing Operators,Manufacturing Operators,1.0,False
18,8100,"PRD-Model Makers, Patternmakers, And Molding Machine Setters, Metal And Plastic",719,1.0,Manufacturing Operators,Manufacturing Operators,1.0,False
18,8130,PRD-Tool And Die Makers,634,1.0,Precision Manufacturing,Precision Manufacturing,1.0,False
18,8140,"PRD-Welding, Soldering, And Brazing Workers",783,1.0,"Fabricators, Inspectors, and Material Handlers","Fabricators, Inspectors, and Material Handlers",1.0,False
18,8225,PRD-Other Metal Workers And Plastic Workers,684,1.0,Precision Manufacturing,Precision Manufacturing,1.0,False
18,8250,PRD-Prepress Technicians And Workers,736,1.0,Manufacturing Operators,Manufacturing Operators,1.0,False
18,8255,PRD-Printing Press Operators,684,1.0,Precision Manufacturing,Precision Manufacturing,1.0,False
18,8256,PRD-Print Binding And Finishing Workers,684,1.0,Precision Manufacturing,Precision Manufacturing,1.0,False
18,8300,PRD-Laundry And Dry-Cleaning Workers,748,1.0,Manufacturing Operators,Manufacturing Operators,1.0,False
18,8310,"PRD-Pressers, Textile, Garment, And Related Materials",747,1.0,Manufacturing Operators,Manufacturing Operators,1.0,False
18,8320,PRD-Sewing Machine Operators,744,1.0,Manufacturing Operators,Manufacturing Operators,1.0,False
18,8335,PRD-Shoe And Leather Workers,669,1.0,Precision Manufacturing,Precision Manufacturing,1.0,False
18,8350,"PRD-Tailors, Dressmakers, And Sewers",666,1.0,Precision Manufacturing,Precision Manufacturing,1.0,False
18,8365,"PRD-Textile Machine Setters, Operators, And Tenders",749,1.0,Manufacturing Operators,Manufacturing Operators,1.0,False
18,8450,PRD-Upholsterers,668,1.0,Precision Manufacturing,Precision Manufacturing,1.0,False
18,8465,"PRD-Other Textile, Apparel, And Furnishings Workers",755,1.0,Manufacturing Operators,Manufacturing Operators,1.0,False
18,8500,PRD-Cabinetmakers And Bench Carpenters,657,1.0,Precision Manufacturing,Precision Manufacturing,1.0,False
18,8510,PRD-Furniture Finishers,658,1.0,Precision Manufacturing,Precision Manufacturing,1.0,False
18,8530,"PRD-Sawing Machine Setters, Operators, And Tenders, Wood",727,1.0,Manufacturing Operators,Manufacturing Operators,1.0,False
18,8540,"PRD-Woodworking Machine Setters, Operators, And Tenders, Except Sawing",729,1.0,Manufacturing Operators,Manufacturing Operators,1.0,False
18,8555,PRD-Other Woodworkers,645,1.0,Precision Manufacturing,Precision Manufacturing,1.0,False
18,8600,"PRD-Power Plant Operators, Distributors, And Dispatchers",695,1.0,Manufacturing Operators,Manufacturing Operators,1.0,False
18,8610,PRD-Stationary Engineers And Boiler Operators,696,1.0,Manufacturing Operators,Manufacturing Operators,1.0,False
18,8620,PRD-Water And Wastewater Treatment Plant And System Operators,694,1.0,Manufacturing Operators,Manufacturing Operators,1.0,False
18,8630,PRD-Miscellaneous Plant And System Operators,699,1.0,Manufacturing Operators,Manufacturing Operators,1.0,False
18,8640,"PRD-Chemical Processing Machine Setters, Operators, And Tenders",757,1.0,Manufacturing Operators,Manufacturing Operators,1.0,False
18,8650,"PRD-Crushing, Grinding, Polishing, Mixing, And Blending Workers",756,1.0,Manufacturing Operators,Manufacturing Operators,1.0,False
18,8710,PRD-Cutting Workers,769,1.0,Manufacturing Operators,Manufacturing Operators,1.0,False
18,8720,"PRD-Extruding, Forming, Pressing, And Compacting Machine Setters, Operators, And Tenders",755,1.0,Manufacturing Operators,Manufacturing Operators,1.0,False
18,8730,"PRD-Furnace, Kiln, Oven, Drier, And Kettle Operators And Tenders",766,1.0,Manufacturing Operators,Manufacturing Operators,1.0,False
18,8740,"PRD-Inspectors, Testers, Sorters, Samplers, And Weighers",799,1.0,"Fabricators, Inspectors, and Material Handlers","Fabricators, Inspectors, and Material Handlers",1.0,False
18,8750,PRD-Jewelers And Precious Stone And Metal Workers,535,1.0,Mechanics and Construction,Mechanics and Construction,1.0,False
18,8760,PRD-Dental And Ophthalmic Laboratory Technicians And Medical Appliance Technicians,678,1.0,Precision Manufacturing,Precision Manufacturing,1.0,False
18,8800,PRD-Packaging And Filling Machine Operators And Tenders,754,1.0,Manufacturing Operators,Manufacturing Operators,1.0,False
18,8810,PRD-Painting Workers,759,1.0,Manufacturing Operators,Manufacturing Operators,1.0,False
18,8830,PRD-Photographic Process Workers And Processing Machine Operators,774,1.0,Manufacturing Operators,Manufacturing Operators,1.0,False
18,8850,PRD-Adhesive Bonding Machine Operators And Tenders,753,1.0,Manufacturing Operators,Manufacturing Operators,1.0,False
18,8910,PRD-Etchers And Engravers,649,1.0,Precision Manufacturing,Precision Manufacturing,1.0,False
18,8920,"PRD-Molders, Shapers, And Casters, Except Metal And Plastic",675,1.0,Precision Manufacturing,Precision Manufacturing,1.0,False
18,8930,"PRD-Paper Goods Machine Setters, Operators, And Tenders",765,1.0,Manufacturing Operators,Manufacturing Operators,1.0,False
18,8940,PRD-Tire Builders,779,1.0,Manufacturing Operators,Manufacturing Operators,1.0,False
18,8950,PRD-Helpers--Production Workers,874,1.0,"Fabricators, Inspectors, and Material Handlers","Fabricators, Inspectors, and Material Handlers",1.0,False
18,8990,"PRD-Miscellaneous Production Workers, Including Equipment Operators And Tenders",779,1.0,Manufacturing Operators,Manufacturing Operators,1.0,False
18,9005,TRN-Supervisors Of Transportation And Material Moving Workers,803,0.6755336755532722,Vehicle Operators,Vehicle Operators,0.6755336755532722,True
18,9030,TRN-Aircraft Pilots And Flight Engineers,226,1.0,Health and Science Technicians,Health and Science Technicians,1.0,False
18,9040,TRN-Air Traffic Controllers And Airfield Operations Specialists,227,1.0,Health and Science Technicians,Health and Science Technicians,1.0,False
18,9050,TRN-Flight Attendants,235,1.0,Health and Science Technicians,Health and Science Technicians,1.0,False
18,9110,"TRN-Ambulance Drivers And Attendants, Except Emergency Medical Technicians",809,1.0,Vehicle Operators,Vehicle Operators,1.0,False
18,9121,"TRN-Bus Drivers, School",808,1.0,Vehicle Operators,Vehicle Operators,1.0,False
18,9122,"TRN-Bus Drivers, Transit And Intercity",808,1.0,Vehicle Operators,Vehicle Operators,1.0,False
18,9130,TRN-Driver/Sales Workers And Truck Drivers,804,1.0,Vehicle Operators,Vehicle Operators,1.0,False
18,9141,TRN-Shuttle Drivers And Chauffeurs,808,0.6119597938001383,Vehicle Operators,Vehicle Operators,1.0,False
18,9142,TRN-Taxi Drivers,809,1.0,Vehicle Operators,Vehicle Operators,1.0,False
18,9150,"TRN-Motor Vehicle Operators, All Other",809,1.0,Vehicle Operators,Vehicle Operators,1.0,False
18,9210,TRN-Locomotive Engineers And Operators,824,1.0,Vehicle Operators,Vehicle Operators,1.0,False
18,9240,TRN-Railroad Conductors And Yardmasters,823,1.0,Vehicle Operators,Vehicle Operators,1.0,False
18,9265,TRN-Other Rail Transportation Workers,824,0.8504980418077179,Vehicle Operators,Vehicle Operators,1.0,False
18,9300,"TRN-Sailors And Marine Oilers, And Ship Engineers",829,1.0,Vehicle Operators,Vehicle Operators,1.0,False
18,9310,TRN-Ship And Boat Captains And Operators,829,1.0,Vehicle Operators,Vehicle Operators,1.0,False
18,9350,TRN-Parking Attendants,813,1.0,Vehicle Operators,Vehicle Operators,1.0,False
18,9365,TRN-Transportation Service Attendants,885,0.8835810284786045,"Fabricators, Inspectors, and Material Handlers","Fabricators, Inspectors, and Material Handlers",1.0,False
18,9410,TRN-Transportation Inspectors,463,1.0,"Food, Cleaning, and Personal Services and Private Household","Food, Cleaning, and Personal Services and Private Household",1.0,False
18,9415,TRN-Passenger Attendants,235,1.0,Health and Science Technicians,Health and Science Technicians,1.0,False
18,9430,TRN-Other Transportation Workers,883,0.9999999999866571,"Fabricators, Inspectors, and Material Handlers","Fabricators, Inspectors, and Material Handlers",0.9999999999866571,False
18,9510,TRN-Crane And Tower Operators,848,1.0,Vehicle Operators,Vehicle Operators,1.0,False
18,9570,"TRN-Conveyor, Dredge, And Hoist and Winch Operators",848,0.8349727549320661,Vehicle Operators,Vehicle Operators,0.999999999997415,False
18,9600,TRN-Industrial Truck And Tractor Operators,804,1.0,Vehicle Operators,Vehicle Operators,1.0,False
18,9610,TRN-Cleaners Of Vehicles And Equipment,887,1.0,"Fabricators, Inspectors, and Material Handlers","Fabricators, Inspectors, and Material Handlers",1.0,False
18,9620,"TRN-Laborers And Freight, Stock, And Material Movers, Hand",889,1.0,"Fabricators, Inspectors, and Material Handlers","Fabricators, Inspectors, and Material Handlers",1.0,False
18,9630,TRN-Machine Feeders And Offbearers,878,1.0,"Fabricators, Inspectors, and Material Handlers","Fabricators, Inspectors, and Material Handlers",1.0,False
18,9640,"TRN-Packers And Packagers, Hand",888,1.0,"Fabricators, Inspectors, and Material Handlers","Fabricators, Inspectors, and Material Handlers",1.0,False
18,9645,TRN-Stockers And Order Fillers,365,1.0,"Administrative Support, Clerks, Record","Administrative Support, Clerks, Record",1.0,False
18,9650,TRN-Pumping Station Operators,859,1.0,Vehicle Operators,Vehicle Operators,1.0,False
18,9720,TRN-Refuse And Recyclable Material Collectors,875,1.0,"Fabricators, Inspectors, and Material Handlers","Fabricators, Inspectors, and Material Handlers",1.0,False
18,9760,TRN-Other Material Moving Workers,853,0.9999999999962228,Vehicle Operators,Vehicle Operators,0.9999999999962228,False
18,9800,MIL-Military Officer Special And Tactical Operations Leaders,905,1.0,,,1.0,False
18,9810,MIL-First-Line Enlisted Military Supervisors,905,1.0,,,1.0,False
18,9825,MIL-Military Enlisted Tactical Operations And Air/Weapons Specialists And Crew Members,905,1.0,,,1.0,False
18,9830,"MIL-Military, Rank Not Specified",905,1.0,,,1.0,False
18,9920,"Unemployed, With No Work Experience In The Last 5 Years Or Earlier Or Never Worked",991,1.0,,,1.0,False
