draw,pupils,salary_real,teachers_pp,seda_lninc,pov_rate_5_17,learn_rate,score_mean,local_revenue_share,ln_earn_all,ln_earn_male,ln_earn_female,ln_earn_ftyr,ln_earn_ftyr_male,ln_earn_ftyr_female,ln_earn_25p,ln_earn_25p_male,ln_earn_25p_female,ln_earn_emp,ln_hhinc_2544,ln_hhinc_acs,ln_earn_hh_mean,lvl_earn_all,lvl_earn_ftyr,lvl_hhinc_2544,ew_ln_earn_all,ew_ln_earn_ftyr,pm_earn_all,pm_earn_male,pm_earn_female,pm_ftyr_all,pm_ftyr_male,pm_ftyr_female
0,0.27107908,0.01724454,-0.01434593,0.25125441,-0.08129658,0.00424265,0.28771729,0.41497088,0.16254262,0.21942506,0.11100985,0.12720957,0.15676036,0.07725586,0.14395276,0.18951001,0.08060667,0.15081174,0.24746937,0.24449318,0.14243601,0.17117693,0.13987354,0.26282266,0.15791441,0.1238645,0.15026333,0.19630905,0.10157751,0.11153955,0.13842913,0.06270774
1,0.23141518,0.02460583,0.00031965,0.2753956,-0.08646337,-0.00022534,0.28388882,0.47431289,0.17781962,0.23649463,0.12250154,0.13219894,0.15893678,0.08102252,0.14817548,0.19847204,0.08284848,0.16242531,0.26029827,0.26256207,0.15346649,0.18734414,0.14539331,0.27824117,0.16993438,0.12505805,0.16295687,0.21045368,0.1130015,0.11433749,0.14204401,0.06450321
2,0.18999435,0.0100913,0.00362371,0.27073128,-0.08629491,-0.00212449,0.29996771,0.48511059,0.15256578,0.21546595,0.09622245,0.12285307,0.15809537,0.06597323,0.1438454,0.20189721,0.0735034,0.13985323,0.2507412,0.26477861,0.13666843,0.16343468,0.13922109,0.27145688,0.13997821,0.11140266,0.12925262,0.1843174,0.07867504,0.09885122,0.13763562,0.04445529
3,0.49896936,0.0171014,-0.0192083,0.273032,-0.09450004,0.01029466,0.28682597,0.48820474,0.13966129,0.19238418,0.08171935,0.12067336,0.14977108,0.07756136,0.13227062,0.18066808,0.06834017,0.1283299,0.24087629,0.26400742,0.14144377,0.14753126,0.13151212,0.25465944,0.13199065,0.11399998,0.12430334,0.17035075,0.07258067,0.10536675,0.13037395,0.06324121
4,0.27851887,0.01682318,0.00144445,0.27081502,-0.08475703,-0.00243689,0.28872405,0.47970393,0.1561855,0.22230755,0.09976476,0.13089074,0.17103821,0.07208196,0.14960465,0.20747853,0.08035911,0.1477593,0.25164463,0.2663589,0.13550276,0.16747497,0.14466517,0.27077228,0.14890338,0.12152075,0.14077825,0.19573363,0.0897458,0.11285061,0.15138073,0.05752242
5,0.49040523,0.02072801,-0.01898071,0.26277055,-0.08736269,0.00650477,0.28868032,0.46415402,0.15084312,0.20807419,0.09150179,0.12922218,0.16181897,0.08078998,0.14165766,0.19347855,0.07814949,0.14124685,0.23559382,0.25350842,0.14291375,0.15830636,0.14061236,0.2502733,0.14751588,0.1262638,0.1402355,0.18714682,0.08566607,0.11528766,0.14151397,0.06714834
6,0.23544666,0.02357767,-0.00626127,0.282601,-0.08858483,-0.00164672,0.30006169,0.45830595,0.16408663,0.22693002,0.1068246,0.12749316,0.15845261,0.07144859,0.14553758,0.20130071,0.07694959,0.149706,0.26325795,0.26911175,0.14567063,0.17438004,0.14161662,0.28148542,0.15605212,0.11827222,0.1465675,0.19812039,0.09246815,0.10506667,0.13861718,0.05270122
7,0.5099728,0.01742017,-0.00229579,0.27083261,-0.09036533,0.00169253,0.27152694,0.50595326,0.13849712,0.19752192,0.07618011,0.11030108,0.14701685,0.05592509,0.12663684,0.18194401,0.05928151,0.12497816,0.23371251,0.25691268,0.11171127,0.15057261,0.12467346,0.25454374,0.13713235,0.10743149,0.12682605,0.17386484,0.07036058,0.09989505,0.13123486,0.0503768
8,0.38556773,0.02026939,-0.02889254,0.28913327,-0.09601093,0.00837845,0.30227368,0.46619211,0.17425335,0.23213705,0.11678863,0.14342778,0.18237547,0.09038405,0.16183561,0.21366862,0.09812178,0.16363112,0.27087561,0.27874903,0.14545279,0.18291447,0.15453305,0.28465383,0.17502118,0.14223028,0.16549785,0.21535896,0.11253882,0.13374796,0.16393797,0.08203044
9,0.32186181,0.02590344,0.00450408,0.28872215,-0.08918136,0.00351361,0.29784853,0.47424395,0.17926623,0.23570561,0.12398332,0.1452612,0.18152997,0.09103793,0.16494086,0.21858618,0.09813673,0.16599798,0.27242549,0.28632104,0.1504577,0.19018019,0.15895538,0.2896186,0.17839245,0.14233533,0.16826067,0.21632233,0.11891009,0.13395754,0.16329619,0.08315882
10,0.37928482,0.00813905,-0.01218998,0.267849,-0.08707125,0.00086624,0.28037189,0.47301285,0.14626493,0.20981018,0.0796473,0.11245884,0.14435742,0.05673179,0.12620805,0.1840948,0.05064669,0.12779512,0.2357114,0.25371052,0.1362858,0.15581716,0.12707397,0.25488977,0.13768577,0.101929,0.12644778,0.1788009,0.06749616,0.08911033,0.12107133,0.03915246
11,0.46018466,0.01114323,-0.02182534,0.29893023,-0.10538257,0.00860654,0.31432756,0.50538403,0.17347745,0.23061577,0.10911697,0.13921251,0.1743242,0.0885444,0.15626418,0.21061337,0.08860893,0.15747011,0.27519395,0.29131726,0.16283702,0.18050229,0.15051124,0.2905023,0.16491446,0.12803615,0.15630383,0.20484691,0.10222018,0.1185804,0.14872263,0.07247295
12,0.57269236,0.01347821,-0.03182266,0.32618827,-0.10904799,0.01098419,0.35563733,0.47769288,0.2049177,0.26978704,0.13971699,0.17039576,0.20603083,0.11499265,0.18364752,0.24523184,0.11184568,0.18973205,0.30903712,0.3212167,0.19448354,0.21152615,0.17905199,0.32016004,0.19604802,0.16171953,0.18843535,0.24831131,0.12794437,0.15221554,0.1848125,0.09763978
13,0.36772112,0.01927441,-0.00381081,0.27119095,-0.08866036,0.0038616,0.28625597,0.47506058,0.1566245,0.22012498,0.09780486,0.13154691,0.16411206,0.07425483,0.14728094,0.20187773,0.07817797,0.14517603,0.25663303,0.26782749,0.14388697,0.16626605,0.14430433,0.27458546,0.14778599,0.1268987,0.1394502,0.19150026,0.08822898,0.11526072,0.14791064,0.05996528
14,0.18124074,0.01183007,-0.01725912,0.27415538,-0.09472664,0.01100979,0.29274959,0.44898664,0.15329042,0.21109599,0.08248638,0.12239523,0.15088137,0.07490892,0.13514776,0.18627774,0.06526887,0.13533679,0.24417176,0.25747891,0.14726524,0.15793865,0.13051175,0.25579883,0.14865988,0.11641712,0.14143712,0.18887622,0.07751493,0.10714024,0.13092407,0.06291758
15,0.18827628,0.01231726,-0.01339645,0.21161059,-0.06536939,0.00135483,0.21992956,0.46656991,0.12425098,0.17926208,0.07696293,0.0969734,0.129404,0.04771366,0.11242465,0.15981442,0.05288321,0.11485172,0.18806476,0.19871778,0.0892362,0.13382139,0.1110765,0.20778592,0.12501471,0.09689988,0.11423094,0.16025831,0.07137652,0.08807163,0.11772734,0.03973524
16,0.57542712,0.00884286,-0.03804579,0.25916568,-0.09909139,0.00777269,0.26641222,0.47955391,0.11740957,0.17569318,0.05239987,0.10174559,0.13125386,0.05260512,0.11006506,0.1645146,0.04360241,0.10592339,0.22492346,0.24661786,0.12698464,0.12220403,0.11039861,0.23674869,0.11237646,0.09573774,0.10581322,0.15200142,0.04814058,0.0826599,0.10867751,0.03657279
17,0.33843449,0.02782897,-0.01778638,0.26665926,-0.08659683,0.00526186,0.27714883,0.4614847,0.17684954,0.2316518,0.12433389,0.14878725,0.18687537,0.09750866,0.16626688,0.21337825,0.10785237,0.16912686,0.2599929,0.26431742,0.14006727,0.18456591,0.15891792,0.27280823,0.17841156,0.14950332,0.17051862,0.21816483,0.12081739,0.14088993,0.17064886,0.08896818
18,0.23871632,0.02449988,0.01335402,0.24482655,-0.08010044,-0.00026009,0.27790719,0.45635468,0.15447748,0.21471506,0.10543781,0.12716621,0.16021697,0.07070091,0.14382128,0.19692274,0.08055677,0.14479923,0.2386749,0.24704435,0.12637225,0.16727404,0.14546275,0.26217404,0.15133756,0.12528409,0.14003892,0.18898497,0.09764862,0.11154528,0.14277157,0.0575578
19,0.49869651,0.02282582,-0.0143911,0.29614906,-0.10230117,0.00428042,0.31871083,0.47560987,0.16171542,0.2181848,0.10364575,0.12646109,0.1621529,0.07763251,0.14427341,0.19603557,0.07629814,0.14492736,0.25596637,0.27250459,0.15221243,0.16661659,0.13564523,0.26786296,0.15892347,0.12057381,0.14976429,0.19913748,0.09885814,0.11058295,0.14162867,0.06501403
20,0.27612714,0.01462128,0.01463491,0.26654703,-0.07996588,-0.00129932,0.30561119,0.46231709,0.16622501,0.22739103,0.11549279,0.13650425,0.1688538,0.08011277,0.15423933,0.21191535,0.09025833,0.15342321,0.25595785,0.26769358,0.15992415,0.17756847,0.15392733,0.27833577,0.15682756,0.12507105,0.14667533,0.1948983,0.10343216,0.11107605,0.14502275,0.06087226
21,0.34379786,0.00602731,-0.02245061,0.2511134,-0.08334684,0.00395064,0.26619775,0.47383052,0.1454613,0.2036536,0.09323339,0.11884058,0.1508709,0.06788207,0.13205158,0.18352351,0.0703099,0.13588252,0.23311571,0.24097539,0.12064438,0.15420468,0.13047339,0.24802917,0.14317097,0.11444273,0.13605666,0.1838432,0.08701263,0.10433576,0.13594199,0.0545723
22,0.32895524,0.0255595,0.00199766,0.29757511,-0.09902339,0.00225115,0.3320237,0.48448602,0.18316068,0.24311366,0.11875006,0.14870343,0.18123935,0.097332,0.1656315,0.22185064,0.09785323,0.1675125,0.28653155,0.29485365,0.17777377,0.19013845,0.15805612,0.29903216,0.17611092,0.14336708,0.17042896,0.22414941,0.11125773,0.13488986,0.16640637,0.08337725
23,0.38913497,0.01942482,-0.01245574,0.30814928,-0.09896186,0.0056096,0.32912786,0.49609018,0.19553004,0.25430465,0.13480567,0.15958385,0.19687438,0.10827059,0.17845004,0.23268433,0.1109329,0.18038908,0.29040158,0.30096968,0.17205294,0.20175687,0.16935805,0.30433285,0.18778754,0.15264146,0.18011864,0.22912143,0.12602074,0.14441243,0.17550073,0.09416897
24,0.26448384,0.022142,-0.03205116,0.24335344,-0.08381519,0.0058095,0.27227032,0.42830105,0.14253141,0.19267028,0.09121103,0.12045124,0.14848862,0.07799013,0.13131049,0.17489828,0.07625534,0.13187328,0.23010602,0.23393136,0.13873301,0.14717798,0.12812149,0.24012124,0.1354308,0.11514588,0.1296622,0.17456867,0.08054185,0.10457032,0.13132404,0.06084447
25,0.29013316,0.02038505,-0.00511911,0.24421926,-0.07793481,0.00089391,0.23557906,0.49246683,0.13172645,0.19183542,0.07693434,0.11113573,0.14885193,0.05582854,0.12417669,0.17757859,0.05872928,0.12177363,0.2154,0.23452924,0.1020614,0.1419662,0.12418842,0.2352037,0.13191116,0.10967139,0.12180686,0.17192459,0.07250636,0.10194196,0.13469883,0.04780575
26,0.43491155,0.02044256,-0.01244587,0.25206357,-0.08458129,0.00433244,0.26821228,0.47513728,0.14609766,0.20617377,0.08315619,0.12005463,0.15895103,0.0663268,0.13409138,0.18804098,0.06430088,0.13426681,0.22930702,0.244429,0.12232416,0.15535983,0.13276105,0.24661909,0.14204891,0.11712779,0.13144949,0.18352229,0.07491415,0.10925027,0.14065832,0.05712303
27,0.44573043,0.0282979,-0.01139389,0.32072712,-0.09871323,0.00786651,0.31697747,0.48912822,0.2187209,0.27709864,0.15611209,0.1772811,0.21711118,0.12187806,0.19327029,0.24721212,0.12786673,0.20425396,0.305625,0.31003945,0.18887047,0.22423678,0.18654756,0.31727273,0.207491,0.16891859,0.20269628,0.25205262,0.14550504,0.16045811,0.1935357,0.10762508
28,0.18268455,0.01727262,0.0100214,0.22236547,-0.07213724,-0.00189125,0.24182357,0.45967066,0.12018,0.17979681,0.07134005,0.09651436,0.12612002,0.0427524,0.11400507,0.1659434,0.05007773,0.11013444,0.19827135,0.21402873,0.09800282,0.13094216,0.11307413,0.22114597,0.11694116,0.09257155,0.10509946,0.1537252,0.06236114,0.07898306,0.11106419,0.02705166
29,0.37918236,0.02286019,0.00168075,0.29122785,-0.09542014,0.00013919,0.30768387,0.50257025,0.18346069,0.24484261,0.12056538,0.14242642,0.17367598,0.09065842,0.16261033,0.21585288,0.09367916,0.16501724,0.26880959,0.28510738,0.16054148,0.19482343,0.15664506,0.2891372,0.17861045,0.13659679,0.16731634,0.22004082,0.11257148,0.12699262,0.15672725,0.07454282
30,0.24289709,0.01030922,-0.0178348,0.28504949,-0.08547515,0.00075178,0.29488262,0.46114909,0.19523795,0.25501259,0.14124199,0.1491441,0.18229647,0.09472133,0.16606718,0.21870472,0.10107249,0.17784452,0.28122526,0.27776137,0.16979463,0.20365058,0.16131386,0.29517093,0.18362022,0.136027,0.17692258,0.22568039,0.12677813,0.12544479,0.16044318,0.0763094
31,0.10694291,0.01285673,-0.01598128,0.24663328,-0.07999503,0.00218388,0.29551672,0.44260511,0.15410472,0.21667446,0.1039243,0.12551573,0.15372279,0.07031225,0.14148579,0.19271232,0.07422384,0.14552292,0.25096326,0.24565701,0.14178193,0.16525325,0.13903295,0.2692983,0.15239609,0.12040189,0.14251666,0.19420374,0.09308184,0.10778417,0.13861199,0.05360384
32,0.23974139,0.00724547,-0.00588987,0.28650734,-0.09383456,0.00162793,0.32272241,0.49692032,0.1875371,0.24621653,0.12998763,0.14963069,0.1782758,0.09663423,0.16962934,0.22093703,0.10475725,0.17113909,0.287708,0.29390378,0.16939908,0.20074018,0.16401362,0.30582224,0.18427127,0.14377261,0.17367859,0.22219082,0.12646894,0.13533029,0.1640659,0.08307341
33,0.42376638,0.02506744,-0.00775237,0.28599903,-0.0957592,0.00704168,0.30106358,0.46558243,0.16336724,0.2221016,0.10499691,0.13702601,0.17373921,0.08462299,0.15221459,0.20500023,0.08655305,0.15300069,0.26218626,0.26733664,0.13840395,0.17049979,0.14638702,0.27503418,0.16939373,0.14057805,0.16145105,0.21247511,0.1054135,0.13165368,0.16143107,0.08062958
34,0.26722202,0.01442589,-0.00692867,0.2280957,-0.07071179,0.00121996,0.2499782,0.43520662,0.13812333,0.19872227,0.08775654,0.11524724,0.14894085,0.05874552,0.12762289,0.18073146,0.06293273,0.13064212,0.21388912,0.2216144,0.11213116,0.14897734,0.13013929,0.23273141,0.13499688,0.11235254,0.12559785,0.17763401,0.07697185,0.10060503,0.13405149,0.04722638
35,0.33697813,0.01577004,0.00871131,0.27428437,-0.08788759,-0.00054379,0.28460747,0.49501813,0.15260037,0.21262135,0.09908314,0.12750862,0.15784107,0.07135158,0.14345445,0.19896089,0.07649106,0.1411211,0.25107814,0.26439363,0.14288071,0.16467483,0.14552638,0.27252712,0.15229572,0.12499589,0.14102219,0.18972413,0.09378611,0.10925032,0.14122495,0.05966626
36,0.29497917,0.03905868,-0.01486066,0.27050147,-0.08871461,0.00367701,0.27972018,0.4780144,0.15760517,0.21432427,0.09818768,0.13312806,0.16915972,0.08247212,0.14936398,0.19660215,0.08541316,0.14978255,0.25254069,0.25749621,0.13270051,0.16517964,0.14279066,0.26752289,0.15367826,0.12762403,0.14578008,0.19433045,0.08942718,0.11979515,0.1488593,0.06905739
37,0.14564786,0.02126415,-0.00479798,0.24671718,-0.08049792,0.00049769,0.27349723,0.46920634,0.14237074,0.20664906,0.07893951,0.10738046,0.14392131,0.05090645,0.12580167,0.18362625,0.05186585,0.12686829,0.22520706,0.24029224,0.11359009,0.1530181,0.12224997,0.24695911,0.13871819,0.10303574,0.12655466,0.18136044,0.06881176,0.09389444,0.12697089,0.03984116
38,0.38487074,-0.00903019,-0.01860137,0.25854112,-0.08934101,0.00186599,0.28127401,0.45587696,0.14494712,0.20649497,0.08728174,0.10837419,0.14173405,0.05334533,0.12744673,0.18314965,0.05771483,0.12929257,0.2273843,0.24574276,0.1160232,0.15622881,0.12376591,0.24847323,0.14294061,0.10294499,0.13038857,0.1820714,0.07931025,0.0918157,0.12321499,0.04070345
39,0.3983412,0.01836432,0.00484699,0.2820803,-0.09043954,0.00174707,0.30756393,0.4733579,0.1718275,0.23544558,0.10887769,0.14068627,0.17655698,0.08159429,0.15640733,0.21437398,0.08445435,0.16125457,0.26211551,0.28007229,0.15446485,0.18406839,0.15698368,0.28246699,0.1627053,0.1298133,0.15321284,0.2058888,0.09586519,0.11749711,0.15446611,0.06242783
40,0.29472781,0.01492498,-0.00268699,0.24618649,-0.07860175,0.00236805,0.27434022,0.46024235,0.15879559,0.21463587,0.1059858,0.13679743,0.17139452,0.08648081,0.15076498,0.19861309,0.09124303,0.15235515,0.24673468,0.24738998,0.14319463,0.16925226,0.14906724,0.26325898,0.15432752,0.13319609,0.14835825,0.19430736,0.10159272,0.12422233,0.15334248,0.07499034
41,0.24279102,0.01059056,-0.01978443,0.23214868,-0.07060895,0.001648,0.23556945,0.46539546,0.13334385,0.19342012,0.07965881,0.10113189,0.13602078,0.04699777,0.11912203,0.17056945,0.05209943,0.12116897,0.20346667,0.21815318,0.10751882,0.14262644,0.11402001,0.22155976,0.13030712,0.0951571,0.12004352,0.17062017,0.0686947,0.086917,0.12070524,0.03632542
42,0.43153279,0.03028712,-0.02215454,0.28151426,-0.09313343,0.00119132,0.30212925,0.48294049,0.16092175,0.22594388,0.09834001,0.13541522,0.17480467,0.07962496,0.15083541,0.20575848,0.07921339,0.1512165,0.25458831,0.26996654,0.14261808,0.17097956,0.14878222,0.27410898,0.15779629,0.13192435,0.14705425,0.20209986,0.09020051,0.12110251,0.15422134,0.06781022
43,0.35018157,0.01936356,-0.02095232,0.26417796,-0.08778266,0.00540617,0.25101454,0.47704691,0.14666236,0.20228621,0.0922256,0.12347766,0.15809761,0.07417882,0.13648982,0.18435264,0.07478405,0.13434084,0.24201237,0.25257377,0.13192827,0.15218735,0.13228051,0.25198851,0.14365019,0.11936664,0.13503485,0.1819958,0.08626482,0.11131107,0.13827413,0.06600649
44,0.38685239,0.01776023,-0.03256231,0.26045407,-0.08871856,0.0061354,0.2653798,0.44320878,0.15115486,0.21175793,0.09113457,0.12426274,0.15825356,0.07059297,0.13270862,0.18535489,0.06599495,0.14011544,0.23649081,0.24294807,0.1292449,0.15903283,0.13464405,0.24930164,0.15146496,0.12249122,0.14335781,0.19555584,0.08705828,0.11224735,0.14272775,0.06167773
45,0.42940039,0.0188706,-0.02710513,0.26725739,-0.09084411,0.00045823,0.29199901,0.47215802,0.1415982,0.20281188,0.08395619,0.11094505,0.1406484,0.06153126,0.12853578,0.1802683,0.06133007,0.12924677,0.24361953,0.2556401,0.13541915,0.1491158,0.12084941,0.25872608,0.14023378,0.10393302,0.1322741,0.18127115,0.07672128,0.09572532,0.12429956,0.0473605
46,0.38721257,0.02066903,-0.01367487,0.25861025,-0.08333677,0.00293951,0.28668867,0.46324973,0.13388304,0.19613189,0.07569979,0.11224491,0.14793355,0.0594404,0.1266627,0.1825785,0.05789383,0.12460397,0.21361652,0.23673806,0.11238667,0.14254138,0.12534065,0.23261263,0.13494868,0.11255005,0.12564632,0.1753305,0.06935715,0.10136047,0.13086604,0.04996478
47,0.16486517,0.01700638,-0.00285172,0.24490151,-0.07540487,-0.00174562,0.26464651,0.44014146,0.14874967,0.21269016,0.09817898,0.1199128,0.14669011,0.06285094,0.13397753,0.18816306,0.06856532,0.13690163,0.24242514,0.243153,0.13416808,0.1589976,0.13443572,0.26202099,0.13479583,0.10895294,0.12704288,0.17888524,0.07997297,0.09486472,0.12885655,0.04072179
48,0.50849989,0.00427424,-0.01136202,0.28666263,-0.09168015,0.00062464,0.28645959,0.50563576,0.15193975,0.21468243,0.09081477,0.12362359,0.15450901,0.06587559,0.13810252,0.19821745,0.06504315,0.13647685,0.2491557,0.2736525,0.1427925,0.16261084,0.13989938,0.26961154,0.14208894,0.11211244,0.13178884,0.18159791,0.07828384,0.09812187,0.13227874,0.04772846
49,0.24469711,0.01765302,-0.00304701,0.26395972,-0.0852728,-5.724e-05,0.28044639,0.47688655,0.15645775,0.21877979,0.09963508,0.12305836,0.15707305,0.06880109,0.14163845,0.19539862,0.07423868,0.14325752,0.24485899,0.25969637,0.13093824,0.16674102,0.13595787,0.26334125,0.15266351,0.11786378,0.14212293,0.19594781,0.0912466,0.10930534,0.14134569,0.05517975
50,0.41706786,0.02513059,-0.03639009,0.28029285,-0.09067628,0.00486872,0.31472681,0.47584439,0.16698647,0.22888035,0.10592463,0.13335068,0.17346031,0.0787494,0.15174516,0.2077811,0.08045518,0.15319385,0.25971987,0.26706983,0.15300875,0.17316767,0.14230709,0.27275159,0.15830672,0.12325076,0.15028701,0.20481241,0.09129572,0.11608523,0.1508923,0.06274247
51,0.2749119,0.02055978,0.01158988,0.25249693,-0.08845744,-0.00267416,0.28353763,0.48718055,0.12999887,0.19347571,0.07270833,0.11108786,0.14235719,0.05381087,0.12527433,0.18030902,0.05598464,0.11971396,0.22767435,0.24961819,0.11775276,0.14483307,0.12968194,0.25244876,0.12166572,0.10410539,0.10825633,0.16027235,0.05948081,0.08992117,0.1241003,0.03590524
52,0.42335935,0.02366625,-0.03541729,0.32202845,-0.11309811,0.01053922,0.36436907,0.47039499,0.19241892,0.25161771,0.12741575,0.1520138,0.1840569,0.10094856,0.16952918,0.22384587,0.09839539,0.17387174,0.30995453,0.30922099,0.18887203,0.19684839,0.15869517,0.31948305,0.18138177,0.14210908,0.1748352,0.22546346,0.11466934,0.13189974,0.15982726,0.08333974
53,0.60876529,0.01870147,-0.00959908,0.33175835,-0.10233515,0.00460468,0.35065885,0.49064904,0.21565004,0.27603752,0.15024123,0.17845639,0.21646921,0.12330053,0.19543856,0.25251006,0.12758042,0.19917005,0.32268398,0.33616659,0.20838091,0.22367196,0.19035221,0.33431524,0.20636926,0.1674059,0.19652482,0.24902638,0.13977727,0.15990165,0.19202387,0.11072142
54,0.19515083,0.01677956,-0.01153665,0.22424733,-0.07937684,0.00562876,0.25657192,0.43999473,0.13002369,0.1898536,0.07525039,0.10967161,0.13855231,0.05544853,0.12072664,0.17028265,0.05300675,0.12335804,0.21688661,0.22287569,0.11251102,0.14183749,0.12419936,0.23675116,0.13082041,0.11093175,0.12091951,0.17161892,0.07084558,0.09778739,0.12518792,0.04544535
55,0.32361051,0.01481879,-0.01497103,0.240081,-0.0782198,0.00165202,0.22834431,0.47433282,0.12341184,0.18427449,0.06418191,0.09741434,0.13018217,0.0423944,0.11316807,0.16675513,0.04479761,0.11130765,0.20408782,0.22332478,0.08981384,0.13304447,0.11115794,0.22468525,0.12529856,0.09686752,0.11400274,0.16271167,0.05918134,0.08777797,0.11726941,0.03438211
56,0.67150442,0.00822605,-0.03271714,0.31659428,-0.10653397,0.00094835,0.3576894,0.49447995,0.19753259,0.26439942,0.13059868,0.14948244,0.18230666,0.09284204,0.16273157,0.2238414,0.08701304,0.17598183,0.28795229,0.31040004,0.18366799,0.20980469,0.16503747,0.30780925,0.18412568,0.1343659,0.17132103,0.22821439,0.11520405,0.12209789,0.15677921,0.06949924
57,0.42594486,0.01223479,-0.01301054,0.25307583,-0.08856899,0.00532765,0.26726834,0.48163162,0.14355247,0.20135477,0.08572765,0.1174408,0.14902057,0.06656107,0.12646839,0.17799811,0.06566628,0.13062043,0.23061333,0.24151051,0.12627703,0.15206984,0.12802183,0.24527682,0.14061564,0.11230194,0.13124309,0.17968188,0.0806909,0.10302852,0.13083964,0.05305771
58,0.09978604,0.00318435,-0.02609109,0.27129328,-0.08760814,0.00254694,0.29630527,0.44983299,0.17438362,0.23421713,0.11948467,0.13677472,0.16990329,0.08123338,0.15349046,0.20641427,0.08618757,0.15972628,0.26217151,0.2667052,0.1471033,0.18497683,0.15044844,0.27948111,0.1624757,0.12392971,0.15406192,0.20508254,0.10619752,0.11332277,0.14755428,0.06061652
59,0.51635797,0.01082445,-0.02720132,0.30933845,-0.10028041,0.0089386,0.32344308,0.48177193,0.19061886,0.24675132,0.12507662,0.14125884,0.17026975,0.0948601,0.16064469,0.2136226,0.0911872,0.1701046,0.28401865,0.29818267,0.1779722,0.19553006,0.14992776,0.29488075,0.1864569,0.13557015,0.18007866,0.22751796,0.12109588,0.12809035,0.15323868,0.08348646
60,0.40295667,0.01973169,-0.01562668,0.30457333,-0.0944445,0.00688187,0.32569034,0.45925149,0.1878947,0.24646639,0.13151532,0.16328552,0.20108896,0.1120532,0.1782615,0.2318432,0.11418645,0.17899669,0.29289278,0.29959901,0.18702812,0.1938742,0.17281248,0.30380755,0.17711301,0.15364039,0.17240629,0.22232462,0.12042598,0.14432007,0.17681364,0.09631646
61,0.47865998,0.02117196,-0.0195405,0.25386892,-0.08630785,0.00105006,0.26144289,0.49817475,0.14837702,0.21148297,0.08643279,0.11263607,0.15186409,0.05619099,0.12979352,0.18499756,0.05995399,0.13289109,0.22429804,0.24532115,0.10455672,0.15915465,0.12691187,0.24420063,0.14557083,0.11033647,0.13385676,0.1865846,0.07937915,0.10286746,0.13542639,0.04737156
62,0.46262473,0.01414207,-0.01450829,0.28144782,-0.09055229,0.00261868,0.2978703,0.51599505,0.16083593,0.22394766,0.09875098,0.12790339,0.16411222,0.07086254,0.14266929,0.20275003,0.07094604,0.14699282,0.23998044,0.27042992,0.12621572,0.17413437,0.14598768,0.26438159,0.15597883,0.12087478,0.14150737,0.19341304,0.08518584,0.10962041,0.1458585,0.05507764
63,0.4183295,0.00879416,-0.00247093,0.27993829,-0.09365201,0.00368338,0.30389389,0.46890591,0.17332041,0.23326765,0.11684165,0.13836007,0.17099274,0.08237925,0.15692464,0.21245582,0.08996305,0.159323,0.27551678,0.28191759,0.16418616,0.18005915,0.15054393,0.28984167,0.16277041,0.12694139,0.15587864,0.20542082,0.10716351,0.11451584,0.14678542,0.06370379
64,0.11341484,0.0060782,-0.01062833,0.21020415,-0.06867483,0.00070158,0.21952814,0.44824146,0.11315608,0.16967709,0.05937981,0.09007,0.12107844,0.04222146,0.10486852,0.15419703,0.04048753,0.10361312,0.18546784,0.19917622,0.09178705,0.12245449,0.10122154,0.20301534,0.11362092,0.08892213,0.10641631,0.15483509,0.05680291,0.0818087,0.10991931,0.03383157
65,0.27266131,0.00954066,-0.00034247,0.26944387,-0.08531683,0.00319143,0.29126517,0.47679482,0.14760796,0.20817381,0.09076503,0.11555412,0.14915558,0.06131032,0.13378864,0.19063002,0.06514065,0.13362603,0.23172279,0.25279497,0.12990498,0.15799837,0.13005456,0.25099097,0.14302847,0.11009749,0.13389003,0.18414268,0.08132415,0.09942675,0.13288261,0.04812864
66,0.47441818,0.01682559,-0.01233343,0.28665136,-0.0921173,0.00584309,0.31908131,0.46591435,0.1604925,0.22516958,0.09665908,0.12945312,0.16170057,0.07436948,0.1430182,0.20378341,0.06826036,0.14594381,0.25417332,0.27671134,0.15652853,0.17126676,0.14356254,0.27312469,0.15234633,0.12142249,0.14338759,0.19868421,0.0851926,0.10897559,0.13780961,0.05793566
67,0.23345559,0.00757015,-0.01108949,0.26113445,-0.08774852,0.00279092,0.30003727,0.45560091,0.15238522,0.21109503,0.09641541,0.12522383,0.15207893,0.07451405,0.14420255,0.19598412,0.07619903,0.14072761,0.2561976,0.26533353,0.15688881,0.1625174,0.137656,0.27066507,0.14705866,0.11741035,0.14038963,0.18987801,0.08797765,0.1041731,0.13433537,0.05608862
68,0.30762611,0.01961871,-0.0218651,0.25926807,-0.08227393,0.00219814,0.27745934,0.47440095,0.16016281,0.22177331,0.10640703,0.12801219,0.15585873,0.0754979,0.13900737,0.19365581,0.07212158,0.14674026,0.2417534,0.25177795,0.14825585,0.17003657,0.14159412,0.25921857,0.15731445,0.12201035,0.14674064,0.1989585,0.09830277,0.11053824,0.14202009,0.06041439
69,0.33244242,0.02420296,-0.02023293,0.27496904,-0.08961766,0.00403381,0.30356704,0.47426592,0.16591025,0.22441003,0.10926691,0.13649061,0.17087104,0.08777746,0.1507014,0.2035932,0.08504476,0.15371932,0.25889671,0.26733996,0.14692279,0.17576747,0.14939405,0.27587019,0.1627125,0.13318826,0.15214013,0.20435383,0.09846767,0.12459358,0.15582101,0.07608456
70,0.35610549,0.01835611,-0.00843129,0.27329408,-0.08185541,-2.768e-05,0.27597137,0.47525243,0.16642927,0.2319416,0.10792691,0.14148781,0.18200823,0.08008217,0.15765283,0.21641357,0.08675534,0.15723075,0.25668051,0.27028662,0.14483444,0.17801252,0.15791509,0.27614271,0.1555615,0.13086215,0.14469427,0.19968193,0.09198466,0.11886002,0.15645205,0.06367856
71,0.33198931,0.01164099,-0.01197827,0.25119309,-0.07811194,0.00447803,0.2448719,0.48180394,0.14959395,0.20800859,0.09736476,0.12653928,0.16436512,0.07211645,0.14117426,0.19257109,0.07991159,0.14102801,0.23372476,0.2452304,0.12349627,0.1576962,0.13919663,0.24956619,0.14159517,0.11842458,0.13223894,0.18081225,0.08418097,0.10908863,0.14304395,0.05712119
72,0.51026588,0.01040918,-0.02055716,0.29738632,-0.09406119,0.00305582,0.31487483,0.48440037,0.17512273,0.23600639,0.10821336,0.14568722,0.18380882,0.08727318,0.15866562,0.2202121,0.08513983,0.16175405,0.27148465,0.28856809,0.17489655,0.18341227,0.15881235,0.28684509,0.16247278,0.13144975,0.15456264,0.20566033,0.09554233,0.11802415,0.15393242,0.06706784
73,0.17606467,0.00993676,-0.03072264,0.21501952,-0.07236603,0.00852816,0.21721024,0.42650489,0.14179904,0.19321985,0.0930003,0.11119202,0.14328926,0.06497763,0.12663407,0.16799023,0.06812995,0.13184737,0.21826991,0.21096872,0.11225995,0.14601502,0.116302,0.22618989,0.13733434,0.10901596,0.13606123,0.18181102,0.08626127,0.10283949,0.13121009,0.05563681
74,0.25885901,0.01721367,-0.011019,0.25310497,-0.08591321,0.00299969,0.25812424,0.48027574,0.13159677,0.19328454,0.0712682,0.09979639,0.13390586,0.04658711,0.11377725,0.17160738,0.04315857,0.11477586,0.22734977,0.23876967,0.11939132,0.13784671,0.10949457,0.23968216,0.12941307,0.09525375,0.12065452,0.17509556,0.06172303,0.08768436,0.12058669,0.03586047
75,0.14938764,0.01272961,-0.01606567,0.24885985,-0.08941594,0.00537735,0.27414838,0.47333317,0.13504365,0.1934898,0.08320189,0.10373133,0.12391022,0.05346961,0.11892595,0.17228548,0.05273955,0.11690484,0.24166132,0.25175841,0.14138552,0.14303224,0.11620193,0.25857799,0.12996354,0.09544224,0.12056033,0.16786833,0.07629814,0.08191682,0.10736992,0.03656028
76,0.56278474,0.01986144,0.00769894,0.29270121,-0.09655001,0.00336173,0.28787707,0.50265671,0.15208199,0.21291519,0.09238672,0.13448938,0.16803687,0.07436948,0.14529771,0.20383638,0.07748073,0.1444416,0.26249988,0.28448318,0.14876696,0.16348333,0.15091969,0.28243802,0.14279049,0.12482865,0.13404899,0.18199962,0.08277614,0.10910413,0.14189419,0.05836129
77,0.27077527,0.00777217,-0.00314973,0.29914496,-0.09176577,0.00465697,0.31171896,0.47944272,0.18077232,0.24338409,0.12094145,0.15783523,0.18861938,0.10194388,0.17122428,0.23093454,0.10377012,0.16783733,0.2965538,0.30711182,0.19178359,0.19052994,0.17153188,0.31079644,0.16535565,0.14166627,0.15810998,0.2097351,0.10739434,0.1289416,0.16153398,0.07858928
78,0.38525346,0.00561379,-0.02017579,0.24349035,-0.08024348,0.00293768,0.26086646,0.45448846,0.13667171,0.19430678,0.08263615,0.11681645,0.15194212,0.06489154,0.12780469,0.18046431,0.06511833,0.12834367,0.22444958,0.23321458,0.11910738,0.14609099,0.12934027,0.24066141,0.1330939,0.11229718,0.12517752,0.17330271,0.07552684,0.10204029,0.13257877,0.05217123
79,0.34384018,0.02354429,-0.00486168,0.30410867,-0.10344208,0.00270698,0.33195472,0.50153854,0.18859575,0.24938228,0.13140755,0.15074706,0.18809849,0.09780443,0.1726196,0.22649567,0.10862731,0.17670227,0.29616924,0.3025481,0.15226877,0.20065149,0.16367481,0.3146574,0.18587652,0.14731583,0.17600563,0.22716498,0.12404858,0.14067404,0.17327813,0.08533232
80,0.21089024,0.01077876,-0.01628681,0.2148006,-0.07288724,0.00399865,0.22918647,0.44728964,0.1145798,0.16830827,0.06384153,0.09268328,0.12254347,0.04493439,0.10728829,0.15605526,0.04457677,0.10393812,0.18961765,0.20360775,0.0985509,0.12290719,0.10523802,0.20722463,0.11547403,0.09256082,0.10630292,0.15254501,0.05992667,0.08182594,0.10862671,0.0360918
81,0.31838115,0.02159885,-0.01171102,0.27889197,-0.08715535,-0.00270407,0.29100373,0.50159563,0.16674409,0.23141346,0.10526056,0.12544971,0.1643978,0.06640206,0.14828641,0.20652696,0.07398379,0.14917695,0.25166743,0.26861806,0.13998576,0.17770076,0.14144042,0.27281881,0.15978752,0.11661949,0.14785659,0.20187808,0.09167023,0.10702107,0.14235766,0.05358694
82,0.47865152,0.01726612,-0.01101674,0.27777889,-0.09235357,0.00276207,0.30697061,0.46106759,0.14841433,0.2063686,0.09266031,0.11485493,0.14491169,0.06605205,0.13261413,0.18574499,0.06621812,0.13209471,0.24512523,0.26207849,0.14144237,0.15683859,0.12792043,0.26333802,0.14364629,0.10732292,0.13328452,0.1809201,0.08239682,0.09700684,0.12527667,0.05267643
83,0.31964715,0.01198605,-0.00753028,0.27194278,-0.08295335,-0.0001627,0.28793132,0.46953228,0.18036666,0.23660783,0.13215483,0.14340182,0.17288876,0.09013361,0.16215195,0.21431973,0.10071217,0.16600638,0.26931054,0.27163125,0.16539533,0.18924037,0.1578987,0.28537252,0.17010605,0.13245032,0.16292404,0.20826373,0.11826523,0.11972466,0.15189007,0.07162555
84,0.56012837,0.00847428,-0.02765343,0.26440684,-0.09106835,0.01094034,0.2587651,0.48494139,0.13052075,0.18299654,0.07617857,0.1073218,0.13718399,0.0636593,0.12143707,0.17013842,0.05939262,0.11752402,0.22983013,0.25372064,0.13249429,0.13680362,0.11678194,0.24194939,0.12621608,0.10278446,0.12104607,0.16378052,0.0723186,0.09484509,0.11696378,0.05412727
85,0.36449553,0.0204198,-0.00520244,0.24665321,-0.0801983,0.0044451,0.25792088,0.48210238,0.13575629,0.19165435,0.08560826,0.11448095,0.14529431,0.06311837,0.12748984,0.17672084,0.06766667,0.12670298,0.22418551,0.23711286,0.11849041,0.14480167,0.12702686,0.24176168,0.13121303,0.1110045,0.1235172,0.1700919,0.0759993,0.09982535,0.13027311,0.04980201
86,0.21428335,0.00027391,-0.00066102,0.20411476,-0.06416057,0.00435792,0.22330147,0.41354667,0.12283225,0.18096682,0.07516801,0.1069566,0.13839375,0.04927164,0.11927264,0.16979345,0.05663552,0.11905711,0.19474093,0.19882629,0.09338972,0.13609168,0.12473576,0.21718156,0.12504878,0.10860211,0.11493742,0.162718,0.07222781,0.09446077,0.12469135,0.04011586
87,0.48118329,0.0186326,-0.0001416,0.29780204,-0.10282968,0.00260158,0.30520489,0.50850878,0.14423976,0.21238026,0.07234823,0.11156874,0.14569602,0.04856581,0.13063234,0.19403932,0.04980544,0.128194,0.24652158,0.28034136,0.12877699,0.1566606,0.12850553,0.27019579,0.14264089,0.10545942,0.12787821,0.18281189,0.06630056,0.0914113,0.12459133,0.03569064
88,0.4109353,0.02852976,-0.00974376,0.28529181,-0.09702246,0.00833408,0.27874725,0.497293,0.15817172,0.21650594,0.09430028,0.1427544,0.1763311,0.08966308,0.15096782,0.20440109,0.08467683,0.15107156,0.25625692,0.27575189,0.15268896,0.16721035,0.15348523,0.27004579,0.15367669,0.13760526,0.1469429,0.19701202,0.08884328,0.12715646,0.15691708,0.07639632
89,0.3936859,0.01490039,-0.01754572,0.27127729,-0.09055245,0.00625991,0.26885966,0.48383796,0.15630369,0.21593605,0.09377437,0.13775709,0.17602895,0.0831305,0.1465172,0.20181242,0.07886675,0.14576684,0.24671892,0.26154214,0.14263188,0.1654129,0.14965741,0.26221168,0.15549398,0.13528639,0.14576744,0.19639077,0.09126935,0.12500492,0.15629319,0.0730508
90,0.41708892,0.0058196,-0.0193643,0.24597976,-0.08474725,0.0070639,0.23077827,0.49217032,0.10743268,0.16218135,0.0482382,0.095729,0.12517059,0.04978518,0.10368695,0.15626866,0.03962487,0.09735524,0.19190218,0.22759421,0.107143,0.11492359,0.10708053,0.2078893,0.10588388,0.09306915,0.09741714,0.14238347,0.04533378,0.08249736,0.10860503,0.03901345
91,0.44749715,0.00790214,-0.03880124,0.25506706,-0.09317209,0.0074127,0.26679125,0.46630396,0.1350373,0.19241918,0.07997041,0.10654005,0.13795486,0.06019465,0.12182487,0.16968672,0.05761458,0.12192561,0.22725557,0.2346339,0.11653484,0.14044781,0.11362502,0.23895639,0.1359289,0.1068207,0.1310721,0.17691591,0.07779568,0.0998457,0.12456558,0.05367914
92,0.2201761,0.01354637,-0.00511003,0.26760973,-0.08358356,0.00069253,0.28456291,0.46661485,0.1702939,0.23173393,0.11192894,0.13587538,0.17340429,0.07908349,0.15590507,0.21073855,0.08647254,0.15796415,0.25326207,0.26394111,0.14676051,0.17941615,0.15021726,0.27038355,0.16541262,0.12985178,0.15494475,0.20494176,0.10210704,0.11811103,0.15028323,0.06461683
93,0.18886156,0.03578813,-0.01435535,0.29628178,-0.09816271,0.00447433,0.32903209,0.49209535,0.1892164,0.2505847,0.12368017,0.15869697,0.19453741,0.10608319,0.17346588,0.22627272,0.10334365,0.1768628,0.28083697,0.29004273,0.16654107,0.19774927,0.17090803,0.29803942,0.18132743,0.14973715,0.17010061,0.22409635,0.111291,0.13942663,0.1730317,0.08705503
94,0.35286426,0.02232174,-0.01229898,0.27875237,-0.09643267,0.00383612,0.31561817,0.46263764,0.15999671,0.22265506,0.09789544,0.13171474,0.17014236,0.0749882,0.15010549,0.20679087,0.07770057,0.14745513,0.25703204,0.26708822,0.13859327,0.1693744,0.14584384,0.27638593,0.15342447,0.12767955,0.14237297,0.19710245,0.08547193,0.11517095,0.14661566,0.0609419
95,0.28969357,0.01403879,0.00075162,0.23476165,-0.07868311,0.00229363,0.24570709,0.45355277,0.14070987,0.1990554,0.08891808,0.11823129,0.15191434,0.062575,0.13222248,0.18334044,0.07018421,0.13227784,0.22718997,0.23576177,0.11136561,0.15345844,0.13402977,0.24856818,0.14324547,0.1207587,0.13088148,0.17987677,0.08649299,0.10903056,0.13941987,0.05455933
96,0.29883125,0.01316981,-0.02593437,0.22545696,-0.07908989,0.00650047,0.2367968,0.44793972,0.13456287,0.18950648,0.0761725,0.11134234,0.14190466,0.06541018,0.12147779,0.1669261,0.05983457,0.12512064,0.21665319,0.22235713,0.11965966,0.14296142,0.11945597,0.2293547,0.13985311,0.11231773,0.13384817,0.1799686,0.07790341,0.10620177,0.13042816,0.05809069
97,0.61400562,0.01132649,-0.00690685,0.29268513,-0.09376533,0.00150546,0.30887076,0.46921239,0.16323657,0.22288968,0.10214306,0.1408731,0.17346615,0.08687999,0.15466623,0.21221419,0.08736713,0.15175298,0.26640601,0.28600119,0.16521174,0.17225208,0.15506437,0.28270055,0.15424118,0.13116425,0.14561028,0.19636158,0.09150637,0.11717056,0.14903208,0.06712326
98,0.41641453,0.02083339,-0.01032593,0.27145127,-0.08771622,0.00177153,0.30594333,0.45295291,0.17618164,0.2362432,0.12174839,0.14751728,0.18218502,0.09362034,0.16341498,0.21754276,0.1001828,0.16698411,0.26967014,0.2736475,0.15454711,0.18706457,0.16116146,0.28739716,0.17069602,0.14031731,0.16195356,0.2129595,0.11151618,0.12936346,0.16309222,0.0769418
99,0.49043386,0.00378137,-0.01494294,0.27061722,-0.08724827,0.0071075,0.28976175,0.47024868,0.17331522,0.23062527,0.11074968,0.14220642,0.17774585,0.09133984,0.15356123,0.20875695,0.08424758,0.15920956,0.25107442,0.26767604,0.15916576,0.18356404,0.15564264,0.26705894,0.16765661,0.13464901,0.15989143,0.20848878,0.10508468,0.12601548,0.15516153,0.07844573
100,0.35533556,0.01905983,-0.01012612,0.25702081,-0.08362326,0.00361276,0.29631049,0.43591381,0.1589362,0.2208828,0.10075483,0.13315618,0.16753815,0.07853231,0.14776654,0.20022387,0.07916834,0.15010523,0.24564993,0.25782251,0.1427344,0.16961643,0.14774172,0.26415109,0.15392707,0.12783841,0.14400421,0.19488654,0.09271989,0.11708646,0.14713908,0.06516888
101,0.31996112,0.01221009,-0.02506949,0.28933087,-0.09233217,0.0040877,0.311708,0.45499818,0.16912271,0.23227598,0.10903425,0.14042295,0.17562475,0.08438549,0.15458169,0.21289482,0.08001815,0.15697258,0.26201705,0.27192722,0.15785473,0.17806495,0.15310151,0.27786005,0.16725132,0.13599853,0.15857623,0.21224562,0.1023877,0.12483005,0.15534076,0.07315823
102,0.41876285,0.00226298,-0.05237623,0.2511172,-0.08642314,0.00915093,0.24113218,0.46578306,0.15186028,0.20863735,0.0978616,0.11115892,0.1437982,0.06158402,0.1249842,0.17553609,0.06158228,0.13460974,0.22904267,0.24180748,0.11845909,0.15637894,0.118555,0.24011736,0.14794186,0.1046519,0.14071665,0.18820527,0.08950178,0.0984814,0.12691527,0.04844745
103,0.51231667,0.0209744,-0.01313848,0.26661605,-0.08426014,-0.00069518,0.28720128,0.4816353,0.13125041,0.19155649,0.06980797,0.11409177,0.15180022,0.06119609,0.12795985,0.18482144,0.05920109,0.12166875,0.22453054,0.2505182,0.13647699,0.14062929,0.12702029,0.24151072,0.1245274,0.10688848,0.11551577,0.16799046,0.05896493,0.09649756,0.13026712,0.04846371
104,0.39066335,0.02411035,-0.01247934,0.30683337,-0.1017737,0.00343999,0.33128223,0.47561616,0.16994691,0.23427957,0.10241118,0.13884928,0.17850431,0.08298568,0.1572599,0.21500592,0.08451188,0.15717968,0.27611438,0.29281219,0.15631933,0.17985818,0.14997546,0.29249125,0.16256719,0.1315023,0.15289917,0.21155133,0.09033815,0.12367346,0.15909971,0.0681692
105,0.32915257,0.01648621,-0.01559155,0.28394743,-0.09211857,0.0028772,0.29892291,0.47497914,0.17232665,0.23618418,0.11288642,0.14259731,0.1811075,0.08985131,0.15691086,0.2135194,0.08862956,0.15997999,0.26675108,0.27151317,0.1547629,0.17746119,0.15083615,0.27671823,0.16572338,0.13420475,0.15890282,0.2148077,0.10293996,0.12697453,0.16068218,0.07465853
106,0.3597526,0.00297259,-0.00770624,0.26323835,-0.08535254,0.00170642,0.28732878,0.46938551,0.16550188,0.22668646,0.10712107,0.12658319,0.16282639,0.07112981,0.14505243,0.20140107,0.0751902,0.15100457,0.24201713,0.25641025,0.12698824,0.17938754,0.14434876,0.26531106,0.16418314,0.12342408,0.15064991,0.2026215,0.0994214,0.11360775,0.14730568,0.05939882
107,0.26114426,0.02015578,-0.00823349,0.25025029,-0.08377826,0.00296947,0.27695712,0.43371929,0.14328439,0.20529316,0.08382596,0.11943227,0.15143091,0.06521068,0.13410337,0.18646925,0.06373996,0.13433901,0.22359258,0.2358382,0.12945744,0.15512168,0.13472272,0.24415466,0.14593032,0.12099662,0.13563788,0.18724331,0.08058398,0.10710788,0.13558477,0.05539457
108,0.43094477,0.01387488,0.00630101,0.29881785,-0.09400591,0.00187296,0.32089173,0.47846666,0.18303525,0.24742355,0.11897355,0.14799929,0.18071869,0.08970896,0.16638051,0.22435319,0.09227393,0.16885117,0.27702955,0.29672621,0.1750232,0.19570026,0.16511679,0.29691494,0.17594297,0.13926895,0.16433117,0.21921169,0.1090697,0.12507351,0.15874944,0.07181264
109,0.4116564,0.03628146,-0.00067641,0.29812571,-0.10431136,0.00341943,0.30519829,0.51438906,0.15659895,0.21536964,0.08860799,0.13056912,0.16345726,0.08164942,0.14760603,0.20079927,0.07809956,0.14181606,0.26347779,0.28735385,0.15721052,0.16303897,0.14055648,0.27846014,0.14709531,0.12369352,0.14031284,0.19048273,0.08023962,0.11420729,0.14286675,0.06739132
110,0.40041464,0.00316525,-0.01939025,0.29433136,-0.09694418,0.00147264,0.31516261,0.49877164,0.16619847,0.22765364,0.10420402,0.12704479,0.16021163,0.07264788,0.14441969,0.20169569,0.07368352,0.14840631,0.25515867,0.27704996,0.14213624,0.17627685,0.14107575,0.27338381,0.16277879,0.12042359,0.15145987,0.20439002,0.09638504,0.10914877,0.14066473,0.05697228
111,0.4090468,0.01503284,0.01185204,0.28034581,-0.0886797,0.00039622,0.30293403,0.50060933,0.15185297,0.21100904,0.09326329,0.1227202,0.15759542,0.06768737,0.14349308,0.20090525,0.07251223,0.13692616,0.24446054,0.27409903,0.13945264,0.16496971,0.14071333,0.26780225,0.14404682,0.11418254,0.13111866,0.18206851,0.0794249,0.10413072,0.13693412,0.05443465
112,0.24654703,0.00983165,0.00372501,0.24164734,-0.07929955,0.00360129,0.26577015,0.45449722,0.14105323,0.19567177,0.09054816,0.11495061,0.14793247,0.06299381,0.13231066,0.18443579,0.06944087,0.13014065,0.22485416,0.23807999,0.11289803,0.15160674,0.13029165,0.24486474,0.13423743,0.11125824,0.125307,0.17065548,0.07931637,0.09900977,0.12819982,0.04913985
113,0.4707396,0.01964285,-0.00956851,0.29399405,-0.09991374,0.00348682,0.32425574,0.49122314,0.17577232,0.2369232,0.11423256,0.14059792,0.17725659,0.08571443,0.15897658,0.21301234,0.09027548,0.16111593,0.28002729,0.29303537,0.15883924,0.1848948,0.15328932,0.29512312,0.17052679,0.13234571,0.1590532,0.21102542,0.1038575,0.12303553,0.15759234,0.0709684
114,0.25617,0.00923413,-0.00072626,0.29952941,-0.09871484,0.00537616,0.32398777,0.458006,0.18117171,0.23676821,0.12340105,0.14528205,0.18289992,0.09224064,0.16516271,0.21869767,0.09842782,0.16442207,0.27718421,0.28840942,0.15595032,0.18967348,0.15865859,0.2922565,0.17628272,0.14180586,0.16667796,0.21491741,0.11699756,0.13108389,0.15848416,0.0835942
115,0.28304529,0.02528419,0.00352011,0.2849435,-0.09484771,0.00111081,0.3195762,0.48668957,0.16706941,0.23091619,0.10468824,0.13732461,0.17099161,0.08121646,0.15612979,0.21350822,0.08417284,0.15463583,0.26838726,0.28212568,0.15718914,0.1778291,0.15234252,0.28765409,0.16109443,0.12985342,0.15118732,0.20500035,0.09588359,0.11765502,0.15086369,0.06417146
116,0.34143943,0.02897293,-0.01702974,0.25076315,-0.08394035,0.00108331,0.27149651,0.47645236,0.13309146,0.19140823,0.07870721,0.10334442,0.13468869,0.05362788,0.12092396,0.16968381,0.05597812,0.12067649,0.22424868,0.23765887,0.11803217,0.14158625,0.11486195,0.24118696,0.13160118,0.10070805,0.12451834,0.17171843,0.07254758,0.09158017,0.11991473,0.04282645
117,0.46272566,0.00905392,-0.01278311,0.27632247,-0.090394,0.00263222,0.30140928,0.46835851,0.15979873,0.21983583,0.1053001,0.13088109,0.1597991,0.07661258,0.14418036,0.19957934,0.07861586,0.14661177,0.25818259,0.2697025,0.15113865,0.16937961,0.14512972,0.27530872,0.15536827,0.12409225,0.14599966,0.19479567,0.09721452,0.10997774,0.14040461,0.05980517
118,0.52177665,0.00758156,-0.03379266,0.24652763,-0.08596581,0.00724476,0.24663301,0.45265672,0.12146478,0.17976829,0.05722496,0.10013814,0.13066305,0.04980625,0.1074423,0.16215309,0.04032516,0.10767647,0.21424996,0.2294698,0.12200299,0.12756425,0.11030773,0.22690126,0.11336674,0.09348665,0.1063321,0.15459311,0.04507501,0.08045696,0.10887042,0.03450678
119,0.5259758,0.00753474,-0.02846375,0.33808922,-0.1007585,0.00397304,0.36238833,0.49064282,0.23284105,0.29506659,0.17101921,0.19279563,0.23282842,0.13969621,0.21145334,0.26963246,0.14513039,0.21946738,0.33545679,0.33729901,0.23265633,0.23975398,0.20362944,0.34670969,0.22024244,0.17644123,0.2140796,0.26633692,0.15792821,0.16795923,0.2016476,0.12004774
120,0.36939245,-0.00322418,-0.02281123,0.27468829,-0.09466353,0.00654662,0.28822821,0.49023081,0.14634006,0.20614475,0.0796683,0.11371425,0.14842821,0.062362,0.12994756,0.18896885,0.05529953,0.12753741,0.23766656,0.26315759,0.13778491,0.153532,0.12419274,0.25218465,0.13956314,0.10406846,0.12931199,0.18532372,0.07026543,0.09614448,0.12801589,0.04813565
121,0.36520492,0.01657163,-0.01361909,0.31576867,-0.09670069,0.00170328,0.33244539,0.48814444,0.1783706,0.24455598,0.11949013,0.1408193,0.1762871,0.0846917,0.16151947,0.22177319,0.08906681,0.16318361,0.27830956,0.29472196,0.15651574,0.18802992,0.15450333,0.29691281,0.17233421,0.12983267,0.16196928,0.21654518,0.10680474,0.11987401,0.15567054,0.06776413
122,0.23578075,0.01557381,-0.01372882,0.23329189,-0.07519859,0.00038047,0.26169302,0.42932749,0.14562824,0.20609529,0.09277021,0.11470774,0.14588418,0.0596736,0.13167122,0.18232261,0.06630847,0.1350676,0.22180488,0.22627998,0.11962956,0.15688648,0.12946543,0.24173011,0.14667004,0.11326039,0.13580443,0.18688792,0.08600416,0.10122674,0.13323352,0.04890745
123,0.48771984,0.01737402,-0.01769478,0.28854591,-0.0985975,0.0019684,0.29506567,0.48290819,0.14058267,0.20574138,0.06909274,0.11602418,0.15513137,0.05823809,0.12904284,0.19324047,0.05226017,0.12576817,0.23962993,0.27054281,0.13730808,0.15027943,0.12978418,0.25761328,0.13551793,0.10780087,0.12272712,0.18075022,0.05810022,0.09608507,0.1320741,0.04419065
124,0.29209678,0.01870782,0.00346576,0.24032799,-0.07598102,-0.00092165,0.25420978,0.4734872,0.13320159,0.19150175,0.08436883,0.11315648,0.14280961,0.05910889,0.12781932,0.17980115,0.06674855,0.12502478,0.21779998,0.23431137,0.11096199,0.14533918,0.12956599,0.24036684,0.12916119,0.10952703,0.11938132,0.16676258,0.07378354,0.09673522,0.12978844,0.04493981
125,0.39167943,0.01002365,-0.01021121,0.26371758,-0.08930333,-0.0022423,0.30714618,0.46359515,0.15273183,0.21289698,0.09186599,0.11658662,0.14993022,0.06158167,0.13752304,0.19352733,0.06515176,0.1366828,0.2426093,0.25994659,0.13347384,0.16302308,0.13144203,0.26236592,0.14655386,0.11076415,0.13524004,0.18747983,0.0818567,0.09882767,0.13029937,0.04760162
126,0.26191899,0.00994885,-0.00732747,0.21497016,-0.07130875,0.00166262,0.22881349,0.44431427,0.11842814,0.17594224,0.06796323,0.09507073,0.12558072,0.04205711,0.10729923,0.15721138,0.04443381,0.10661611,0.20340616,0.21230909,0.10110375,0.12812206,0.10765721,0.22106184,0.11127938,0.08917539,0.10368759,0.15096676,0.05666988,0.0797949,0.10936108,0.02969864
127,0.39125526,0.00824413,-0.00798205,0.24682222,-0.08068435,-0.00031908,0.29759644,0.47948545,0.16254784,0.2197782,0.11177894,0.12342301,0.1501834,0.07470531,0.13981066,0.19037009,0.07494732,0.14449326,0.25434847,0.25565661,0.14651003,0.17302095,0.13750266,0.27206191,0.15637947,0.11613877,0.14542225,0.19387094,0.1007732,0.1070605,0.13663932,0.06012123
128,0.37984064,0.01429995,-0.02227858,0.25956933,-0.08437104,0.00400313,0.28364793,0.47446843,0.14146477,0.20592892,0.07561654,0.11714674,0.15156039,0.06547891,0.13021425,0.18820982,0.0577278,0.12876964,0.22973251,0.24428604,0.13665001,0.14906901,0.12769859,0.24379454,0.13789929,0.11196877,0.1305386,0.18520104,0.06905043,0.10302161,0.13434076,0.05202088
129,0.27466163,0.0255844,0.02329493,0.27365661,-0.08373974,-0.00536512,0.29675449,0.49774544,0.1604152,0.22603395,0.10308508,0.12689602,0.16343234,0.06617609,0.14533043,0.20595547,0.07262484,0.14657762,0.2442243,0.26891799,0.13429768,0.17499576,0.14670353,0.27027775,0.15419057,0.11991865,0.14036425,0.19420061,0.09096708,0.10730167,0.14314061,0.05161878
130,0.31057701,0.02183427,-0.00239563,0.28833718,-0.08992319,-0.0003745,0.31624411,0.47663162,0.17382311,0.23633691,0.1181335,0.14046465,0.17175731,0.08666132,0.15929056,0.21303024,0.09109608,0.16080038,0.27428063,0.28456648,0.16304628,0.18473526,0.1535642,0.2907901,0.1674695,0.12939028,0.15875721,0.21067946,0.10637645,0.11979006,0.1530341,0.06833293
131,0.51186866,0.00469321,-0.02071919,0.27999041,-0.09503923,0.00131511,0.31451462,0.48118529,0.16588774,0.22537182,0.10535655,0.12931495,0.15786029,0.07827386,0.14266394,0.19723393,0.07323088,0.14678551,0.26471805,0.27376682,0.16905676,0.17244062,0.14057169,0.27755617,0.16508329,0.12480219,0.15525089,0.20338342,0.10223675,0.11283382,0.14159642,0.06573567
132,0.39190511,0.0252262,-0.01425804,0.26674654,-0.09007596,0.00383724,0.30767906,0.47200081,0.15601497,0.215247,0.09763006,0.12957043,0.15890254,0.07928572,0.13963718,0.19164035,0.07414146,0.14670627,0.24830199,0.26176309,0.14686543,0.16575666,0.14163878,0.26400348,0.15680873,0.1261557,0.14823064,0.19887649,0.09510882,0.11515541,0.14342619,0.06657484
133,0.35620031,0.00713769,-0.02097812,0.28246302,-0.08913708,0.00865049,0.29279306,0.4613302,0.16019048,0.22416089,0.09789495,0.13632296,0.17332106,0.0807668,0.14933393,0.20648383,0.08035052,0.14835405,0.25090736,0.26981345,0.14117816,0.16950316,0.14848219,0.26645994,0.15926969,0.13447808,0.14976637,0.20379316,0.09088463,0.12470504,0.15521427,0.07138443
134,0.45445552,0.01896134,0.00446965,0.27675818,-0.09042649,0.00336862,0.29566583,0.47477251,0.15528088,0.21790959,0.09332762,0.13329284,0.16846309,0.07690425,0.1483138,0.20460057,0.07675301,0.14602378,0.24603035,0.26916486,0.1368534,0.16800519,0.149916,0.26705143,0.15289815,0.13082256,0.14036122,0.19449244,0.0854025,0.11923304,0.14959828,0.06482117
135,0.4263087,0.01368411,-0.01505267,0.28905208,-0.09497523,0.00176423,0.31852647,0.46654826,0.18285986,0.24624759,0.12452446,0.14513355,0.18368913,0.08694204,0.16415611,0.22125556,0.09511609,0.16665882,0.28062814,0.28942288,0.15463398,0.19308445,0.15906948,0.29829952,0.18126711,0.1420864,0.16844609,0.22280395,0.11680284,0.13270929,0.16832727,0.07836017
136,0.40827021,0.02424289,-0.03462806,0.27477609,-0.09320193,0.00549344,0.30851246,0.46388652,0.17097449,0.22862689,0.11417955,0.13885096,0.17134118,0.09106321,0.15321448,0.20221015,0.09031428,0.15703861,0.26255771,0.26764928,0.1569615,0.17908738,0.14867326,0.27498586,0.16797489,0.13386771,0.15899898,0.21115372,0.10676142,0.1264742,0.15210334,0.07955783
137,0.52036252,0.00377726,-0.03845899,0.23967312,-0.08323242,0.00416164,0.24261753,0.47778331,0.12521695,0.18388151,0.0703238,0.09691055,0.1281287,0.04666801,0.10517834,0.1590183,0.04156615,0.1129742,0.20816572,0.22028799,0.09969867,0.13235343,0.10672005,0.22071925,0.12503656,0.09553915,0.11609379,0.1650658,0.06334768,0.08656308,0.11643307,0.03590082
138,0.35376011,0.03317161,0.00843029,0.28484277,-0.09618095,0.00221267,0.29144398,0.49202381,0.1557834,0.21538481,0.09875534,0.13222013,0.16512584,0.07684569,0.14972,0.20145278,0.08414081,0.14402997,0.25823447,0.27796591,0.13965353,0.16716834,0.14737844,0.27907132,0.14739015,0.1248717,0.13502655,0.18676528,0.0859409,0.11284984,0.14778158,0.06117748
139,0.40708712,0.00682517,-0.01155351,0.26138483,-0.0849442,0.00169915,0.28819405,0.47305174,0.15414129,0.21440143,0.10156837,0.1224575,0.15248865,0.06807361,0.13802109,0.19213053,0.07309101,0.13911507,0.24364986,0.25450418,0.13980203,0.16358441,0.1359144,0.26071573,0.14792838,0.11532074,0.13857899,0.19099394,0.09185925,0.10364885,0.13714917,0.05328266
140,0.433257,0.01923042,-0.0248621,0.28328953,-0.09022511,0.00259263,0.30396681,0.47466633,0.15947096,0.21715193,0.10192981,0.14004271,0.17554175,0.08993073,0.14930122,0.20132199,0.08613483,0.1502887,0.25883789,0.26519331,0.15806365,0.16560417,0.14935975,0.2702958,0.1531811,0.13160151,0.14626644,0.19601988,0.09041073,0.12064225,0.15340205,0.07220536
141,0.4899381,0.00832004,-0.02624287,0.26242367,-0.08476401,-0.00246119,0.28846934,0.46155295,0.15348897,0.21675075,0.0932947,0.11176449,0.14703831,0.05466973,0.12921759,0.18770067,0.05535188,0.13619991,0.22857635,0.24818395,0.12607912,0.16417128,0.12755056,0.24959037,0.14434372,0.10197012,0.13355951,0.18756716,0.07898973,0.09084429,0.12440941,0.03816545
142,0.36797604,0.01311909,-0.00826316,0.26519667,-0.08313818,0.00161374,0.29730426,0.4741153,0.18048624,0.23929644,0.12323613,0.1487988,0.1800134,0.09957461,0.16152297,0.21419546,0.09665901,0.16806414,0.26953651,0.27513753,0.17803807,0.19036522,0.16285956,0.28544717,0.17552768,0.14064273,0.16517701,0.21518618,0.11393227,0.12973804,0.16138781,0.08209935
143,0.25470805,0.01335558,-0.02517992,0.28998298,-0.09478655,0.00183916,0.32133342,0.4730143,0.17147038,0.2307921,0.11646141,0.13237803,0.16485571,0.07949879,0.1491914,0.20447286,0.08471216,0.15372683,0.27282212,0.27932282,0.15926729,0.17740602,0.14329607,0.28589181,0.16113405,0.12044721,0.15238402,0.20358398,0.10251548,0.1101855,0.14217299,0.06017449
144,0.34340744,0.01634328,-0.00060102,0.26813403,-0.09145768,0.00234646,0.28550269,0.48492419,0.15114905,0.21255356,0.09457427,0.12266377,0.15542639,0.06734259,0.13901377,0.19435641,0.07151807,0.13922137,0.24647157,0.26394983,0.1370566,0.16231712,0.13675033,0.26622352,0.14725362,0.11922488,0.13777888,0.19055065,0.08697154,0.10857233,0.14149885,0.05562086
145,0.46634986,-0.00031877,-0.00681217,0.30127537,-0.09504008,-0.00042283,0.3361268,0.46836904,0.19366343,0.2607146,0.12994485,0.15216677,0.18566451,0.09071113,0.16877518,0.23100501,0.09288941,0.17650673,0.28946262,0.29852571,0.18155622,0.20456967,0.16897157,0.30873355,0.18078678,0.13652213,0.17054851,0.22416776,0.11617377,0.12162038,0.15444094,0.06841363
146,0.51758993,0.00972961,-0.0309235,0.24858722,-0.08652041,0.00616371,0.23021573,0.48622257,0.12350368,0.17950628,0.06503655,0.10417959,0.13720539,0.05518262,0.11257513,0.16243809,0.04961284,0.11503105,0.20743269,0.22663019,0.1023998,0.13084114,0.11307351,0.22080063,0.13272774,0.10827209,0.1238897,0.16981188,0.06971751,0.09998007,0.12741393,0.05220419
147,0.17826226,0.025147,-0.00158756,0.27912844,-0.08550532,0.00074123,0.30294744,0.47709866,0.1718392,0.23632515,0.1095103,0.14945319,0.18542078,0.09134023,0.16237619,0.21981664,0.09040676,0.16243384,0.26336161,0.27434207,0.16377862,0.18147663,0.16441083,0.28165071,0.1613587,0.13895983,0.15145129,0.20488687,0.09577981,0.12610928,0.16006903,0.07262392
148,0.42459171,0.02445061,-0.01945398,0.24619536,-0.07714424,0.00607364,0.23438602,0.46573687,0.13795345,0.1905904,0.08081865,0.11961174,0.15082821,0.07252411,0.12803176,0.17582773,0.07093123,0.13009158,0.22516922,0.23741807,0.12787276,0.14015791,0.12468693,0.23279047,0.12623288,0.10743548,0.12204324,0.16668833,0.06482115,0.10055027,0.13133585,0.05270858
149,0.49290827,0.01850152,-0.00192243,0.2952042,-0.09655358,0.00538723,0.31331318,0.51762349,0.16710348,0.22704456,0.10172849,0.14132596,0.17367269,0.08893638,0.15475559,0.21122334,0.08561161,0.15284386,0.26761569,0.29060955,0.16914902,0.17655225,0.1541937,0.28410265,0.16012067,0.13554654,0.1514102,0.20247516,0.09412888,0.12388427,0.15559406,0.07498532
150,0.21461697,0.00581331,0.00202666,0.26713927,-0.08985655,0.00297795,0.27949545,0.48152397,0.14126262,0.20462915,0.06928605,0.11725533,0.15217964,0.05923037,0.13089809,0.19223589,0.05225328,0.12556189,0.24079351,0.26373643,0.14223381,0.15192774,0.13208021,0.25952738,0.13090067,0.10621946,0.12084631,0.17488263,0.0569433,0.09347162,0.12702309,0.04227005
151,0.56566252,0.03157599,0.01233331,0.30969218,-0.10086055,0.00200082,0.30195529,0.52089486,0.17677733,0.23495375,0.11793274,0.1501189,0.18862048,0.09668516,0.16521435,0.2195125,0.10333593,0.16377402,0.28095414,0.30018173,0.16276214,0.1859515,0.16265466,0.2959334,0.17032614,0.14351728,0.16202685,0.20943043,0.11143797,0.13495267,0.16886082,0.08635844
152,0.30401194,0.01100196,-0.02766346,0.23853316,-0.08050699,0.00732651,0.26071984,0.43679662,0.14267059,0.20033663,0.09060238,0.12208864,0.15687878,0.06876107,0.13112176,0.17994364,0.06902493,0.1362483,0.22251656,0.23031432,0.11001759,0.15245338,0.13424069,0.23962727,0.14296812,0.12277335,0.13418479,0.18380706,0.08587107,0.1125466,0.14159193,0.05960288
153,0.2245895,0.00257087,-0.00916465,0.27946101,-0.09140277,0.00077719,0.29760082,0.46383236,0.162847,0.22381185,0.10820056,0.12867573,0.15884603,0.07404268,0.14743373,0.20185381,0.08076297,0.14710578,0.26484857,0.27328832,0.15164177,0.17211159,0.1428635,0.28119542,0.15391512,0.11859557,0.1449903,0.19499879,0.09555803,0.10567737,0.13804591,0.05650134
154,0.38465353,0.00741105,-0.01813373,0.23274635,-0.07643724,0.00351517,0.2355626,0.46288511,0.10584141,0.16345531,0.05036565,0.0894612,0.11967458,0.0390495,0.09985278,0.15286233,0.03448781,0.09710353,0.19314183,0.21027372,0.10102133,0.11441234,0.10277515,0.2103608,0.10725685,0.08899199,0.09947802,0.14439464,0.04763649,0.07550525,0.10243906,0.02960334
155,0.3026161,0.01224081,-0.01791706,0.25289669,-0.08474905,0.00495871,0.27474504,0.43846869,0.16060346,0.22251338,0.10228553,0.13604121,0.17420311,0.07935843,0.15164708,0.20448484,0.0849433,0.15333391,0.2462794,0.24784821,0.13212979,0.16929567,0.14916915,0.2635697,0.15629212,0.13409093,0.14667015,0.1999405,0.09485839,0.12296736,0.15496221,0.06804728
156,0.36792481,0.02070414,-0.01597552,0.25704018,-0.08593501,0.00354423,0.29267338,0.46595232,0.15427318,0.21440055,0.09446642,0.1240091,0.16119237,0.07139996,0.13979812,0.19178159,0.07062245,0.14183695,0.22934824,0.24887857,0.12824378,0.16409133,0.13772257,0.24903096,0.14902612,0.12036731,0.13816239,0.19151017,0.08325864,0.11039919,0.14221807,0.05743838
157,0.30299478,0.008307,0.00351903,0.26605916,-0.08458417,0.00366953,0.28740293,0.4767914,0.14467824,0.20530804,0.08476849,0.12291202,0.15360699,0.06863921,0.13543564,0.19314686,0.06734406,0.13360564,0.24112822,0.25939274,0.14410957,0.15310696,0.13570653,0.25775416,0.13416663,0.11326045,0.12640434,0.1766185,0.07404449,0.09956767,0.13214478,0.0488189
158,0.38511688,0.02809135,-0.00346718,0.29535119,-0.09621058,0.00217451,0.32601328,0.46806688,0.18807694,0.24902048,0.12920892,0.15781724,0.19010139,0.10504104,0.17277601,0.22648016,0.10459898,0.17572375,0.28818805,0.29291445,0.17917368,0.19604089,0.16964302,0.302242,0.17756847,0.14845854,0.16940063,0.22135218,0.11818617,0.13723382,0.16938354,0.08616776
159,0.65727864,0.0108568,-0.03394037,0.29079334,-0.10146835,0.00556744,0.27980512,0.49679151,0.13579209,0.20017347,0.06638642,0.11068518,0.13856347,0.05536956,0.11945672,0.18010057,0.04364879,0.1202978,0.24223938,0.26716482,0.14938768,0.14486142,0.12372722,0.25831158,0.13284077,0.10489364,0.12598201,0.17691594,0.06297188,0.08849157,0.11540588,0.04224105
160,0.37975357,0.02880487,-0.00948731,0.28581769,-0.09435684,-0.00041955,0.33593978,0.46716375,0.18066972,0.23988087,0.11973829,0.14131685,0.17082098,0.08966118,0.15967892,0.21124017,0.08939752,0.16296433,0.28025482,0.28267568,0.17218282,0.18875974,0.15428232,0.29648212,0.17237399,0.13150747,0.16220455,0.2116394,0.10631806,0.1203462,0.14929727,0.07377067
161,0.39988153,0.0092422,-0.00265437,0.26324419,-0.08696965,-0.00025188,0.25866498,0.48312581,0.13882468,0.20026593,0.07879263,0.113823,0.1444204,0.06006982,0.12813112,0.18256003,0.06002543,0.12514234,0.23444618,0.25635406,0.13256779,0.15001698,0.12766579,0.25286882,0.13253999,0.10532738,0.12356136,0.17432505,0.06924063,0.09477987,0.12675463,0.0437275
162,0.35382213,0.01262435,0.01406116,0.25026184,-0.07700561,-0.00122216,0.25086754,0.47043287,0.1456398,0.20403838,0.09317494,0.11978049,0.15064297,0.06463174,0.13692148,0.19001217,0.07381477,0.13443539,0.23318782,0.2473872,0.13277909,0.15744239,0.13628443,0.25326932,0.14488388,0.11715555,0.13425377,0.18276003,0.08727216,0.10476,0.13635966,0.05437233
163,0.25471401,0.00980503,-0.01211302,0.23947647,-0.07559364,0.00373724,0.23877968,0.46714538,0.13057554,0.18853118,0.08091229,0.11250182,0.14628774,0.05959029,0.1272653,0.17951089,0.06491657,0.12448997,0.2146575,0.22745465,0.10930797,0.14332043,0.12778339,0.23591927,0.13192034,0.10961884,0.12524577,0.17304715,0.07752961,0.0996559,0.13246244,0.04903191
164,0.51924845,0.01364024,-0.02716495,0.25613409,-0.08367295,0.00451303,0.26346672,0.46442934,0.154205,0.20948013,0.10067921,0.1295152,0.16355699,0.07968549,0.143494,0.19186811,0.08378768,0.14379864,0.23981402,0.25286843,0.13669919,0.16269883,0.14195583,0.25552041,0.14874234,0.1240482,0.1377246,0.18289915,0.09153921,0.11525078,0.1430783,0.06778447
165,0.34476479,0.01105212,-0.00607647,0.26884329,-0.08904065,0.00115001,0.29898876,0.48870371,0.15775828,0.22020645,0.10018869,0.13028373,0.16335978,0.07422403,0.14586947,0.20208968,0.07814325,0.14652606,0.243394,0.26008543,0.13778604,0.17203023,0.14912987,0.26718389,0.15644613,0.12581916,0.14373235,0.19630526,0.09525713,0.11143452,0.14417679,0.05880645
166,0.44322762,0.02512089,-0.02054532,0.28610167,-0.09981189,0.00514914,0.30015751,0.48112831,0.15735859,0.22220623,0.0888892,0.1346686,0.1705364,0.07969135,0.14505687,0.20134942,0.07053185,0.14659942,0.25714745,0.27599919,0.14788844,0.16551091,0.14496563,0.27160923,0.15197009,0.12930673,0.14085353,0.19790114,0.08025829,0.11973397,0.15184132,0.06605415
167,0.28820612,0.01508902,-0.03106042,0.26103841,-0.08890263,0.00812891,0.26598735,0.48073143,0.18078995,0.23581223,0.12139425,0.13043111,0.16357569,0.08364118,0.15211286,0.1997149,0.08932618,0.16021407,0.25826232,0.25486645,0.13293185,0.1879721,0.13881594,0.27140763,0.17572728,0.12696214,0.16835355,0.21611127,0.11533055,0.12387411,0.15048503,0.07582536
168,0.50123129,0.02134225,-0.02478114,0.30478826,-0.10409586,0.00475199,0.34407749,0.48980212,0.17525192,0.24083395,0.11037433,0.13189016,0.16346732,0.08082522,0.15033342,0.20746837,0.0763909,0.15623627,0.27359719,0.28919847,0.15996334,0.18520707,0.14464911,0.29151588,0.16665653,0.12465607,0.15877088,0.21267304,0.09877838,0.11481013,0.14587199,0.06355398
169,0.32449916,0.00560455,-0.02042392,0.26648338,-0.08677701,0.00142418,0.29851722,0.47493964,0.16528183,0.23202232,0.10928549,0.12892211,0.16303759,0.06963362,0.14993918,0.20688804,0.07674856,0.15295367,0.2577557,0.26726127,0.14915553,0.17970129,0.14720883,0.28153529,0.15757662,0.11927986,0.14630418,0.20121738,0.0969843,0.10705226,0.14283347,0.05261559
170,0.39194437,0.02703961,0.01738843,0.30556797,-0.10288858,0.00191789,0.32220401,0.51026023,0.16041174,0.22542143,0.09251844,0.13368613,0.16600448,0.07816253,0.15255283,0.21173208,0.07660546,0.1436353,0.27135153,0.30043172,0.15905304,0.17330832,0.15011178,0.29365434,0.1512794,0.12643332,0.13864541,0.194214,0.08141755,0.11410447,0.14611335,0.06123224
171,0.50073733,0.01620317,-0.01248995,0.29337227,-0.09670763,0.0051731,0.29274631,0.49236442,0.17843955,0.22907088,0.12119288,0.13762513,0.1701373,0.09229558,0.15534889,0.20213639,0.09478373,0.16031048,0.26378835,0.28324904,0.15307927,0.18513237,0.14676518,0.27726308,0.17605769,0.13311384,0.1678575,0.21000199,0.11717271,0.12822952,0.1521761,0.08376437
172,0.55027093,0.00709427,-0.03846859,0.28446022,-0.09618878,0.00958485,0.2692681,0.49847388,0.1640923,0.22878829,0.09069755,0.13397664,0.16849998,0.07615335,0.13891377,0.19987452,0.064628,0.14891163,0.25019587,0.2702445,0.15427639,0.16997398,0.14423776,0.26306271,0.15589797,0.12443418,0.1497637,0.20233434,0.08364885,0.11232937,0.14394051,0.06017256
173,0.38324624,0.01714651,0.00674865,0.28202977,-0.08675455,-0.00221011,0.31052,0.48719344,0.16558344,0.22731408,0.10589764,0.13643498,0.17478827,0.07814179,0.1541028,0.21391294,0.08337666,0.15119189,0.25955739,0.28228678,0.15756775,0.17742094,0.15356606,0.28170339,0.15321537,0.12311093,0.14080517,0.1942842,0.0889886,0.11099313,0.1490333,0.05797246
174,0.39183293,0.00361088,-0.03347157,0.28557745,-0.09696692,0.00665822,0.31563387,0.44334316,0.17642406,0.24180984,0.10955779,0.13478355,0.17285031,0.07406409,0.15351118,0.21432193,0.07613992,0.1575803,0.263717,0.27923577,0.14877713,0.18417953,0.14660907,0.27921755,0.17159797,0.13096103,0.15986892,0.21984488,0.09852418,0.11922502,0.15197902,0.06081962
175,0.52049754,0.00574957,-0.02198392,0.2867196,-0.09554006,0.0051852,0.29001294,0.48660764,0.16022378,0.22122097,0.10053667,0.13292456,0.16918946,0.07985677,0.14518987,0.20312799,0.07541151,0.14715367,0.25309564,0.27523153,0.14925504,0.16878515,0.14511162,0.26784752,0.15494937,0.12483102,0.14566876,0.19783955,0.09303149,0.11502384,0.1461372,0.06685531
176,0.23826149,0.0091105,0.00831857,0.2488764,-0.07657546,-0.00109149,0.26757433,0.46921173,0.16177218,0.22011765,0.11194581,0.12895329,0.15972846,0.07424646,0.14478069,0.19745525,0.08156071,0.14884685,0.2440216,0.25404885,0.13633606,0.1727941,0.14447678,0.26337921,0.15815195,0.12455961,0.14598596,0.19478338,0.1016362,0.11456994,0.1494618,0.06097608
177,0.45673638,0.00924213,-0.03573217,0.25120279,-0.07947629,0.00315196,0.24845227,0.46135941,0.15038939,0.21096171,0.09177345,0.12280313,0.15684724,0.06900182,0.13318791,0.1857901,0.06540011,0.13898447,0.22682232,0.2406297,0.13061885,0.15888368,0.13416688,0.24261644,0.14581477,0.11636926,0.13733255,0.18663668,0.08337965,0.10817543,0.13688345,0.05741591
178,0.35128246,0.01035024,-0.002434,0.29663038,-0.09428608,0.00028632,0.31894818,0.49314546,0.16521736,0.22981841,0.10274133,0.12866071,0.16331214,0.07124041,0.14968007,0.21066496,0.07525593,0.14843045,0.26450995,0.28676479,0.15121408,0.17579131,0.14496587,0.2852212,0.15660337,0.11851107,0.14489206,0.19799413,0.08904749,0.10632464,0.14050261,0.05405602
179,0.48885197,0.021576,-0.01775417,0.27953019,-0.08977068,0.00193278,0.28894783,0.47284033,0.17415508,0.23677034,0.11145494,0.14200135,0.18554014,0.08452972,0.15871512,0.21262463,0.08931034,0.1634773,0.26393496,0.27502605,0.13891257,0.18451183,0.15318817,0.2790222,0.17242865,0.13721638,0.16262068,0.21672234,0.10439335,0.13247464,0.16635568,0.07744087
180,0.39033367,0.01124118,-0.02604438,0.2533475,-0.08539442,0.00224097,0.26377803,0.48036576,0.13957526,0.20008692,0.07940784,0.11567699,0.14504682,0.06409571,0.1255228,0.17969519,0.05877413,0.12670953,0.23224097,0.24739213,0.13159376,0.14587232,0.12435191,0.24540328,0.13243927,0.10894738,0.12557612,0.17610687,0.07153908,0.09950219,0.12861021,0.04735228
181,0.23759511,0.01640009,-0.00952137,0.25152138,-0.07997526,0.00164575,0.2483382,0.47465162,0.16513477,0.22546031,0.10812673,0.12831113,0.16145158,0.0737493,0.1463229,0.19855585,0.07849806,0.15137405,0.24074195,0.24914053,0.12667568,0.17501876,0.14145285,0.25870334,0.16211852,0.12443472,0.15226679,0.20425606,0.10037716,0.11680254,0.14757578,0.06223218
182,0.22719979,0.00726413,-0.00367616,0.25720603,-0.07907815,0.00045026,0.26463516,0.46863927,0.15113708,0.21306673,0.08907126,0.12015609,0.15790956,0.06237829,0.13796927,0.19529605,0.06793414,0.13787771,0.22999207,0.24813161,0.12724953,0.16328555,0.13708784,0.25172369,0.14285194,0.11204327,0.13223961,0.18552645,0.07830814,0.10063286,0.1343967,0.04756354
183,0.23868154,0.02924635,0.01127329,0.24432893,-0.08087336,-0.00084405,0.26543313,0.45866462,0.1290813,0.19211425,0.0765866,0.10573073,0.13326605,0.04774222,0.12163845,0.17631213,0.05271196,0.1197281,0.21674777,0.23377591,0.111037,0.14261499,0.12411599,0.24168969,0.1296895,0.10472124,0.11748656,0.16758424,0.07021505,0.08887018,0.11873072,0.03491352
184,0.35538234,0.01784804,-0.0226386,0.30237339,-0.09665578,0.00388813,0.32485028,0.48369265,0.18529072,0.24669764,0.12743058,0.15365925,0.18956996,0.09757293,0.16882863,0.22686178,0.1024251,0.17167098,0.28642912,0.29630325,0.1705602,0.19438506,0.1665508,0.30296199,0.17286454,0.13874444,0.16478003,0.21824753,0.1124672,0.12688988,0.16553746,0.07661018
185,0.52918515,0.01628424,-0.00817332,0.27453765,-0.0859682,0.00171494,0.28344527,0.48713678,0.14311625,0.20219464,0.08499776,0.11694701,0.15035492,0.06484884,0.12975407,0.18535238,0.06216199,0.12963522,0.23220655,0.25926683,0.13717179,0.1508641,0.13061193,0.24931808,0.13756259,0.10707038,0.12641753,0.17225935,0.07414086,0.09676367,0.12795897,0.05039649
186,0.25156521,0.03018369,-0.01055837,0.23217717,-0.07309041,0.00168362,0.26236131,0.44030681,0.13866392,0.19809506,0.08672997,0.11040413,0.14440416,0.05828396,0.12650455,0.17656335,0.05983543,0.13002953,0.20630324,0.21724103,0.10946148,0.14854873,0.12478004,0.22694859,0.13763712,0.11049073,0.12717723,0.17629595,0.07797538,0.09878193,0.13025247,0.04768264
187,0.35636194,0.01238065,-0.0162019,0.30706006,-0.10220844,0.00648599,0.29619591,0.52139931,0.16961685,0.22985382,0.09960414,0.1370196,0.17161379,0.08522084,0.15117824,0.21047599,0.08032766,0.1521651,0.26855046,0.29752839,0.15763862,0.17996574,0.14984286,0.28521464,0.16397489,0.13108735,0.15554464,0.20688729,0.09538,0.12166642,0.1503571,0.07226821
188,0.34660453,0.01205914,0.01488848,0.29796006,-0.09707399,0.00128746,0.3135344,0.50097638,0.17036293,0.23778742,0.10144136,0.14833617,0.18490149,0.08750469,0.16150707,0.22615315,0.08592704,0.15912927,0.2796053,0.30363726,0.17493361,0.18306912,0.16491004,0.29994731,0.15949807,0.13280566,0.14917265,0.20545554,0.09008397,0.11934699,0.15687042,0.06521453
189,0.56183497,0.01354039,-0.02098136,0.30016653,-0.09467705,0.00907449,0.32181808,0.44457944,0.19116152,0.24924172,0.12880447,0.15730285,0.19037185,0.10472249,0.17086058,0.2254501,0.10466225,0.17843701,0.28577784,0.29433676,0.17812753,0.19719896,0.16751483,0.29623288,0.18299639,0.14967699,0.17658511,0.22584155,0.11789097,0.13999339,0.16858021,0.09151499
190,0.47250114,0.01616016,-0.01743309,0.30125659,-0.09379696,0.00424094,0.30578162,0.47824795,0.17917386,0.24061306,0.11789787,0.1444322,0.18311114,0.08759076,0.160545,0.22058649,0.09003561,0.1651315,0.26197993,0.27955996,0.15458866,0.18785746,0.15861078,0.28024051,0.17488762,0.13970961,0.16493465,0.21725426,0.10935728,0.12818437,0.16119316,0.07562854
191,0.42851349,-0.0075773,-0.00123015,0.27932482,-0.08911184,0.00414077,0.2994405,0.49519419,0.17203858,0.23144252,0.10932734,0.1361985,0.17046835,0.08049172,0.15418451,0.21359006,0.08513189,0.15717514,0.25760225,0.27499403,0.15212385,0.18322878,0.15199197,0.27735259,0.16123454,0.12577643,0.15253779,0.20412041,0.09743689,0.11469811,0.1508491,0.06282054
192,0.52230097,0.00296426,-0.00322698,0.27914951,-0.0919576,-0.00029014,0.31428627,0.48303179,0.16425964,0.22240381,0.10803885,0.13140139,0.16766914,0.08042922,0.14996988,0.20297492,0.08398024,0.15025008,0.25448223,0.27555141,0.14484861,0.17516518,0.14664052,0.2734264,0.16029058,0.12393735,0.14655866,0.19701046,0.09903611,0.11644088,0.14855651,0.06888174
193,0.51223834,0.02670893,-0.01502318,0.33444927,-0.11075803,0.00660791,0.3673039,0.47302381,0.19711869,0.26150071,0.13148602,0.16334245,0.19934021,0.10732038,0.17956508,0.24014064,0.10770705,0.1822307,0.30903926,0.32343991,0.18936662,0.20440381,0.17463854,0.32295529,0.19208922,0.15775776,0.18213083,0.23879736,0.12081239,0.14468826,0.17739751,0.0907761
194,0.4855302,0.01582512,-0.02443875,0.30581026,-0.1051469,0.01002487,0.31104853,0.49557614,0.17268691,0.23006511,0.10936293,0.13909685,0.17145056,0.09016811,0.15147893,0.20631845,0.08629527,0.15717234,0.26902237,0.29061598,0.16141378,0.17856529,0.1486116,0.28068896,0.17052191,0.13529737,0.1616365,0.20839903,0.1072512,0.12624094,0.15272143,0.07935429
195,0.41319019,0.02956074,-0.01686079,0.25384243,-0.08061078,0.00420272,0.26206936,0.4445301,0.15041293,0.20548107,0.09806352,0.11795339,0.15359465,0.06796266,0.13120816,0.1780414,0.07197091,0.13897973,0.22971532,0.23149374,0.11149784,0.1591391,0.12890284,0.24555985,0.15239965,0.11888743,0.14358567,0.19009306,0.09190779,0.11199866,0.13848125,0.06297902
196,0.08399863,0.01558558,0.00124557,0.2291452,-0.07354934,0.00195639,0.26161407,0.44250526,0.13118104,0.18863071,0.08392999,0.11210631,0.13957099,0.06004526,0.12630911,0.17724687,0.06589423,0.12402408,0.22732037,0.22883434,0.124532,0.1419379,0.12587231,0.24528089,0.12605594,0.10619613,0.11899957,0.16922973,0.07414526,0.09317878,0.12491667,0.04262993
197,0.24293449,0.01041137,-0.00281678,0.24680461,-0.07824335,0.00313343,0.25615779,0.44154443,0.15569343,0.21447346,0.10332901,0.12721176,0.15704721,0.07349062,0.14150448,0.19281523,0.07856749,0.14456041,0.23719267,0.244143,0.13292137,0.16608583,0.14229957,0.25600766,0.15534663,0.12752924,0.14590688,0.1934477,0.09946619,0.1144416,0.14097777,0.0646627
198,0.26826848,0.01794362,0.00030007,0.23306612,-0.07531599,0.00025554,0.24405202,0.4535403,0.1271395,0.1844395,0.07600301,0.09629853,0.12859369,0.04179679,0.11554187,0.16603026,0.05208119,0.11588276,0.20736995,0.21638846,0.09252665,0.13709145,0.11081393,0.22793375,0.12318899,0.09280723,0.11444891,0.16052039,0.06664209,0.08218107,0.1137791,0.03096576
199,0.43029788,0.02844081,0.00612603,0.27718483,-0.090832,-0.00100467,0.30772875,0.47167547,0.15719695,0.21693743,0.10232498,0.12880403,0.163117,0.07444419,0.14881946,0.20202993,0.08165383,0.14467072,0.25322278,0.26913934,0.14263044,0.16851569,0.14468992,0.27423845,0.15524924,0.1265741,0.14230923,0.192691,0.09464774,0.11492889,0.14621864,0.06406133
200,0.39919847,0.02220725,-0.0222007,0.28525641,-0.09325409,0.00529507,0.34524302,0.43646105,0.18462122,0.2418553,0.12926878,0.15448078,0.18802521,0.10476011,0.17032121,0.21953849,0.10653687,0.17331083,0.27562658,0.27837366,0.16815701,0.19338845,0.16702955,0.29019055,0.18113807,0.14995057,0.17002136,0.21958331,0.11903062,0.13861303,0.16690885,0.09073626
201,0.51644434,0.0120457,0.00306208,0.2881696,-0.09321882,-0.00036001,0.29468076,0.47559947,0.14146828,0.20612441,0.07699424,0.11925973,0.15349764,0.06065817,0.13631759,0.19695054,0.06273607,0.12880829,0.2437442,0.27383586,0.14259348,0.15301631,0.13537038,0.26510793,0.13658664,0.1130442,0.12510681,0.1798326,0.06841134,0.09943154,0.1328363,0.04728038
202,0.55567985,0.02227829,-0.0143618,0.30791244,-0.0984893,0.00665362,0.33821343,0.4790222,0.19954266,0.25833605,0.14028449,0.16061578,0.19993238,0.10680054,0.17706617,0.23312221,0.11252095,0.18700334,0.29298926,0.30045778,0.17141918,0.2081318,0.17123632,0.30667678,0.19805968,0.15809891,0.18968224,0.24042188,0.13357254,0.15035475,0.18265673,0.09738485
203,0.64584841,0.01279592,-0.03319136,0.31013175,-0.09585939,0.00455126,0.32576509,0.45563791,0.18915799,0.25335781,0.12631487,0.15999101,0.19643965,0.10442627,0.17214361,0.23208385,0.101006,0.17575481,0.29111479,0.29762784,0.19362542,0.19627867,0.17042408,0.30325233,0.18124885,0.15188386,0.17480543,0.22907932,0.11533055,0.1407051,0.17322565,0.09036016
204,0.48882712,0.02312329,-0.01618703,0.25330939,-0.09332312,0.00464648,0.27243173,0.49117403,0.1400102,0.19946791,0.08051453,0.10977051,0.14226115,0.05940424,0.12281059,0.17293479,0.05649766,0.12724317,0.23410614,0.25071439,0.10793796,0.15186976,0.12229882,0.25105023,0.13894182,0.10845724,0.12806711,0.17866511,0.07607384,0.10205267,0.12984724,0.05075149
205,0.55003327,0.01443479,-0.02308268,0.26620318,-0.09028171,0.00631323,0.26076169,0.47008683,0.14507759,0.20234001,0.08623332,0.12611877,0.1636106,0.07226883,0.13967459,0.19151333,0.07766419,0.13717178,0.24578489,0.258011,0.12784219,0.15382891,0.13492616,0.25729105,0.14435637,0.12334019,0.13911042,0.18851527,0.08296498,0.11601503,0.14575241,0.06503546
206,0.38052645,0.0049079,-0.0392547,0.27989413,-0.09207025,0.00933177,0.27472614,0.48473732,0.16287437,0.21972212,0.1091976,0.14212314,0.17664224,0.09335207,0.15366283,0.20702915,0.09232455,0.1528859,0.26797643,0.27440621,0.16281424,0.1667075,0.1485752,0.27612349,0.15292773,0.1303478,0.14947162,0.19730253,0.09808368,0.12297328,0.15582994,0.07708451
207,0.32320268,0.00488543,-0.00602075,0.27691946,-0.08893272,0.00241334,0.27419291,0.47377933,0.16874983,0.22789117,0.11007363,0.12729129,0.16330927,0.07266905,0.14630074,0.20213885,0.07890218,0.15193319,0.25719419,0.2693212,0.14275036,0.17544974,0.13670236,0.27044883,0.16006555,0.1167292,0.15391089,0.20601955,0.09847635,0.11040199,0.14552628,0.05864384
208,0.34178534,0.02167695,-0.01276902,0.30486011,-0.09616662,0.00180056,0.35207094,0.4535397,0.19552996,0.26094896,0.13799314,0.16261368,0.19785582,0.10853046,0.18120567,0.23770456,0.11219953,0.18446688,0.29229162,0.30181787,0.19106613,0.20526327,0.17533283,0.30771902,0.18624476,0.15153075,0.17818557,0.23146273,0.12611233,0.14024901,0.17386572,0.08790427
209,0.31577853,0.02704049,-0.02882677,0.27695011,-0.09331755,0.0054864,0.31505067,0.42945943,0.17704952,0.24014223,0.11701706,0.14477865,0.17698138,0.09105757,0.15623233,0.20899434,0.08650441,0.16670635,0.26144792,0.26121814,0.15467786,0.18356356,0.15525343,0.27633933,0.17887388,0.14525783,0.16980705,0.22399118,0.1144271,0.13212119,0.15865265,0.0783958
210,0.52308203,0.0141977,0.01267651,0.31625667,-0.09677151,-0.00417423,0.34378813,0.47699756,0.19122182,0.25663721,0.13807119,0.15529452,0.18802552,0.0969712,0.17470752,0.23552705,0.10685126,0.17592415,0.30265492,0.3199261,0.18709615,0.2038338,0.17259582,0.32094532,0.18171813,0.14162633,0.17022054,0.2246244,0.12407776,0.12842317,0.16784973,0.07645596
211,0.36339238,0.02625971,-0.00146032,0.26773191,-0.08661495,0.00469723,0.2715194,0.46492835,0.17088257,0.23050176,0.11305801,0.14160613,0.18060176,0.08394602,0.15824023,0.21099172,0.09261649,0.15957863,0.26167872,0.26752586,0.13859663,0.17850508,0.15250331,0.27650038,0.16514134,0.13686287,0.15570424,0.20778621,0.10254927,0.12905252,0.16363192,0.07317474
212,0.57709138,0.02125226,-0.01093856,0.31713641,-0.10728435,0.0071576,0.32443235,0.49155558,0.17490229,0.23396898,0.10871732,0.14916782,0.18729722,0.09594667,0.16386642,0.22060678,0.09749919,0.16180661,0.29227526,0.30862175,0.16593698,0.18200594,0.15956725,0.30631856,0.1640577,0.1385145,0.15440604,0.20694011,0.0953502,0.12957467,0.16231935,0.07860179
213,0.37070076,0.02827561,-0.01773839,0.27713665,-0.09359665,0.00298058,0.30575595,0.47117927,0.15540862,0.21738468,0.09448237,0.1305695,0.16635396,0.0776575,0.14492738,0.19903542,0.07376122,0.14500002,0.24799068,0.26425448,0.14163843,0.16405401,0.14209935,0.26314273,0.15001374,0.12228747,0.14040766,0.19441001,0.08284774,0.11205091,0.14375934,0.06038828
214,0.31656592,0.0204751,-0.03015029,0.25421565,-0.08650003,0.0060312,0.27057248,0.44513259,0.16627307,0.2262828,0.10914301,0.13732776,0.17209527,0.08243826,0.149765,0.20210572,0.08211472,0.15707621,0.24715616,0.25094661,0.1375492,0.17453897,0.14993461,0.26354977,0.16038841,0.13328466,0.15221242,0.20430707,0.09994558,0.12115744,0.15131717,0.06775833
215,0.3286942,0.00923264,-0.0280418,0.26526591,-0.08760122,0.00838691,0.26181321,0.487133,0.15627192,0.21118889,0.09493344,0.12783931,0.16189715,0.07601156,0.14102848,0.19377806,0.07370677,0.14260822,0.24741312,0.26138821,0.14145274,0.16467457,0.13924506,0.26117383,0.14721554,0.11839171,0.13958589,0.18647788,0.08392917,0.10902524,0.13618567,0.06096822
216,0.55709786,0.02480736,-0.02157223,0.29934264,-0.10185752,0.00156689,0.32937868,0.48379443,0.1782834,0.2397898,0.117198,0.14312411,0.17879764,0.08725332,0.1611358,0.21806522,0.09220865,0.16323518,0.27706987,0.29308348,0.16361147,0.18924984,0.15660757,0.29533031,0.1750821,0.13660133,0.16380545,0.21634573,0.10877569,0.12518944,0.15802467,0.07265196
217,0.35447168,0.02276214,-0.02632671,0.26411595,-0.08671511,0.00335138,0.28426302,0.46469256,0.15882584,0.21994077,0.09990667,0.12730456,0.16277827,0.07619842,0.14213633,0.19540998,0.07478828,0.14608541,0.23946955,0.25205215,0.1398348,0.16617344,0.13772297,0.25424874,0.15049042,0.11925827,0.14129123,0.19345988,0.08622762,0.11009966,0.14225506,0.05837163
218,0.22427391,0.0074535,-7.726e-05,0.21504743,-0.06976873,0.00093788,0.24912857,0.42463077,0.13265464,0.19176233,0.08250252,0.10520161,0.13850595,0.04936615,0.12034581,0.17222954,0.05588412,0.12370354,0.19886605,0.20680766,0.09568513,0.14386752,0.12199494,0.22078509,0.13286891,0.10661047,0.12162471,0.16956661,0.07591866,0.09318358,0.12277861,0.03957705
219,0.29675227,0.02882223,-0.01364621,0.28635345,-0.09635844,0.00105535,0.29586428,0.49559509,0.17377225,0.23012321,0.11486759,0.14032907,0.17890003,0.09004196,0.15841973,0.20680489,0.09601279,0.15982561,0.26843068,0.27646033,0.13972591,0.17982755,0.14903724,0.28084644,0.1652201,0.1314398,0.15612083,0.20538981,0.10386496,0.12532843,0.15576693,0.07393875
220,0.37662314,0.00914505,-0.03073079,0.26303449,-0.08682874,0.00419438,0.28828742,0.44063807,0.15003103,0.21049117,0.09263123,0.11433871,0.14875173,0.06258455,0.13631129,0.18796861,0.06965233,0.13531726,0.23041905,0.24593964,0.12280686,0.15893819,0.12581059,0.2471485,0.14581479,0.11065507,0.13857283,0.18824656,0.0840257,0.10191642,0.13040071,0.05147096
221,0.28873199,0.01141099,-0.02407277,0.26835591,-0.08976492,0.00295199,0.2667339,0.48130032,0.15358979,0.21106318,0.09625302,0.12391076,0.15837905,0.07139941,0.13907299,0.19038282,0.07467275,0.14001854,0.24025262,0.2477212,0.12538622,0.16300575,0.13791292,0.2579451,0.15388142,0.12146049,0.14176009,0.19172402,0.09035322,0.11022807,0.13892887,0.06104726
222,0.31239259,0.00607409,-0.02654079,0.28596142,-0.09455749,0.00575835,0.27934955,0.48682258,0.16804647,0.22595615,0.1043471,0.13643859,0.17156932,0.08332082,0.15149486,0.20629918,0.08436269,0.15312295,0.25822675,0.27869784,0.15604039,0.17482575,0.14602336,0.27075309,0.15933263,0.12733304,0.15301919,0.20533877,0.09520231,0.11831567,0.15058481,0.06810041
223,0.35660294,0.03080195,-0.02306141,0.27596109,-0.0884,0.00310084,0.28536676,0.48311618,0.15510279,0.21686743,0.0946233,0.12689162,0.15995808,0.07747465,0.13969614,0.19269663,0.07127149,0.14148701,0.24426066,0.25762345,0.14250641,0.1625882,0.13780166,0.25939539,0.14704462,0.11781131,0.13877636,0.19155556,0.082182,0.1079016,0.13931407,0.05995559
224,0.33094503,0.02899471,0.00121553,0.26754741,-0.08552285,0.00170259,0.29592463,0.46804344,0.150845,0.21339484,0.09056866,0.11843215,0.1541895,0.06069214,0.13363173,0.19192635,0.06042512,0.13835359,0.23315729,0.25346096,0.12862265,0.1617904,0.13395185,0.25501556,0.14335387,0.1098081,0.13332477,0.18571096,0.07723385,0.09764334,0.13181472,0.04245752
225,0.10608944,0.03446382,0.0234351,0.25985224,-0.08366763,-0.00346227,0.29694915,0.47717589,0.15908993,0.22276407,0.10398509,0.12690396,0.15525361,0.06787281,0.14803463,0.20323161,0.07766014,0.14562501,0.2541465,0.26430109,0.14291975,0.1741275,0.14744327,0.28053601,0.1539185,0.12193842,0.14131972,0.19331517,0.09343648,0.10632798,0.1396927,0.05160089
226,0.55507265,0.02441721,-0.01998537,0.29340428,-0.10050155,0.00499647,0.30870001,0.48549945,0.15779112,0.21996043,0.093652,0.14060748,0.17632829,0.08659815,0.15353496,0.20782321,0.08331684,0.14912297,0.26427783,0.2784532,0.16061418,0.16677273,0.15281212,0.28020123,0.1544904,0.13673705,0.1465182,0.19792782,0.08885554,0.12417379,0.15324782,0.07488746
227,0.53025801,0.01643016,-0.01634251,0.26667707,-0.08965307,0.00698894,0.24675745,0.47531607,0.15047868,0.20536824,0.09324561,0.12258991,0.15619804,0.07242959,0.13658172,0.18624133,0.07398917,0.13650557,0.24407726,0.25684362,0.1312962,0.15808778,0.1336942,0.25798201,0.14816751,0.11897389,0.13893023,0.18522847,0.08797285,0.11026985,0.1368612,0.06384225
228,0.55484811,0.02062012,-0.02439888,0.30236314,-0.09565196,0.00474088,0.30698435,0.48342458,0.1757569,0.238714,0.10714276,0.14613045,0.18318435,0.08755808,0.1584645,0.21804772,0.08243216,0.16195433,0.27799182,0.29210357,0.17219483,0.18471689,0.15968328,0.29339304,0.16038556,0.13239065,0.15181278,0.20899491,0.09180882,0.11994714,0.15429466,0.06726437
229,0.3568961,0.00713793,-0.00850529,0.27966112,-0.09110775,0.00384962,0.31195761,0.45339963,0.17630568,0.23722427,0.1187704,0.1457944,0.17999916,0.09261836,0.15991607,0.21374955,0.09369931,0.16380205,0.26965177,0.27599237,0.16180658,0.18331721,0.15648132,0.28328447,0.16788473,0.13806537,0.16028144,0.21447946,0.10943388,0.12745325,0.16163639,0.07494918
230,0.51479458,0.0236929,0.00301827,0.30227373,-0.09352071,0.00206606,0.31021159,0.48872417,0.17987275,0.23894969,0.11574016,0.15222611,0.19019137,0.10102874,0.16592544,0.22130111,0.09905832,0.16885444,0.27590621,0.29410107,0.16836073,0.18871569,0.16270813,0.28837987,0.17649801,0.14589167,0.16944677,0.22155661,0.1095955,0.13889463,0.17078261,0.08995229
231,0.5770083,0.01402309,-0.01037571,0.32443158,-0.10268715,0.00113385,0.35320022,0.50295421,0.19340181,0.25670274,0.12962411,0.16295933,0.20333194,0.10707307,0.1801316,0.23917038,0.10731845,0.17953237,0.29722846,0.31838898,0.18192962,0.20419356,0.17793265,0.314477,0.17683255,0.14805439,0.16622003,0.22086606,0.11178403,0.13839594,0.17260696,0.08655919
232,0.25498705,0.02164773,-0.01367666,0.2555037,-0.08693185,0.00440436,0.26225789,0.47017301,0.15756406,0.21462819,0.10198637,0.12564236,0.15369779,0.07766236,0.14159622,0.19119833,0.07940047,0.14468912,0.24144673,0.25151416,0.13580748,0.16630226,0.13734829,0.25714264,0.16277593,0.12947516,0.15457081,0.20159366,0.1022498,0.11946073,0.14438485,0.07073738
233,0.17648013,0.02710168,-0.02019017,0.26987573,-0.0917144,0.00220002,0.30426737,0.45126982,0.16171377,0.21820174,0.10365625,0.13319964,0.16629507,0.08350622,0.14952927,0.19921922,0.08434634,0.14938384,0.25591069,0.25506633,0.151148,0.16648818,0.14178773,0.26627354,0.15932869,0.12889515,0.15175671,0.20252743,0.09785559,0.1186001,0.14832745,0.0711754
234,0.41947133,0.02959628,-0.00314761,0.31550511,-0.1072529,0.00515738,0.32564217,0.52094538,0.18028083,0.24477248,0.1114523,0.15202457,0.18935166,0.09240563,0.16862333,0.22677476,0.09489105,0.16600088,0.29111946,0.31106172,0.16304204,0.19172336,0.16732537,0.31146552,0.17473085,0.14434854,0.16142788,0.21828803,0.10009936,0.13290931,0.16841467,0.07734878
235,0.34485964,0.00162077,0.00042271,0.24536514,-0.07966442,-0.00158985,0.25198768,0.48755801,0.12831625,0.18987325,0.0754775,0.10639312,0.13960691,0.0483408,0.11986256,0.17687658,0.05322622,0.11797248,0.21190753,0.23583929,0.10144814,0.14124047,0.12413635,0.2350228,0.12650841,0.10206494,0.11320317,0.16366247,0.0679251,0.08963329,0.12267143,0.03617235
236,0.54490865,0.02092601,-0.01612532,0.28454788,-0.09388565,0.00444799,0.28033276,0.49319399,0.14547344,0.20833804,0.0793189,0.12274495,0.1633499,0.06752154,0.13615641,0.19353483,0.06484561,0.13423641,0.24644813,0.26923686,0.13577624,0.15206851,0.13137107,0.25810809,0.13799127,0.11484698,0.130586,0.18442171,0.06882056,0.10877893,0.14092994,0.05556392
237,0.24296202,0.02146807,-0.0063645,0.26583111,-0.08413606,0.001394,0.27171226,0.4694375,0.15241194,0.21613783,0.09000057,0.12161273,0.16276298,0.06412324,0.14019825,0.19609236,0.06765065,0.14205751,0.2341221,0.2496123,0.11710202,0.16222988,0.13520456,0.25296755,0.14735154,0.11711956,0.13766397,0.19196155,0.07933622,0.10804882,0.14044117,0.05377735
238,0.38266394,0.00502748,-0.03703024,0.2321053,-0.08231394,0.00399396,0.25187906,0.44142011,0.12999869,0.19093355,0.07002934,0.10609517,0.14196049,0.05203393,0.11699026,0.16947824,0.04914333,0.12110716,0.21134078,0.21996805,0.10274129,0.13880911,0.11678137,0.22611791,0.12661466,0.10253823,0.11718865,0.17213737,0.06305456,0.0940973,0.12465688,0.03949649
239,0.66249161,0.00993159,-0.01437417,0.27743141,-0.09143138,0.00397061,0.28752311,0.48782917,0.15758179,0.22003,0.09568779,0.13658193,0.17609273,0.08184337,0.14892661,0.20651124,0.08106014,0.14820068,0.25073372,0.27018664,0.14090231,0.17018776,0.15248542,0.26943529,0.149295,0.12994574,0.13894868,0.19197672,0.0844704,0.11931363,0.15201288,0.06751732
240,0.28414387,0.01441685,-0.02232229,0.24729589,-0.08249418,0.00604096,0.25527513,0.46643568,0.13637599,0.19373817,0.08069581,0.10267517,0.13284502,0.05039056,0.11870896,0.17183246,0.051402,0.12084483,0.22745132,0.23777968,0.11222262,0.14528274,0.11490742,0.24395619,0.13103444,0.09594268,0.12131403,0.16923547,0.07042339,0.08694642,0.11350598,0.0374167
241,0.2872219,0.02524311,0.00318781,0.29700776,-0.09358937,-0.00130953,0.30678585,0.47017541,0.17609666,0.23647328,0.11513065,0.14776718,0.18355362,0.09222456,0.16592327,0.22122651,0.09859514,0.16326237,0.27854969,0.2915186,0.16321985,0.18608605,0.16154382,0.29676238,0.16461178,0.13871164,0.15569955,0.20638773,0.10283576,0.12797336,0.16098786,0.07518253
242,0.37899918,0.00371369,0.00060477,0.27678847,-0.08722909,-0.00043256,0.29575188,0.47633281,0.16643354,0.22609853,0.11101612,0.12604054,0.15789328,0.07122289,0.14725656,0.2022757,0.07816509,0.14870197,0.26244689,0.27205496,0.14745362,0.17662594,0.14101878,0.28006182,0.15942538,0.11766662,0.14761242,0.19963828,0.09896994,0.10737553,0.14105442,0.0568971
243,0.34904129,0.02666527,-0.00937149,0.24258651,-0.07851723,0.00297858,0.26948641,0.42891818,0.14329505,0.20482806,0.08535095,0.12294181,0.16158831,0.06641202,0.13773259,0.18952539,0.06997502,0.13768069,0.22312531,0.22684008,0.11668822,0.15371432,0.13819927,0.24323695,0.14299741,0.12379774,0.13409213,0.18369955,0.08075851,0.11094889,0.14029477,0.05800209
244,0.58018707,0.00106779,-0.00886188,0.27866228,-0.09253338,0.00188401,0.28211188,0.48112581,0.15228872,0.2133891,0.08750594,0.12785533,0.16658282,0.07234664,0.14187514,0.19978222,0.07074245,0.1396022,0.24426948,0.27181043,0.13883263,0.16181572,0.1401765,0.26039661,0.14482787,0.12048143,0.13465985,0.18887209,0.07718071,0.11274485,0.14481551,0.06036942
245,0.25629842,0.01763121,-0.01203582,0.26517169,-0.08988807,0.00256776,0.2802278,0.49460098,0.16195941,0.22053124,0.10705262,0.13551674,0.16835074,0.08527467,0.14889103,0.20125732,0.08727021,0.15014481,0.25288313,0.26429906,0.13371745,0.17155189,0.14746555,0.2689028,0.16124169,0.13415665,0.15193381,0.20307685,0.10275465,0.12627662,0.1572645,0.07557168
246,0.36893819,-0.00195697,-0.0079348,0.2220379,-0.0771154,0.00324702,0.23309322,0.45383078,0.11718811,0.17386134,0.06690495,0.09431926,0.12198694,0.04399767,0.10814714,0.15793927,0.04440846,0.10788338,0.19972451,0.21755182,0.10006032,0.13010117,0.11028419,0.22172102,0.11439776,0.09059555,0.10570085,0.15089861,0.06137658,0.07959215,0.10586413,0.03099237
247,0.4558796,0.02613802,-0.0229787,0.30093057,-0.09922298,0.0068002,0.2933181,0.4907396,0.18518744,0.23935788,0.12972685,0.14712556,0.18214185,0.09762738,0.16447823,0.21286097,0.10452485,0.1696335,0.28328324,0.28657067,0.15304947,0.19090592,0.15658264,0.29592803,0.18173008,0.14386518,0.17404889,0.2186032,0.12301704,0.13587836,0.16426536,0.08824476
248,0.2413122,0.01780096,-0.00018547,0.2985589,-0.10263931,0.00192137,0.32190547,0.48240783,0.17133034,0.23583039,0.10089823,0.14292848,0.17669063,0.08694627,0.16074957,0.21899604,0.08554799,0.15640483,0.28190696,0.29496298,0.16395972,0.18261464,0.1570346,0.30009986,0.16641298,0.13489547,0.155229,0.21288255,0.09316752,0.12327169,0.15564719,0.07065715
249,0.59859021,0.01561648,-0.01053095,0.32810009,-0.10219697,0.00514999,0.33178022,0.49065565,0.20426683,0.26727508,0.1386129,0.16516445,0.20287963,0.11036798,0.18260516,0.24358783,0.11161003,0.18879386,0.30774669,0.32235544,0.19381915,0.21217554,0.1766659,0.32137226,0.1997893,0.1584957,0.19157067,0.24607951,0.13156966,0.14814753,0.18338691,0.09719785
250,0.35789165,0.00566595,-0.0155859,0.2356678,-0.07736208,0.00229314,0.24395823,0.48019499,0.14048027,0.19720055,0.0901857,0.11280041,0.14270565,0.06233498,0.12575116,0.17595103,0.06522242,0.12808852,0.21699108,0.23452741,0.12174956,0.14800102,0.12525909,0.23327229,0.13812085,0.10993965,0.12796811,0.17371944,0.08365357,0.09839259,0.12963581,0.04879869
251,0.36574663,0.02814687,0.00784172,0.28952343,-0.09589135,0.00070657,0.3016598,0.47164513,0.16783597,0.23088261,0.10781533,0.14406807,0.1818868,0.08567815,0.1597589,0.21659096,0.08982866,0.15691357,0.26795601,0.27938135,0.15318066,0.17783072,0.15886545,0.28578792,0.15961933,0.137336,0.15110243,0.20361396,0.09717297,0.12348034,0.15915641,0.07042474
252,0.40486122,0.03363619,-0.01223856,0.28198687,-0.09307265,0.00147076,0.3070215,0.47459635,0.15971885,0.21775007,0.10014824,0.13285634,0.16679861,0.08126079,0.1498869,0.20381764,0.07982269,0.14859784,0.25405484,0.27474808,0.15575492,0.16955782,0.14543108,0.27100743,0.15426344,0.12551885,0.14433525,0.19719061,0.08906715,0.11531432,0.14699892,0.0659508
253,0.25942551,0.01876263,-6.358e-05,0.26426052,-0.08774798,0.00061056,0.2743995,0.50743535,0.15717708,0.21908477,0.09778155,0.12954375,0.16187829,0.0730157,0.1433871,0.1989722,0.07710872,0.14497401,0.25826303,0.26317331,0.138463,0.16909518,0.14553003,0.27849584,0.14327134,0.11874998,0.1344569,0.18431042,0.08401001,0.10632229,0.14009958,0.05396565
254,0.5022909,0.01349251,-0.01827121,0.26296415,-0.0864965,0.00235487,0.28913914,0.46161845,0.15145315,0.21114169,0.09513474,0.12872752,0.16206397,0.07534393,0.14161028,0.19351695,0.07607757,0.14053382,0.24538082,0.25767544,0.14377987,0.16047018,0.1405651,0.26044154,0.14911481,0.12406276,0.13946386,0.18988121,0.08713407,0.11290287,0.14500878,0.06293545
255,0.22284407,0.0186124,-0.00922957,0.22151575,-0.07813113,0.00511522,0.2293968,0.44329336,0.11669851,0.17187781,0.06459148,0.10222104,0.13516163,0.0510221,0.11280215,0.16109696,0.05312384,0.11092153,0.20378375,0.21385657,0.09822824,0.1250515,0.11241456,0.21830449,0.11950426,0.1036746,0.11144409,0.15909304,0.06297128,0.09360397,0.12281531,0.04366437
256,0.37772946,0.03405843,-0.00136418,0.2782306,-0.09545049,0.00471706,0.29856353,0.46087268,0.1610084,0.22118279,0.10118433,0.13848139,0.17553696,0.08477613,0.15363239,0.20715668,0.08667868,0.15150916,0.2530617,0.26559083,0.14364319,0.16962555,0.15071491,0.26953518,0.15481569,0.13469821,0.14610609,0.19728458,0.09217153,0.12181458,0.15274417,0.06929442
257,0.35319011,0.02427989,-0.01116883,0.27482775,-0.08751322,0.00254285,0.30250929,0.46867384,0.16946212,0.22778926,0.1150868,0.14354058,0.17486708,0.09442037,0.15522615,0.20705502,0.09211731,0.15817592,0.25858129,0.26762997,0.16349976,0.17628543,0.15467763,0.27259833,0.16782769,0.14014461,0.1604947,0.20859105,0.11158458,0.12996055,0.1583419,0.08326407
258,0.1349293,0.02339319,-0.01103842,0.28975531,-0.09306303,0.00476453,0.30521358,0.4464954,0.17823897,0.23703094,0.12303957,0.14931686,0.18272039,0.09992928,0.16546212,0.21834096,0.10271954,0.16592266,0.28359455,0.28263516,0.17880226,0.18377701,0.1561872,0.29160449,0.17490983,0.14232022,0.16965587,0.22262452,0.11576112,0.13405676,0.16678959,0.08593844
259,0.36202999,0.03509706,0.00404271,0.27443002,-0.09734994,0.00492994,0.28190498,0.48919739,0.14950179,0.20752325,0.08683126,0.12005638,0.15230284,0.06780188,0.13542756,0.18696239,0.06832466,0.13578049,0.24683395,0.26750087,0.12231468,0.15962911,0.13162289,0.2646731,0.14762016,0.11937596,0.13781051,0.18705483,0.08125307,0.11184497,0.13747871,0.05890283
260,0.45895243,0.02573511,-0.00944302,0.28878781,-0.10060585,0.00257997,0.33691662,0.49052109,0.16781405,0.22724265,0.10565516,0.13844897,0.16727042,0.08994556,0.153177,0.20587997,0.08445314,0.15503508,0.26480504,0.28227931,0.1705402,0.18011046,0.15130814,0.28393141,0.16637778,0.13223809,0.15737798,0.2070491,0.10196308,0.1222986,0.14883351,0.07449472
261,0.41018138,0.01997575,-0.00723323,0.26984513,-0.08875001,0.00111637,0.29246532,0.48997721,0.14676666,0.20972604,0.09077801,0.11994785,0.15286809,0.06394464,0.13620094,0.19206388,0.06683676,0.1345968,0.23498025,0.25641955,0.12352731,0.16003124,0.13735295,0.2590325,0.14398141,0.11725883,0.13258581,0.18449928,0.0819059,0.1046941,0.13668159,0.05252949
262,0.27503746,0.0150693,-0.00298117,0.2307078,-0.07731258,0.00376045,0.2577781,0.43748626,0.13493459,0.19284921,0.08386632,0.11130322,0.14814571,0.05489958,0.12654925,0.17820353,0.06275251,0.12793067,0.21210953,0.22207102,0.09415101,0.14603189,0.12556321,0.23305301,0.13675575,0.11463393,0.12758918,0.17616977,0.07839249,0.10434306,0.13521886,0.04800228
263,0.41762175,0.02068512,-0.01367426,0.26905506,-0.08990557,0.00436689,0.27718064,0.46600031,0.15139076,0.21578646,0.09227902,0.12562835,0.16208934,0.06561421,0.14021815,0.19742079,0.07014038,0.14047863,0.24473428,0.25657438,0.12162436,0.16266179,0.13982393,0.26453848,0.15052175,0.12502761,0.13987225,0.19505592,0.0856509,0.11305491,0.14701012,0.05637362
264,0.23873354,0.01337453,-0.01317795,0.26182561,-0.08674644,0.00052011,0.29321487,0.46255053,0.1703247,0.23239802,0.11559739,0.14097745,0.17526997,0.08526872,0.15624596,0.20982054,0.08988317,0.15945019,0.26279804,0.26436529,0.15231951,0.17947893,0.15439708,0.27979424,0.16506265,0.13414787,0.15323422,0.20526658,0.10699137,0.12264461,0.15583718,0.06836376
265,0.16300917,0.02242159,0.00652254,0.27037649,-0.08248117,-0.00168803,0.2952774,0.50574505,0.17069942,0.2335689,0.12203328,0.13861448,0.17185741,0.08411533,0.15692081,0.21237489,0.09290801,0.15946365,0.26486769,0.27466434,0.15242448,0.18060715,0.15141251,0.28122319,0.16346002,0.12694371,0.15438604,0.2065182,0.11021494,0.11852018,0.15548878,0.0650352
266,0.47498783,0.02572742,-0.0203141,0.29821431,-0.09890162,0.00610989,0.31706395,0.47557988,0.18066825,0.24197039,0.11494228,0.15090444,0.18683949,0.09611166,0.16597062,0.22369295,0.09776803,0.16862828,0.277989,0.29039875,0.17203163,0.18867829,0.16222583,0.29288241,0.17587009,0.14688585,0.16742439,0.22106822,0.10693391,0.13551113,0.16621807,0.08307883
267,0.28422248,0.00990042,-0.00467997,0.27158222,-0.08344518,-0.00032195,0.28514737,0.43818004,0.16258844,0.22415035,0.10752556,0.13028573,0.15832229,0.075533,0.14599261,0.19911506,0.07618219,0.14811195,0.26557591,0.27161057,0.15925031,0.16915541,0.14177964,0.28005309,0.1535611,0.11760323,0.14366594,0.1957649,0.09276229,0.10626203,0.13947902,0.05553557
268,0.42976989,0.01106143,-0.01962818,0.27372662,-0.0875329,0.00525281,0.30375543,0.44646189,0.17200599,0.23469443,0.11243439,0.14184818,0.1747125,0.08555806,0.15361467,0.2099918,0.08355506,0.16269141,0.25514212,0.26654076,0.16107939,0.18372837,0.15594929,0.27207858,0.17004939,0.13854321,0.1622981,0.21451622,0.10868812,0.12631812,0.15498037,0.07443313
269,0.42510557,0.02097791,-0.02107825,0.28459849,-0.09507513,0.00405086,0.30888281,0.4582534,0.16988881,0.2355014,0.10449682,0.13776375,0.16936206,0.08364496,0.15264719,0.20920632,0.08185878,0.15741058,0.26038522,0.27929113,0.16629446,0.17937716,0.14797898,0.27559736,0.16866437,0.13190104,0.16095546,0.21767557,0.09903895,0.12233423,0.15170524,0.06956389
270,0.44160213,0.03572457,-0.02300378,0.28519213,-0.09146957,0.00439571,0.29559841,0.49417869,0.1838596,0.24265449,0.12483659,0.1443918,0.18105445,0.09379626,0.16122977,0.21112163,0.09561439,0.16941513,0.26923908,0.27979857,0.1570804,0.19018537,0.15267089,0.2804942,0.1769668,0.13908565,0.16919722,0.22151585,0.11286959,0.13385688,0.16637704,0.08312107
271,0.15652582,0.0344589,0.01041953,0.26363135,-0.08374092,-0.003288,0.28550529,0.50046191,0.15204595,0.21813281,0.08870441,0.12061309,0.15797564,0.06075298,0.14175251,0.19979947,0.06805332,0.14008348,0.23995828,0.26034095,0.13083467,0.16494378,0.13756955,0.26381069,0.14460034,0.11075035,0.13426139,0.18637707,0.07771642,0.1001253,0.13474135,0.04421051
272,0.25864352,0.02662768,-0.01091546,0.25072286,-0.08157949,0.00249546,0.24862849,0.48518758,0.13458815,0.19508294,0.07794541,0.10878022,0.13731928,0.05722948,0.12141849,0.17432205,0.05741459,0.12215886,0.22679321,0.24111107,0.1245425,0.14318342,0.11988085,0.2435032,0.1294039,0.10096258,0.12225317,0.17061773,0.06809283,0.09079088,0.11998238,0.04181009
273,0.24125418,0.01009892,0.01260975,0.24453262,-0.07681883,-0.00103492,0.25872516,0.49425129,0.11889823,0.17373027,0.06748889,0.09727682,0.12450479,0.05030509,0.11337778,0.16522963,0.05085651,0.10638615,0.21457429,0.23550922,0.11675516,0.13023194,0.11336278,0.23519129,0.11593991,0.09280816,0.10507706,0.1499197,0.05842283,0.08157776,0.11009716,0.0378501
274,0.16636152,0.01276984,0.01672003,0.26028962,-0.08336486,-0.00129238,0.29254375,0.48619467,0.15055304,0.21596384,0.09093649,0.11430923,0.14788195,0.05449476,0.13550986,0.19394104,0.06237386,0.13592238,0.23797193,0.25487915,0.12737171,0.1655166,0.13451272,0.26500566,0.14297306,0.10624685,0.12882029,0.1837432,0.07641645,0.09290456,0.12983573,0.03788864
275,0.53316158,-0.00488819,-0.02020357,0.27677019,-0.09388446,0.00527552,0.29066264,0.47897136,0.14896292,0.21301162,0.08182462,0.12899827,0.16543649,0.07295677,0.13691347,0.1979738,0.06265915,0.13484777,0.25400123,0.27230452,0.15072045,0.15908947,0.14207602,0.27065047,0.13726818,0.11825752,0.12835314,0.18392474,0.07048316,0.10853699,0.13996523,0.05910028
276,0.35826752,0.0180777,-0.01236196,0.27805467,-0.09684575,0.00310162,0.28823442,0.52387228,0.14816684,0.20834874,0.08376339,0.11697211,0.15229645,0.06328917,0.13551795,0.19270488,0.06594734,0.13295301,0.24356293,0.2619924,0.12913683,0.15906948,0.1308112,0.26298074,0.14926889,0.11486595,0.13838441,0.18929811,0.08042035,0.10465068,0.13668205,0.05369795
277,0.38848134,0.01466764,-0.0036612,0.27544471,-0.08405847,0.00347384,0.25684744,0.49815041,0.15298827,0.2107293,0.09187624,0.12764774,0.16597467,0.0739431,0.14091405,0.19770576,0.07330664,0.13997141,0.23912781,0.25793378,0.13408879,0.16233697,0.14102648,0.25473107,0.14699414,0.12048415,0.13806548,0.18668114,0.08452313,0.11149571,0.14425908,0.06435463
278,0.46259772,0.02047865,-0.01200632,0.27859133,-0.08947135,0.0047188,0.29777377,0.45739535,0.1591086,0.21583375,0.10528929,0.13203383,0.1639456,0.08145747,0.14762527,0.19923753,0.08568318,0.14583311,0.25802264,0.26653037,0.15638685,0.16623721,0.14366437,0.27192228,0.15141242,0.1247323,0.14422029,0.19050715,0.09424895,0.11275787,0.1430603,0.06649369
279,0.19085229,0.03774505,-0.00704205,0.29179436,-0.09525433,0.0009227,0.30686149,0.47044279,0.17007402,0.23305736,0.11259441,0.14340743,0.17615731,0.08797817,0.15933376,0.21384291,0.08908993,0.15948828,0.27143497,0.27853062,0.15822262,0.18113164,0.15826448,0.29139851,0.16382211,0.13776886,0.15460604,0.20920836,0.10044824,0.1238419,0.15632259,0.07111726
280,0.27606138,0.01171631,0.00384819,0.28068994,-0.08754219,-0.00151677,0.27138802,0.49468671,0.1570341,0.21903419,0.0924144,0.12766954,0.16697714,0.06923456,0.14528657,0.20507233,0.07275796,0.14433484,0.25042346,0.27581388,0.142716,0.16816266,0.1428946,0.26951409,0.15261956,0.11868742,0.14176179,0.19528321,0.08588832,0.10841593,0.14501045,0.05643436
281,0.59958302,0.01898408,-0.02193095,0.28796224,-0.09898073,0.00475259,0.28554083,0.48733428,0.14678804,0.21363183,0.07726347,0.11956227,0.16196503,0.05968009,0.13574228,0.1966833,0.06039735,0.13290312,0.25106528,0.27586552,0.1289604,0.15497762,0.13170761,0.26817008,0.14249687,0.11474343,0.1298744,0.18567736,0.06693747,0.10582701,0.14111075,0.04996004
282,0.24017255,0.03205623,0.00605587,0.28474282,-0.08946168,-0.00042343,0.29108124,0.49264524,0.17666198,0.23638017,0.12138549,0.14478545,0.17748972,0.09130747,0.16155342,0.21513106,0.09788645,0.16312391,0.27719827,0.28200165,0.15446396,0.18528645,0.15727163,0.29406062,0.17398194,0.1407616,0.16404463,0.21324794,0.11296317,0.13080499,0.16439478,0.07824015
283,0.14593356,0.02592862,0.00989121,0.24133962,-0.07318305,-0.00321487,0.25393229,0.50538951,0.14531622,0.20633344,0.09328126,0.11537945,0.14129906,0.06067548,0.13387084,0.18875924,0.0672276,0.1321257,0.22733037,0.24409591,0.13779417,0.15826322,0.1340846,0.25161124,0.13919818,0.10649766,0.1280541,0.17600476,0.08311237,0.0926423,0.12496997,0.04223447
284,0.50608561,0.02435012,0.00667805,0.30648378,-0.09817396,0.00078431,0.3297854,0.47729,0.18290212,0.24484618,0.12265581,0.1515101,0.18718372,0.0962197,0.16767711,0.22385625,0.09876382,0.17015884,0.28233964,0.29888254,0.16369502,0.19319558,0.16637058,0.30048451,0.17505535,0.1440768,0.16453433,0.21700584,0.11058318,0.1331012,0.16634135,0.08042296
285,0.4688212,0.02677215,-0.01207069,0.2872521,-0.0928662,0.00544551,0.27219484,0.49357057,0.1543053,0.21456809,0.08783966,0.12808319,0.16664421,0.073751,0.14278675,0.1983233,0.07376443,0.14178192,0.24873097,0.27093828,0.13803829,0.16246158,0.13851585,0.26332075,0.14815104,0.12041483,0.14022758,0.19161352,0.07834879,0.11205827,0.14543216,0.06143603
286,0.40496512,0.01257808,-0.01122738,0.28094676,-0.08589368,0.0047145,0.28434961,0.47526604,0.17585174,0.23196893,0.11670053,0.1506678,0.18905491,0.09646523,0.16141505,0.21709254,0.09975307,0.16369282,0.26290401,0.27593241,0.16125132,0.18162998,0.16130779,0.2748587,0.16404165,0.14002943,0.15581075,0.2050412,0.10316597,0.12989615,0.1647686,0.08024672
287,0.3763835,0.0077829,-0.02482739,0.2305258,-0.07526581,0.00609129,0.24352098,0.44467416,0.13522962,0.19130413,0.0857117,0.11082587,0.14026888,0.06153356,0.12345137,0.17380193,0.06356746,0.1263533,0.20714903,0.22020204,0.11474909,0.14361617,0.1227377,0.2232011,0.13934897,0.11478185,0.13196935,0.17779934,0.08522681,0.10397199,0.12984707,0.05484255
288,0.53327096,0.01082943,-0.02707968,0.29813175,-0.10130655,0.00324602,0.31065,0.49543638,0.15840358,0.22663298,0.08724319,0.12863509,0.16304249,0.06798032,0.1446572,0.20570642,0.06475481,0.14341255,0.26321471,0.28673904,0.15498172,0.17052099,0.14409188,0.28263583,0.15036282,0.11569685,0.1379372,0.19501083,0.07582208,0.10346499,0.13785167,0.05156674
289,0.64481061,0.01973735,-0.00056251,0.33804879,-0.10953865,-0.00028865,0.35922578,0.50059242,0.19610609,0.26583786,0.12667225,0.16400073,0.20724436,0.1007017,0.18326982,0.2489295,0.10504889,0.1808886,0.30898146,0.32980382,0.19485805,0.20813509,0.18132945,0.32934671,0.18201626,0.15141977,0.16923666,0.22970793,0.11044429,0.13704032,0.17864461,0.08166814
290,0.22257291,0.02192126,0.00032556,0.26296784,-0.08384619,-0.00067354,0.29959819,0.46713096,0.15600932,0.21768107,0.09947218,0.12186907,0.15289751,0.06965495,0.13874813,0.19495826,0.07168619,0.14353797,0.24705181,0.25952938,0.14427055,0.1643801,0.13361666,0.26292165,0.14844003,0.11345837,0.14112353,0.19416862,0.08718235,0.10391937,0.13966638,0.05118034
291,0.44569529,0.008765,0.00217736,0.27405971,-0.08461421,-0.001109,0.30426314,0.48269238,0.16274255,0.22750225,0.10322761,0.12592497,0.15874387,0.06741104,0.14360011,0.20459029,0.07132482,0.14793706,0.24771094,0.26731419,0.146474,0.17648265,0.14622631,0.27346834,0.15234542,0.11424936,0.14078852,0.19176929,0.08909947,0.09903276,0.13485697,0.04636817
292,0.17856397,0.00968429,-0.02142605,0.22613084,-0.0741343,0.0059847,0.24251467,0.42341562,0.1409208,0.19560526,0.09279987,0.11591239,0.15166124,0.06600579,0.12994464,0.17967801,0.0697523,0.13237301,0.22215115,0.21996746,0.11868427,0.14661183,0.12492756,0.23267204,0.13888767,0.1114736,0.13209315,0.18051738,0.08432382,0.10301267,0.13327371,0.05321958
293,0.42453892,0.01474388,-0.00840767,0.26938237,-0.09022694,0.00288332,0.29594564,0.4647496,0.16112477,0.22163306,0.10459715,0.1327242,0.1639606,0.07893979,0.14774071,0.20248419,0.08106409,0.1484296,0.25735908,0.26765174,0.15051034,0.17173531,0.1474541,0.27594836,0.16019508,0.13020917,0.14967111,0.19963276,0.0992726,0.11757193,0.14664799,0.0668442
294,0.53224341,0.01269443,-0.00547466,0.30939998,-0.10242658,-0.00160991,0.34116036,0.50702149,0.17129259,0.23852066,0.11018118,0.13651244,0.16841405,0.07583073,0.15606143,0.21731571,0.08066518,0.15469564,0.27924964,0.30037778,0.16503781,0.18276681,0.15325656,0.30185228,0.16256218,0.12719652,0.15101519,0.20503958,0.09772259,0.11177544,0.14476893,0.05710958
295,0.29693318,0.01906721,-0.01307551,0.29706638,-0.09281276,0.00108035,0.31244748,0.47599379,0.16937135,0.2331406,0.10812218,0.14222649,0.17988874,0.08255697,0.15612934,0.21586903,0.08463258,0.15658686,0.28058534,0.28798767,0.16600159,0.17850151,0.15720796,0.2981761,0.15940985,0.13187361,0.14963265,0.20301385,0.09405001,0.11812976,0.15352436,0.06533876
296,0.29753274,0.02134782,-0.02232681,0.22537742,-0.07775958,0.00642733,0.22958307,0.42833374,0.12682235,0.18069486,0.07928404,0.1041987,0.13691984,0.05587732,0.11619839,0.1615223,0.05906946,0.11825573,0.20973204,0.20957342,0.09686457,0.13282307,0.1117603,0.22080274,0.1345531,0.10910056,0.12763499,0.17394642,0.07930453,0.10198409,0.12804589,0.05454459
297,0.25569062,0.02462193,-0.00653352,0.25566653,-0.08791685,0.00169906,0.28484946,0.46505188,0.15031329,0.21148622,0.09238951,0.11689626,0.15369297,0.06295265,0.13562345,0.18819544,0.06739471,0.13656324,0.2410178,0.24982992,0.12439976,0.15790012,0.12871139,0.25811641,0.14360624,0.10915523,0.13307061,0.18710483,0.07912863,0.10104571,0.13607783,0.04826347
298,0.27517611,0.01485695,-0.00876416,0.27719479,-0.08810284,0.00482378,0.2984707,0.47401146,0.17614886,0.23681894,0.11530104,0.1386874,0.17024794,0.08796974,0.15478754,0.2083405,0.08270933,0.16195334,0.27057101,0.27749617,0.16428905,0.18503131,0.15014385,0.28423017,0.16580037,0.12671863,0.15861112,0.21209384,0.10173074,0.11979402,0.1508038,0.07160909
299,0.25526231,0.00981292,-0.00329676,0.28949868,-0.09677969,0.00173748,0.31720028,0.47997625,0.17190729,0.22553507,0.11484102,0.14304966,0.17339794,0.09573472,0.16190089,0.21302642,0.09952126,0.15672707,0.28546912,0.2960722,0.17204554,0.18039523,0.15634985,0.3011984,0.16730178,0.136669,0.15670834,0.20323597,0.1080689,0.12713325,0.1531537,0.08164528
300,0.49192595,0.02097807,-0.04296751,0.29303177,-0.09614409,0.00620982,0.30140358,0.47592408,0.16766663,0.23210114,0.09784326,0.13055313,0.16339311,0.07852286,0.14531185,0.2034324,0.07245057,0.14966806,0.25501501,0.27296276,0.16531939,0.17301966,0.14056831,0.26916763,0.16683574,0.12517283,0.15655911,0.2105089,0.09368548,0.11603098,0.14500172,0.06589665
301,0.35070182,0.01734591,-0.03803332,0.24611248,-0.0811155,0.00588586,0.25856611,0.45017501,0.14828855,0.20595997,0.09591531,0.12147088,0.15409778,0.07153618,0.13370454,0.18169893,0.07139798,0.13812309,0.22923818,0.23489932,0.11993595,0.15259649,0.12897832,0.24010895,0.15016487,0.1225987,0.14203745,0.19087792,0.09069127,0.11393283,0.14155867,0.06287387
302,0.14251682,0.0157982,-0.02475981,0.24445183,-0.08229499,0.00440915,0.27016967,0.44172745,0.14113,0.19661281,0.09354377,0.11102876,0.1381364,0.06569202,0.12612137,0.17519523,0.06470782,0.12851491,0.23503365,0.23378688,0.13012008,0.14448873,0.11766355,0.24434632,0.13857532,0.10730687,0.1334831,0.18306258,0.08734818,0.09830793,0.12585774,0.05212883
303,0.35465966,0.00169191,-0.01033002,0.28305743,-0.09386752,0.00140791,0.29517084,0.49086319,0.14709547,0.21188385,0.07295724,0.11563787,0.15292164,0.05630449,0.13321277,0.19555073,0.05288858,0.12896965,0.246131,0.27354246,0.13223957,0.1578533,0.1311038,0.26565975,0.13494483,0.10434108,0.1242947,0.17975,0.0580584,0.09298613,0.1246335,0.04139309
304,0.47664517,0.00522471,-0.03176412,0.23808497,-0.08712538,0.00708737,0.24697743,0.44839741,0.12269675,0.17899891,0.06521394,0.10439437,0.13194138,0.05630455,0.11400486,0.16341981,0.05074053,0.11256136,0.2109651,0.22629248,0.12163553,0.12981637,0.11455399,0.22467213,0.12020363,0.10159188,0.11379487,0.16070771,0.06227672,0.08980933,0.11356683,0.04467131
305,0.33886177,0.01144094,0.00353388,0.25218495,-0.07706331,-0.00241841,0.24634504,0.47994079,0.14778184,0.20412819,0.09861629,0.11648505,0.15040626,0.06214075,0.13325608,0.18587706,0.07337261,0.13556512,0.22500917,0.23852058,0.11453475,0.15875879,0.13212556,0.24568833,0.14118407,0.11077254,0.13231138,0.17836104,0.08846817,0.10084293,0.13474456,0.05057937
306,0.44474746,0.01681904,-0.03054411,0.30536605,-0.10163588,0.00522849,0.32889142,0.47803271,0.1818849,0.24316252,0.11940825,0.15584805,0.19353546,0.10209721,0.17123871,0.22683193,0.10487272,0.17192144,0.28529538,0.29537927,0.17576903,0.18937766,0.1648939,0.29787577,0.17545677,0.14846582,0.17173506,0.22269742,0.11445925,0.13922092,0.17212754,0.08829536
307,0.35206422,0.01729691,0.00545428,0.2474817,-0.08026552,0.00122173,0.25761395,0.43661831,0.14852289,0.20529716,0.09932457,0.12947564,0.16254923,0.07481465,0.14408824,0.19423993,0.08473399,0.14159605,0.23564329,0.2441241,0.12471557,0.15937301,0.14498089,0.25502185,0.14868746,0.13019617,0.13766262,0.18596233,0.09345654,0.11662458,0.14672214,0.06474368
308,0.49158463,0.0266568,-0.01317327,0.31522988,-0.10363323,0.00370288,0.34080391,0.50449401,0.19397137,0.25596703,0.13639132,0.15456059,0.19057561,0.10131133,0.17395968,0.2311714,0.10877879,0.17704434,0.29610273,0.30400073,0.17467376,0.20268737,0.16703173,0.31192346,0.18707772,0.14734841,0.17850831,0.23143696,0.12649776,0.13775193,0.17269209,0.08616725
309,0.43788327,0.01803767,-0.02569717,0.27925959,-0.09671776,0.00541071,0.31765972,0.45709682,0.16206891,0.22547058,0.10336076,0.13590037,0.16606352,0.08211704,0.14851747,0.20397224,0.07780673,0.1501293,0.26114544,0.26983232,0.15444869,0.17136366,0.14878977,0.27726164,0.16263562,0.13421388,0.15215508,0.20500084,0.09843024,0.12082827,0.14929538,0.06985639
310,0.16956598,0.02026706,-0.01430808,0.27957235,-0.08612007,-0.00228236,0.31707426,0.47517238,0.1835155,0.24104231,0.13829372,0.1464441,0.17380274,0.09658705,0.16656289,0.21499981,0.10583598,0.16842848,0.28297185,0.27750286,0.17776086,0.19171352,0.15946028,0.29802323,0.17214866,0.13425237,0.16400219,0.2099921,0.12469713,0.12233372,0.15263805,0.07648194
311,0.3071277,0.00555382,-0.00958842,0.23836422,-0.07651938,0.00343379,0.24622299,0.46656721,0.14343055,0.19837827,0.08978776,0.10976121,0.13870909,0.06190533,0.12388843,0.17335492,0.06109204,0.13021738,0.21214609,0.22726685,0.11466566,0.15185484,0.12171304,0.22869265,0.14348132,0.10916983,0.13490702,0.18122173,0.08558941,0.10059571,0.12831273,0.05201725
312,0.40211111,0.0185838,0.01956926,0.28084019,-0.09139126,-0.00104154,0.29581608,0.48711215,0.16726238,0.22930625,0.11487353,0.13593107,0.16547551,0.07874276,0.1534234,0.21101606,0.08876109,0.15423162,0.27117007,0.28608532,0.15312139,0.18029048,0.15288844,0.29172107,0.16174748,0.12989064,0.15024213,0.20176365,0.10387641,0.11720207,0.15055602,0.06282085
313,0.34230426,0.00959694,-0.02054918,0.25491828,-0.08633569,0.0040636,0.28082175,0.46582087,0.15614178,0.21556544,0.09977741,0.12951381,0.16488656,0.07373819,0.14299092,0.19578966,0.07719502,0.14581567,0.24600515,0.25365426,0.13666429,0.16547723,0.14196437,0.26265516,0.15262145,0.12459636,0.14384425,0.19491829,0.09343277,0.1133886,0.14479883,0.06210031
314,0.4348133,0.00795398,-0.02773081,0.27576506,-0.08959878,0.00320008,0.29220343,0.45194198,0.17889023,0.23764552,0.12126951,0.15437705,0.19197325,0.10212886,0.16395659,0.21973304,0.1021603,0.17097007,0.27514825,0.27507644,0.16899789,0.18512983,0.16291596,0.28379389,0.17284845,0.14520298,0.16762128,0.22148114,0.11466796,0.1354788,0.17049313,0.08525213
315,0.41341228,0.02958706,-0.0027464,0.28430363,-0.09099667,0.00192954,0.30590685,0.46336426,0.16265596,0.22289978,0.10443676,0.14648241,0.18190496,0.09175764,0.16101588,0.21555062,0.09667098,0.15616481,0.26282692,0.27683004,0.1629943,0.17298997,0.16093962,0.2806407,0.15976393,0.14291041,0.1507536,0.20225067,0.09863299,0.12850573,0.16032679,0.07721388
316,0.43225698,0.01078516,-0.00488899,0.27447742,-0.08590664,0.00198381,0.30023571,0.46250148,0.16480655,0.22329324,0.10863774,0.13452022,0.16649242,0.08430219,0.15081127,0.20445504,0.08610819,0.15152832,0.25759564,0.2675152,0.15083537,0.1758483,0.14907445,0.27478165,0.15935861,0.13036507,0.14964821,0.19995923,0.09887962,0.11976939,0.1508036,0.07189498
317,0.56174181,0.02693068,-0.01278185,0.3311576,-0.11424333,0.00302405,0.38461568,0.50101171,0.2051614,0.27345814,0.13423358,0.16973514,0.20494651,0.11459658,0.18670181,0.24653916,0.10961571,0.18847862,0.32095808,0.33421914,0.20611608,0.21319381,0.18096404,0.33510986,0.1922622,0.15670215,0.18197649,0.24386662,0.12114909,0.14566892,0.18154891,0.09107518
318,0.26957992,0.01844845,-0.02859017,0.23746839,-0.07449945,0.00161471,0.25672114,0.42568853,0.15311001,0.2145757,0.0952915,0.12860883,0.16562264,0.07198449,0.13973338,0.19173384,0.07142972,0.14488967,0.22853603,0.23363898,0.12756358,0.16228376,0.14160592,0.24629995,0.14434551,0.12042557,0.13492363,0.18741585,0.07884374,0.10950391,0.14379637,0.05532951
319,0.4066948,0.03357898,-0.00787787,0.3154858,-0.09843696,0.00131684,0.32764485,0.47676696,0.18620998,0.25337943,0.1192269,0.15640352,0.19013417,0.09741579,0.16983771,0.22924277,0.09611282,0.17287386,0.28848058,0.30681713,0.18642076,0.19277278,0.1673934,0.30140277,0.17832131,0.14437747,0.16876434,0.22551801,0.10865473,0.1314596,0.16630833,0.07605273
320,0.19018493,0.01412633,0.00968311,0.23947563,-0.07462509,0.00201575,0.26726028,0.44747334,0.13883147,0.1970615,0.08617489,0.12117608,0.15114038,0.06861401,0.1350939,0.1860152,0.07140164,0.13118935,0.22234735,0.23435174,0.13116544,0.15025422,0.13565707,0.24139609,0.13790732,0.11821539,0.12864664,0.17869548,0.08251127,0.10500975,0.1353569,0.05553104
321,0.14966469,0.00910488,0.00914776,0.25386652,-0.07769724,0.00085755,0.27411278,0.47432472,0.16447222,0.22204634,0.11661091,0.12710553,0.15625279,0.07098237,0.1465537,0.19858124,0.08382105,0.15263166,0.25190081,0.25695361,0.13792312,0.17744959,0.14458736,0.2737297,0.15770845,0.12083563,0.14777817,0.19526244,0.10628685,0.1093056,0.14179369,0.05694143
322,0.26558458,0.01910051,-0.01219653,0.31401502,-0.10243165,0.00387981,0.33677892,0.49116554,0.20472117,0.26409053,0.14270214,0.17698072,0.21457911,0.12462528,0.19127971,0.24360126,0.12696756,0.19240671,0.30883964,0.31131571,0.18633401,0.21149529,0.18669528,0.32178508,0.1972691,0.1682207,0.18981478,0.24133499,0.13736371,0.1597266,0.19097064,0.10729763
323,0.47107563,0.01323381,-0.03203756,0.26089151,-0.08292409,0.00448147,0.26139966,0.49093909,0.16374261,0.22106783,0.10604386,0.12960834,0.16598186,0.0810372,0.14206113,0.19186307,0.08071323,0.14976878,0.24298386,0.24888198,0.13744206,0.16948569,0.13882107,0.25595128,0.15843842,0.12484171,0.15056452,0.19688857,0.0978607,0.11825365,0.14892835,0.07032363
324,0.21023958,0.01543347,-0.02685359,0.26535704,-0.08428526,0.00485621,0.28485225,0.47204489,0.16968855,0.22497021,0.11774665,0.14037794,0.16914584,0.09443188,0.15646511,0.20579525,0.09702918,0.15772383,0.26210668,0.259393,0.16257525,0.17632887,0.14943943,0.27333758,0.16684721,0.13297332,0.16124918,0.20905344,0.1117591,0.12503205,0.15270672,0.07930766
325,0.44997035,0.01714451,-0.0181803,0.25551291,-0.08531593,0.0044093,0.23567773,0.50209151,0.13214037,0.19344502,0.06355767,0.09930615,0.13222691,0.0437938,0.11401588,0.17161951,0.03946994,0.11558357,0.215292,0.23946255,0.11298137,0.14239303,0.11355587,0.23553579,0.12602436,0.09260078,0.11597638,0.16621829,0.05453931,0.08284992,0.11374591,0.03278401
326,0.48141872,-0.00226395,-0.02514952,0.27963547,-0.09308553,0.00664193,0.29902421,0.47941013,0.16948599,0.22995617,0.10548406,0.13366497,0.16415149,0.08073292,0.14448472,0.20225373,0.07540405,0.15318766,0.2638115,0.27503117,0.15527952,0.17734326,0.14645928,0.27957486,0.15520772,0.12155597,0.1475439,0.19813017,0.09142745,0.11018207,0.14204668,0.06092864
327,0.34377564,0.0163199,-0.01546514,0.27456251,-0.08824336,0.00109244,0.29757592,0.46947088,0.17781143,0.23592238,0.12345767,0.1378643,0.17191274,0.0860905,0.15665373,0.20949594,0.09158809,0.16326231,0.26045614,0.26832039,0.15070799,0.18732684,0.15124295,0.27920844,0.17457657,0.13538842,0.16468259,0.21429216,0.11585648,0.1257032,0.15505449,0.07471645
328,0.44881745,0.0175172,-0.02486615,0.27318495,-0.0961991,0.00577126,0.29192616,0.46479761,0.15054953,0.2132934,0.08344094,0.11578884,0.15139924,0.06011513,0.13236681,0.18976,0.05602483,0.13383286,0.24035054,0.25811465,0.13355567,0.1580704,0.12779443,0.25713785,0.14211647,0.10821927,0.13383694,0.18682059,0.07237894,0.0965678,0.12642866,0.04605417
329,0.35125023,0.0333888,-0.01903878,0.27774785,-0.0948243,0.0049439,0.2913979,0.47900839,0.15077376,0.21102804,0.08888658,0.12823686,0.16122247,0.07778195,0.14029688,0.19280086,0.07048049,0.13968328,0.24854067,0.26480457,0.14564445,0.15756342,0.13796171,0.26250428,0.14343435,0.12186423,0.13452489,0.18600678,0.07774153,0.11142383,0.1393408,0.06211346
330,0.38882225,0.02274599,-0.00328584,0.28698447,-0.0935345,0.00265265,0.30831222,0.49963245,0.16073183,0.22492284,0.096656,0.13238049,0.17031027,0.07504746,0.15065742,0.21058477,0.07646452,0.14726189,0.25077509,0.27915312,0.1429709,0.17480601,0.14917113,0.27388314,0.15522283,0.12536688,0.14332872,0.19840736,0.08624366,0.11547742,0.14907915,0.06206193
331,0.37796291,0.03525633,-0.00031871,0.31284842,-0.10411239,0.00019573,0.32982546,0.51301023,0.17046282,0.23593463,0.10887371,0.13988025,0.17751516,0.08011859,0.16102217,0.22155458,0.0890215,0.15774217,0.28209916,0.30330843,0.15271727,0.18328138,0.15531071,0.3039637,0.1644928,0.13345955,0.1542341,0.21040013,0.09831638,0.12273964,0.1598637,0.06586166
332,0.53183468,0.01082187,-0.00464058,0.28645723,-0.0893556,0.00462032,0.29868597,0.50176661,0.16974133,0.22875797,0.10820959,0.14777803,0.18823878,0.09375662,0.15889773,0.21421595,0.09212952,0.16069808,0.26236355,0.28084614,0.1577961,0.18205735,0.16310746,0.27976701,0.16353864,0.14092371,0.15500881,0.20388151,0.10356779,0.13061175,0.16243003,0.08058807
333,0.21491515,0.00654397,-0.02965651,0.23490859,-0.07312653,0.00822134,0.24128397,0.4342108,0.14589615,0.20056432,0.09295277,0.12499303,0.15671896,0.07524987,0.13108703,0.18023685,0.0702704,0.13790065,0.21984695,0.22548863,0.12368894,0.15474204,0.13654472,0.2334556,0.14120934,0.1217806,0.13383153,0.18098717,0.08444501,0.11170881,0.13792488,0.06362234
334,0.34945128,7.231e-05,-0.03967168,0.20017801,-0.06778748,0.00614887,0.20771942,0.41748236,0.11653558,0.17503587,0.06212407,0.09759459,0.12692365,0.04676712,0.10667221,0.15389873,0.04246757,0.10947103,0.18874282,0.1924421,0.0935674,0.12406186,0.10773203,0.20301235,0.11457071,0.09516495,0.1078543,0.15600948,0.0578673,0.08535421,0.11004565,0.03582241
335,0.45422498,0.01883925,-0.03025826,0.27617596,-0.09127638,0.00756983,0.29541246,0.45380268,0.16910549,0.22622258,0.10950436,0.13460146,0.16419658,0.08696996,0.14729495,0.19827241,0.08054219,0.15533864,0.25951727,0.26586913,0.16056418,0.1732256,0.14213238,0.27027612,0.1684036,0.13185548,0.16206396,0.21151257,0.10519207,0.12342468,0.14739053,0.07521903
336,0.62613224,0.01447641,-0.03134568,0.30577219,-0.11008913,0.00724812,0.32858252,0.51117738,0.16450991,0.22650523,0.09448388,0.13090803,0.16538578,0.07782408,0.14423081,0.20402003,0.07345903,0.1494113,0.26806495,0.29406442,0.15484192,0.17251937,0.1417101,0.28432376,0.15785507,0.12334012,0.14918358,0.20050228,0.08629493,0.11436069,0.14290225,0.06294412
337,0.45214145,0.00960158,0.00469763,0.30356866,-0.09333208,0.00172114,0.32214923,0.49375022,0.1901548,0.25133783,0.13283126,0.15275879,0.1912498,0.09570222,0.1745256,0.23148737,0.10683281,0.17585977,0.29220875,0.30502537,0.16392308,0.20135344,0.16814567,0.31189488,0.17920042,0.14257237,0.16935355,0.22148232,0.1194084,0.133738,0.17032151,0.08068436
338,0.36171257,0.01374654,-0.02964419,0.26814943,-0.09278273,0.00517455,0.3023658,0.4783357,0.16054467,0.22132108,0.10385363,0.13007396,0.16260826,0.07747216,0.1428032,0.19689204,0.0768261,0.14762848,0.25556163,0.26696595,0.14226833,0.16926503,0.14097779,0.27092266,0.1575792,0.12580269,0.14712534,0.2011617,0.09505612,0.11592526,0.14836538,0.06402359
339,-0.05956205,0.01288413,0.01406449,0.2312421,-0.07008094,0.00048115,0.24446404,0.45905786,0.14590201,0.20323482,0.10055365,0.11687302,0.14630549,0.06413268,0.13301098,0.18564191,0.07120556,0.13352051,0.22973001,0.22845302,0.12866385,0.15606903,0.13149063,0.2471872,0.14506707,0.11429864,0.13658247,0.18514598,0.09585154,0.10352634,0.13445678,0.05333916
340,0.2592731,0.01974231,-0.00958933,0.25589626,-0.08619157,0.00388757,0.27020467,0.49755788,0.14841265,0.20556765,0.08750053,0.11983257,0.1497394,0.07274678,0.13307676,0.18584464,0.06826208,0.13259283,0.2325792,0.25133115,0.14437831,0.15730833,0.1314191,0.24933975,0.14384498,0.11611166,0.13426634,0.18583835,0.0796835,0.10832501,0.137728,0.05998881
341,0.40307948,0.025677,-0.02448389,0.28863166,-0.09555913,0.00329051,0.31781536,0.50639198,0.17117984,0.23567402,0.10461999,0.13595545,0.1713614,0.07953436,0.14796986,0.20589251,0.07354382,0.1540332,0.25911062,0.27890284,0.15782452,0.18066031,0.14787784,0.2754011,0.16315692,0.12619631,0.15283291,0.20925126,0.09084331,0.11672868,0.15012169,0.06376653
342,0.44676407,0.02244869,-0.01456527,0.2930609,-0.09329583,0.00679984,0.30589329,0.48718137,0.17841102,0.23512664,0.11780212,0.15229969,0.19104276,0.09678448,0.1650325,0.22042641,0.10052383,0.1672761,0.26700358,0.28225153,0.16514104,0.18679802,0.16505449,0.28161375,0.16995451,0.1453956,0.16172697,0.21156418,0.10779393,0.13365144,0.16688501,0.08310767
343,0.38888126,-0.00532209,-0.04520476,0.2719431,-0.08705806,0.00702124,0.25228593,0.46958704,0.18301164,0.24437779,0.11847473,0.14305065,0.17549397,0.08796742,0.15231479,0.20867649,0.08109827,0.16519795,0.26084215,0.26545998,0.15776835,0.18923219,0.15260628,0.27103143,0.17501456,0.13288867,0.16708263,0.22073878,0.10764238,0.12467962,0.15283539,0.07231515
344,0.34181374,0.02579967,-0.0195793,0.28871805,-0.09408153,0.00198974,0.29743577,0.50589047,0.1591836,0.224337,0.09582293,0.13134626,0.16607576,0.07389689,0.14842364,0.20641102,0.07571268,0.14692748,0.25876078,0.27860794,0.14771011,0.16858275,0.14462923,0.2774445,0.15411169,0.12343597,0.14332115,0.19820707,0.08519605,0.11282937,0.14684104,0.05811954
345,0.46632454,0.02649312,-0.00726122,0.30221639,-0.09633281,0.00135307,0.32794354,0.48031948,0.1800748,0.24395597,0.11453256,0.14991566,0.18867318,0.09294519,0.16496705,0.22212413,0.09184549,0.16832027,0.28105789,0.29782263,0.1650626,0.19213871,0.16516159,0.30026559,0.16696986,0.1360156,0.15671722,0.2143004,0.09732772,0.12577573,0.15942478,0.07210573
346,0.29541492,0.02004514,0.00767239,0.24975262,-0.08017037,-0.00110547,0.27954188,0.45842205,0.1510632,0.21040649,0.09884065,0.11838993,0.1487539,0.0628379,0.13801455,0.1914769,0.07078243,0.13795195,0.23663182,0.24679877,0.12450625,0.16312984,0.13634271,0.25956816,0.14740888,0.11464252,0.13456493,0.18295576,0.08704518,0.10066343,0.1338642,0.04861032
347,0.2257946,0.02714355,-0.00480305,0.27164636,-0.09133718,0.00201627,0.31216761,0.45313667,0.16898811,0.22912907,0.11106157,0.14175604,0.17625631,0.08760904,0.15863174,0.20848625,0.09252832,0.16000859,0.27485027,0.27425005,0.146571,0.17919505,0.15458738,0.29109114,0.16204724,0.13427136,0.15187117,0.20271371,0.09906896,0.12581891,0.15533239,0.07332454
348,0.3200665,0.02317705,-0.00490511,0.2869066,-0.0907824,0.00214999,0.29918383,0.47444166,0.19064956,0.25232195,0.13185703,0.14127961,0.17332746,0.08720776,0.16472816,0.21842027,0.09778421,0.17171709,0.27908671,0.28597148,0.15180132,0.19962255,0.15271623,0.29597657,0.19147066,0.14185719,0.18092866,0.23293937,0.12634686,0.13513631,0.16597168,0.07945627
349,0.54213249,0.00060255,-0.04313971,0.2272937,-0.07984638,0.00916118,0.2087913,0.47227095,0.10520202,0.1605229,0.05351863,0.08907788,0.12032384,0.0400857,0.09461994,0.14393997,0.03573853,0.09685471,0.18641772,0.20365684,0.08376639,0.11265481,0.10003713,0.20113296,0.10414738,0.0875646,0.0964204,0.1411702,0.04825878,0.0774134,0.10556069,0.0309327
350,0.25531677,0.01467412,0.00106901,0.22512622,-0.07809142,0.00312365,0.22228668,0.48646474,0.11070132,0.16244755,0.0593763,0.081853,0.11124118,0.03384389,0.10195858,0.14787633,0.04032717,0.09718516,0.1984881,0.21538507,0.09002472,0.11896008,0.09400186,0.21671167,0.10417684,0.07683468,0.09661093,0.13636482,0.05150082,0.06931386,0.09692574,0.02425911
351,0.49740034,0.01818852,-0.00206649,0.28389665,-0.08773405,0.0015617,0.29785934,0.46735927,0.1780274,0.23770294,0.11965132,0.13864536,0.17513597,0.08394107,0.15598353,0.21098649,0.09032543,0.16430599,0.25557344,0.27082095,0.14425575,0.18865469,0.15366177,0.27560761,0.17261111,0.13259986,0.16384234,0.2132746,0.1098887,0.12124789,0.15503914,0.06981201
352,0.40915642,0.02936577,-0.01556027,0.29967527,-0.09681026,0.00335702,0.32479195,0.45949641,0.18373298,0.24650214,0.12115435,0.15086453,0.19053378,0.09466093,0.16561188,0.22436236,0.09680485,0.1713498,0.27789532,0.29043606,0.16209437,0.19156585,0.16285216,0.29375423,0.17436527,0.14161086,0.16506206,0.21932151,0.10706482,0.13008838,0.16643263,0.07635179
353,0.55006491,0.00415616,-0.01304546,0.26050972,-0.08924253,0.0037537,0.26756602,0.48349551,0.13176647,0.18776114,0.07857746,0.10662192,0.13189447,0.05847593,0.1187652,0.17114771,0.0576679,0.11734913,0.2339729,0.25390809,0.13491803,0.13931847,0.11690166,0.24688463,0.12667906,0.09962494,0.12040399,0.16570225,0.0723118,0.08909145,0.11526023,0.04489788
354,0.434834,0.00705582,-0.03133907,0.27363294,-0.08983522,0.00682715,0.2997407,0.45732774,0.16672213,0.22684603,0.11071647,0.14160782,0.17829664,0.08969048,0.15515197,0.20723472,0.09292227,0.15825259,0.26316381,0.26492526,0.15685186,0.17405403,0.15157123,0.27505253,0.16122528,0.13439916,0.15426215,0.20410252,0.10239045,0.12547033,0.15678483,0.07632527
355,0.44283047,0.0128338,-0.0174439,0.29616152,-0.10348999,0.00419897,0.31601755,0.48946236,0.1682239,0.23008248,0.10051734,0.13334977,0.17144256,0.08042136,0.15076129,0.20824089,0.07762628,0.15037461,0.27795472,0.28844605,0.15622366,0.17684928,0.14472367,0.29363305,0.15889767,0.1252408,0.14973321,0.20362658,0.0896401,0.11814264,0.15032393,0.06828334
356,0.27121091,0.00103295,0.01132756,0.24576467,-0.07381496,-0.00228747,0.25090153,0.45222169,0.14200607,0.20334901,0.09188428,0.11950242,0.15139567,0.06156555,0.13405581,0.18932087,0.06921699,0.1327765,0.23133531,0.24575206,0.12374319,0.15568899,0.13808881,0.2533205,0.12976569,0.10999432,0.11916313,0.17133205,0.07592219,0.09628475,0.13268653,0.04332446
357,0.21841561,0.00666587,0.01375411,0.2314884,-0.07778103,0.00149007,0.25907183,0.4481276,0.13715191,0.19389351,0.09136824,0.10598306,0.13741022,0.05166529,0.12773567,0.17711137,0.06736834,0.12666783,0.21914109,0.22963215,0.09484881,0.15157396,0.12356123,0.24341543,0.13795329,0.10772681,0.12525587,0.17263117,0.08443343,0.09694156,0.12779425,0.04342859
358,0.52129909,0.0199923,-0.00286614,0.27783822,-0.0948538,0.00138908,0.28886613,0.46431973,0.14466084,0.20930735,0.08138491,0.12470932,0.15785876,0.06715518,0.13838079,0.19474997,0.06719326,0.13458166,0.25079617,0.27075574,0.1366451,0.15666294,0.13964126,0.27015932,0.14191215,0.12006194,0.1303788,0.18518126,0.07477674,0.10731501,0.13877738,0.05445527
359,0.44453852,0.03029836,0.00321988,0.30593185,-0.0998344,0.0010741,0.331766,0.50348792,0.1790469,0.24156834,0.11841326,0.14705804,0.18129666,0.09111696,0.16868647,0.2252927,0.09909951,0.16495928,0.28640101,0.30516328,0.16898829,0.18965436,0.16239228,0.30815542,0.16963317,0.13750398,0.15779501,0.20904928,0.10425192,0.12623201,0.15894976,0.07384108
360,0.34583448,0.02862741,0.00721797,0.26550269,-0.08768448,0.00159415,0.28697529,0.48394237,0.1493617,0.21132945,0.08946932,0.12273352,0.15733181,0.06571016,0.13902617,0.19594609,0.06919387,0.13897305,0.23994604,0.25914889,0.12503181,0.16262249,0.14053185,0.26334242,0.14416499,0.11889111,0.13221497,0.18396351,0.07862418,0.10658112,0.13981165,0.05250326
361,0.27936258,0.01634549,0.00536626,0.27521832,-0.08140041,0.00051685,0.30752523,0.48672815,0.18182068,0.24284615,0.12739113,0.14231466,0.17362632,0.08927286,0.16127427,0.21717563,0.09465864,0.16526762,0.27028089,0.27986819,0.1740356,0.191592,0.15658439,0.28883378,0.16954338,0.13088887,0.16085931,0.21133239,0.11284646,0.12136811,0.15723144,0.07009216
362,0.24013116,0.03093034,-0.00098328,0.27788862,-0.08930293,0.00145232,0.31328085,0.4737474,0.17094239,0.234907,0.11209625,0.14063758,0.1757443,0.08340672,0.15920411,0.21347557,0.08818383,0.15956363,0.26548541,0.27517707,0.15530974,0.18176743,0.15489342,0.28497774,0.16324287,0.13167354,0.1527731,0.20622548,0.09762594,0.12152117,0.15612617,0.06679576
363,0.40676663,0.01572346,-0.02554448,0.26812165,-0.08614304,0.00779116,0.30597629,0.44351967,0.1691244,0.22403417,0.1162812,0.13212304,0.16262,0.08699989,0.14917733,0.19377044,0.08449924,0.15447244,0.25330941,0.25718674,0.15040486,0.17556792,0.14026027,0.2644964,0.16347233,0.12714319,0.15821916,0.20290757,0.10794967,0.12093313,0.14491653,0.07745788
364,0.47893505,0.01514386,-0.02253979,0.28440156,-0.09514957,0.00153728,0.30708194,0.4964554,0.15987192,0.22259626,0.09362441,0.12838393,0.16031671,0.07862379,0.13735936,0.19703044,0.06454352,0.14309495,0.24164034,0.26392347,0.14714213,0.16663693,0.13846497,0.2554734,0.15785082,0.12378332,0.14871871,0.20639503,0.08846326,0.11399751,0.14546514,0.06345426
365,0.57367542,0.00911459,-0.00663031,0.2788825,-0.09077168,0.00640686,0.28894137,0.44881014,0.16023067,0.21882091,0.09984271,0.14191779,0.17889126,0.08598666,0.15321801,0.20941058,0.08717195,0.15219827,0.25273486,0.27284502,0.1535151,0.17035152,0.15673223,0.26849369,0.15797033,0.13916164,0.14909373,0.19913996,0.09680544,0.1262049,0.15581793,0.07723015
366,0.53350394,0.00946468,-0.02781292,0.2795886,-0.09584879,0.00709991,0.29221003,0.46965226,0.16176511,0.22363618,0.09907783,0.13153611,0.16796102,0.07642664,0.14660164,0.20338452,0.07459625,0.14905247,0.25961156,0.27269211,0.14067438,0.17163023,0.14386066,0.27405336,0.15081136,0.12233996,0.142494,0.19729982,0.08536837,0.11374505,0.14441253,0.06021974
367,0.4308171,0.00407443,-0.03384403,0.25814125,-0.0826085,0.00408949,0.28047477,0.4453914,0.1565082,0.21623005,0.09586122,0.12907107,0.16334617,0.07689302,0.13888815,0.19289295,0.07194939,0.14511999,0.2405963,0.24974858,0.14301591,0.16321756,0.13868042,0.25302723,0.15046684,0.12061283,0.14335604,0.19470372,0.08577613,0.11140957,0.14296141,0.06060837
368,0.35149616,0.00876331,-0.01453451,0.25720008,-0.09304825,0.00739053,0.27183136,0.47297717,0.13764623,0.19722096,0.07899511,0.11639476,0.14374399,0.06536597,0.12855655,0.18162223,0.06201536,0.12499293,0.23986438,0.2529058,0.14002033,0.14793186,0.13080093,0.25864214,0.13686392,0.11506402,0.12715617,0.17633809,0.07558316,0.10111432,0.12647568,0.05331217
369,0.45256634,0.01408614,0.00452643,0.3052027,-0.10176365,0.00163657,0.33258667,0.49389971,0.18175591,0.24070797,0.11745406,0.15275624,0.1895739,0.09695518,0.17047632,0.22667643,0.10058512,0.16707278,0.28874772,0.30810732,0.17360359,0.19333495,0.16831456,0.30721434,0.17319234,0.14227883,0.16093737,0.21396121,0.10737479,0.13163465,0.16502892,0.08139757
370,0.41983103,0.0264837,-0.02578715,0.30635461,-0.09899737,0.0062282,0.35337816,0.46182797,0.19243622,0.24942472,0.13527869,0.15195882,0.18037077,0.10944738,0.16966757,0.22118291,0.10628548,0.17548339,0.28912388,0.28651117,0.19328226,0.19551985,0.15911636,0.29856775,0.1849503,0.14372863,0.18180525,0.2302961,0.12666731,0.13179919,0.15903119,0.08976699
371,0.4650815,0.01078571,-0.02239383,0.25300222,-0.08635085,0.00556704,0.25800856,0.48126192,0.13624429,0.19513772,0.08138819,0.11163627,0.14297706,0.06118469,0.12431905,0.17823292,0.06018862,0.12487266,0.22672701,0.24514373,0.12325376,0.14466148,0.12356868,0.24341564,0.1338456,0.10832456,0.12565697,0.17405782,0.07392223,0.09795094,0.12758611,0.04832703
372,0.47213087,0.00791953,-0.02242084,0.23395664,-0.0821786,0.00868896,0.2505589,0.45395044,0.13675157,0.19171386,0.08275003,0.11536237,0.14971624,0.06409755,0.12524368,0.17525379,0.06359334,0.12857523,0.22075153,0.22563507,0.11380492,0.14679932,0.12896052,0.23710556,0.13613903,0.11685041,0.12690426,0.1745765,0.07998594,0.1065261,0.13180374,0.05721332
373,0.30832836,0.00997376,-0.03114703,0.20170165,-0.06862429,0.00389317,0.19532194,0.45162689,0.1026033,0.15687277,0.05325413,0.0859915,0.11704462,0.04061608,0.09364019,0.14121906,0.03551842,0.09462208,0.17178187,0.18259408,0.08452136,0.10847149,0.09356918,0.1848575,0.10304323,0.08500969,0.09919411,0.14381369,0.05033164,0.07844779,0.10465814,0.0332289
374,0.3052729,0.01938611,-0.00688896,0.21703647,-0.0714386,0.00105309,0.23670336,0.43835858,0.12975588,0.1833735,0.08539326,0.10041045,0.12944346,0.05257804,0.11829809,0.163519,0.05925899,0.11864061,0.19804168,0.21041622,0.10755322,0.1395726,0.11448107,0.21752323,0.13112254,0.10023874,0.12060926,0.16545901,0.0794527,0.08949163,0.11622601,0.0429334
375,0.22937306,0.01070509,-0.01792927,0.20808318,-0.06900838,0.0058792,0.22537163,0.42311275,0.11630769,0.17133176,0.06440497,0.10077185,0.13359615,0.05110523,0.11000604,0.15817018,0.04796769,0.11000363,0.18988016,0.19793384,0.09390542,0.12494926,0.11318463,0.20575194,0.11538891,0.09987141,0.10667318,0.15314367,0.05705746,0.08984069,0.11611414,0.04039265
376,0.41996783,0.01904237,-0.03882681,0.23950212,-0.08666313,0.01014233,0.25586785,0.44854263,0.13388626,0.18906985,0.08010167,0.10735247,0.13635505,0.06174393,0.11637888,0.1634755,0.0557582,0.12010433,0.217815,0.22595947,0.11932045,0.13975451,0.1154082,0.23089567,0.13410145,0.10674809,0.12655686,0.17349571,0.07587504,0.09844173,0.12119204,0.05295198
377,0.27261705,0.01323512,-0.02589377,0.25790147,-0.08495205,0.00837166,0.26199558,0.45841622,0.1692758,0.22389788,0.11476582,0.1414646,0.17663499,0.09138049,0.15235161,0.20175281,0.09151869,0.15947316,0.25693623,0.25557154,0.14554604,0.17503118,0.14928603,0.26731972,0.16726975,0.13713303,0.16095405,0.20926652,0.11038874,0.13009248,0.16062432,0.08019821
378,0.44477605,0.00449255,-0.02320486,0.27286354,-0.0932742,0.00545583,0.29716473,0.46210388,0.16758808,0.22716286,0.10841371,0.13402765,0.17058672,0.08093468,0.15002695,0.20414092,0.08331053,0.15369677,0.25732709,0.26699033,0.13866343,0.17627356,0.14720504,0.27427725,0.16321932,0.12968636,0.15272669,0.20370504,0.10189389,0.11989824,0.15007627,0.06819007
379,0.560267,0.0291601,-0.00250851,0.30109231,-0.09588421,-0.0001806,0.33030291,0.45985773,0.17387582,0.23659559,0.1115644,0.1487678,0.18906801,0.09133646,0.16505292,0.22384838,0.0924107,0.16443086,0.26552297,0.2874926,0.16117561,0.18480824,0.16410215,0.28415996,0.17160222,0.14530275,0.16035016,0.21539803,0.10276635,0.13239763,0.16768693,0.08002511
380,0.44953308,0.00675644,-0.02154625,0.28285462,-0.10207774,0.00527679,0.3064202,0.47064868,0.17117732,0.23459287,0.10653611,0.13114821,0.16472232,0.07599696,0.14797464,0.20371422,0.07464112,0.15227707,0.27376659,0.28205424,0.14847154,0.17980369,0.14239445,0.28878003,0.1621423,0.12400006,0.1524336,0.20583138,0.09257812,0.11521379,0.14599783,0.06095708
381,0.45698369,0.00874235,-0.0186501,0.2593125,-0.08280025,0.00540349,0.26327414,0.47648112,0.15938054,0.21509856,0.10584847,0.13248663,0.17044865,0.07861995,0.14428599,0.19715753,0.08118522,0.1500958,0.23664857,0.24799887,0.12523917,0.17011361,0.14663495,0.25505664,0.15737207,0.12945223,0.14799989,0.19578472,0.09992112,0.1204263,0.15081557,0.06882064
382,0.35321066,0.0270401,0.00053726,0.28493087,-0.09448779,-0.00149751,0.31666544,0.48817241,0.175831,0.24010199,0.11542185,0.14375989,0.17871692,0.08668323,0.16152592,0.21747703,0.09047618,0.16249786,0.26905709,0.28729276,0.16523374,0.18788421,0.15799499,0.28843047,0.17199905,0.13692287,0.16087126,0.21753294,0.10732028,0.12653771,0.1609033,0.07200625
383,0.54537951,0.00032185,-0.00760771,0.29184373,-0.09466296,0.00292961,0.2858547,0.48793396,0.17328236,0.23012605,0.11632582,0.13687917,0.17004088,0.08288037,0.15152369,0.20775818,0.08478178,0.15795079,0.26570887,0.28303095,0.15550067,0.18210316,0.14947347,0.28017534,0.16655892,0.12906989,0.15894126,0.20598474,0.10869848,0.11795532,0.14879343,0.06895541
384,0.5793351,0.02126679,-0.00924155,0.34084191,-0.10323429,0.00329421,0.34634896,0.4882869,0.19930791,0.26086857,0.13358139,0.16892629,0.20797026,0.11165941,0.18534549,0.24492098,0.11416544,0.18443532,0.3052375,0.3283478,0.19336872,0.20977678,0.18451936,0.32193055,0.18495518,0.15626593,0.1752324,0.22818753,0.1172609,0.14422732,0.17795945,0.09517438
385,0.46605355,0.03059684,-0.02481369,0.2541948,-0.09452087,0.0045482,0.28886133,0.46766255,0.13651877,0.19262185,0.07917391,0.10355925,0.13734707,0.05570413,0.11869012,0.16795518,0.0532847,0.12196283,0.22849561,0.23862332,0.11185926,0.14243324,0.11243472,0.24211257,0.13984044,0.10538802,0.13031576,0.17737667,0.07523217,0.09709306,0.12431008,0.04843774
386,0.35017095,0.02464834,-0.01045396,0.34202092,-0.11025163,0.00758023,0.35381969,0.50747672,0.22268192,0.28183045,0.16099755,0.18580726,0.22255967,0.13385755,0.20344292,0.25846687,0.13799328,0.20745512,0.33154806,0.34235719,0.19955913,0.23137513,0.19644255,0.3458585,0.21467475,0.17633763,0.20562642,0.25898709,0.15008461,0.16957881,0.20069736,0.11725735
387,0.49280337,0.00309839,-0.00894079,0.27924,-0.09361657,0.00466396,0.26990145,0.50152641,0.14726737,0.20555311,0.08519931,0.1293926,0.16130518,0.07610069,0.13990355,0.19632751,0.07276492,0.13556974,0.2555934,0.27571999,0.15008067,0.15557324,0.14276928,0.2711823,0.13922368,0.12172321,0.13136757,0.17675174,0.07882858,0.10899916,0.13767901,0.06337408
388,0.35906303,0.02350821,0.00780903,0.28194156,-0.08996969,-0.00137144,0.31027817,0.47418909,0.1642482,0.22951933,0.10391211,0.13689709,0.17450419,0.07719511,0.15355692,0.21335103,0.08247128,0.15283125,0.26154737,0.27751838,0.14857084,0.17553839,0.15298085,0.28182219,0.15359201,0.12719422,0.14101313,0.19735357,0.08928123,0.11460759,0.15184037,0.05839325
389,0.27243178,0.01340167,-0.00419973,0.30004539,-0.09317984,7.014e-05,0.33422098,0.48407935,0.18781193,0.25036684,0.13160224,0.1545608,0.18623857,0.09722581,0.17208885,0.22912513,0.10256118,0.17387225,0.29261567,0.30203283,0.17817383,0.19806901,0.16939983,0.31008875,0.18025706,0.14392036,0.17023532,0.22193503,0.11776405,0.1310638,0.16488655,0.07798436
390,0.34957835,0.01367064,-0.02187016,0.29056081,-0.10005412,0.00151,0.3168173,0.49893809,0.17315407,0.23897524,0.108817,0.13149264,0.16885356,0.07432595,0.15053567,0.21004819,0.07403748,0.15483616,0.26172612,0.28185373,0.15187724,0.18355968,0.14611315,0.28106295,0.1686367,0.1231642,0.15529756,0.2115181,0.09915626,0.11210175,0.14711682,0.05909158
391,0.45152948,-5.174e-05,-0.00098896,0.26483986,-0.08106957,0.00049149,0.28002549,0.46169986,0.15823056,0.21946007,0.09949464,0.12135797,0.15462686,0.06504136,0.13764422,0.1933762,0.06565948,0.14260215,0.24025944,0.25571365,0.14002799,0.16850638,0.13785262,0.26198101,0.15475456,0.11615238,0.14251902,0.19333195,0.0894671,0.10358239,0.13588492,0.05233072
392,0.30639832,0.0240415,-0.01218289,0.26767977,-0.08376875,0.00107284,0.29866612,0.50241864,0.15774294,0.21514083,0.10889015,0.12569178,0.15489033,0.07355792,0.14096403,0.19566286,0.07868936,0.14435936,0.25060219,0.26000223,0.13934334,0.16942815,0.14036823,0.27047976,0.1498933,0.11646379,0.14291156,0.19045394,0.09486071,0.10488661,0.13888244,0.05515405
393,0.27692996,0.00942692,-0.00687969,0.2262612,-0.07788358,0.00037512,0.26735074,0.46131304,0.12942257,0.18535799,0.08034089,0.09722875,0.1224919,0.04712143,0.11317584,0.16232906,0.05161936,0.11576163,0.21964746,0.22035606,0.11558494,0.13934863,0.11182296,0.23950827,0.12524345,0.09368881,0.11771906,0.16138994,0.07291871,0.08092348,0.10851971,0.03300227
394,0.5375234,0.01095526,-0.01181095,0.31698554,-0.09738512,0.00353884,0.34495455,0.44422681,0.18908331,0.25354542,0.12323361,0.16395252,0.20116486,0.10678845,0.17952804,0.23955711,0.10736826,0.17958677,0.29540821,0.31027098,0.1890757,0.19769943,0.17640057,0.30924997,0.18094191,0.15478355,0.1736589,0.22922778,0.11340742,0.141728,0.17565998,0.08802073
395,0.17364286,0.01236177,-0.00286329,0.26290998,-0.08387932,0.00121896,0.28810266,0.46655077,0.16052136,0.22199511,0.108677,0.12816706,0.15840374,0.07390388,0.14748963,0.20025793,0.08165602,0.14865184,0.25677199,0.26318638,0.14015589,0.17215101,0.14322782,0.27753792,0.15154678,0.11884827,0.14269163,0.19178061,0.09760871,0.10868293,0.13868278,0.05604888
396,0.46800828,0.02461283,-0.03355766,0.31993811,-0.10907949,0.00658284,0.35177123,0.47801433,0.17710713,0.24048357,0.11002598,0.14240104,0.17596846,0.08981288,0.15882098,0.21645729,0.0843374,0.1605003,0.28641844,0.29964093,0.17022174,0.18474309,0.15309354,0.30055631,0.16787926,0.13222941,0.15836976,0.21453906,0.0971929,0.12141981,0.15133584,0.07260785
397,0.54689287,0.01966333,-0.02324641,0.29437792,-0.09762165,0.00801105,0.31634069,0.46012597,0.1800815,0.23888702,0.1195994,0.15312417,0.18807738,0.0996746,0.16514607,0.21979057,0.09717373,0.16813306,0.27326513,0.28768281,0.17087533,0.18894442,0.16620333,0.28795482,0.17620558,0.14924301,0.16579263,0.21838176,0.11090453,0.13684376,0.16782396,0.08683389
398,0.58831122,0.02446211,-0.02351583,0.32196472,-0.10896119,0.00998158,0.31557269,0.51239394,0.1818354,0.24093513,0.11635575,0.15186359,0.18464281,0.10077334,0.16440311,0.22183974,0.09787103,0.16718022,0.29327626,0.3108933,0.17775452,0.18977373,0.16149362,0.30655354,0.1780948,0.14744201,0.17095487,0.22263289,0.11109436,0.13875692,0.16876767,0.09088028
399,0.16235087,0.02449298,-0.00162706,0.22179504,-0.07117315,0.00053092,0.23983068,0.43600451,0.14061687,0.19785493,0.09197957,0.11570674,0.14561224,0.0658059,0.13078195,0.17675274,0.07049334,0.13221569,0.21941997,0.21909804,0.11982135,0.15009767,0.12835694,0.23588258,0.13742038,0.11429743,0.1287512,0.17728217,0.08223876,0.10463784,0.13409945,0.05477297
400,0.47195185,0.02387266,-0.02795375,0.27985106,-0.09496091,0.00617459,0.30776844,0.45759073,0.17298248,0.23059701,0.11159974,0.14116312,0.17350362,0.09086666,0.15211955,0.20215166,0.08548372,0.15997328,0.25737934,0.26814325,0.14951112,0.17949796,0.14902425,0.26928024,0.17207976,0.13937992,0.16289749,0.21316939,0.10622572,0.13063472,0.15764002,0.07858079
401,0.24178818,0.01889365,-0.00313008,0.2498116,-0.08187982,0.00255941,0.28629039,0.47162994,0.14768589,0.20655303,0.09892397,0.12194708,0.15207329,0.07220108,0.14016921,0.19079711,0.07803487,0.13727086,0.24607495,0.2529097,0.13751509,0.15728252,0.13290145,0.26191478,0.14680122,0.11763095,0.13990394,0.19036984,0.09150609,0.11023739,0.14126286,0.06126402
402,0.332529,0.01548126,-0.00988178,0.24808862,-0.07842898,0.00185804,0.28150287,0.43375387,0.15405253,0.21439236,0.09895,0.13222284,0.16615219,0.07703289,0.14420391,0.19691877,0.07865787,0.14690587,0.23363658,0.24252923,0.1391603,0.16473275,0.1457221,0.25147715,0.14935301,0.12834778,0.13990815,0.19349936,0.09204279,0.11656307,0.1477866,0.06329295
403,0.31798922,0.02070365,-0.01686696,0.30589687,-0.0985207,0.0016148,0.33284865,0.48458887,0.18640602,0.25219428,0.1166592,0.15156001,0.19184326,0.0969562,0.1722609,0.23020655,0.09706157,0.17066797,0.28572436,0.29931109,0.17134261,0.19440217,0.16196009,0.29914338,0.17310549,0.13989975,0.16502248,0.2244009,0.10067806,0.13303234,0.16966854,0.08028299
404,0.3403549,0.01439672,-0.00106035,0.22003263,-0.07233713,0.00197226,0.21717066,0.46113773,0.11552957,0.17024445,0.06664586,0.09789747,0.12979832,0.04590841,0.10998215,0.16021575,0.05287814,0.10792709,0.19451207,0.21137261,0.08954007,0.12627179,0.11248574,0.21480428,0.11890532,0.10117906,0.10777686,0.1535239,0.06328655,0.09005762,0.11916836,0.04015848
405,0.27303555,0.01328881,-0.02666594,0.2241461,-0.07506964,0.00476275,0.22586305,0.44974456,0.11141351,0.16666647,0.05598224,0.09127731,0.11860785,0.04351069,0.10175961,0.14968234,0.03931642,0.10213559,0.19642523,0.20512247,0.10722203,0.11699481,0.10083269,0.20920461,0.10902864,0.08693582,0.1022722,0.146404,0.04911492,0.07499064,0.10137288,0.03170981
406,0.52751443,0.01492291,-0.00959846,0.28376243,-0.09762252,0.00319915,0.30017419,0.48428353,0.16071985,0.22440026,0.09619781,0.12532773,0.16160042,0.06860905,0.14220162,0.20089231,0.06938647,0.14402718,0.25217128,0.27697483,0.13480949,0.17020534,0.13894547,0.27025906,0.15563236,0.12018294,0.1435376,0.19665461,0.08511776,0.10969064,0.14255771,0.05599874
407,0.47214063,0.02139959,-0.02730254,0.30123016,-0.10393963,0.00597883,0.3136488,0.48575846,0.19655178,0.25644098,0.13283531,0.1587705,0.19650009,0.10700937,0.17464554,0.22800848,0.10798772,0.18211946,0.29584644,0.30070898,0.17147087,0.20294652,0.16656328,0.30706456,0.19289047,0.15345254,0.18410661,0.2382469,0.12728399,0.14763748,0.17922657,0.09525312
408,0.385608,0.01334336,-0.01117314,0.29627015,-0.096096,0.00582563,0.33903182,0.43640492,0.18936498,0.24747836,0.130984,0.15297668,0.18352403,0.10091366,0.16989223,0.22335489,0.10472425,0.17549743,0.28513652,0.28449568,0.17726718,0.19522867,0.1632612,0.29707586,0.17923601,0.14524207,0.17526723,0.22670667,0.12101427,0.13089799,0.16154844,0.08242858
409,0.42583927,0.00701412,-0.00286139,0.27008019,-0.08769563,0.00346086,0.27319872,0.48769502,0.15762466,0.21613441,0.09923998,0.13062675,0.16487959,0.07702264,0.13937008,0.1954157,0.07589151,0.14443784,0.24896458,0.26516256,0.14429131,0.16774013,0.1445802,0.26395133,0.14961071,0.12262437,0.13982593,0.19002009,0.09045856,0.11175991,0.14294012,0.06182822
410,0.54775063,-0.00660536,-0.02544176,0.27381274,-0.09150735,0.00521751,0.2500869,0.50085776,0.1235782,0.18571221,0.05919127,0.10307791,0.13228277,0.05001534,0.11246699,0.17026987,0.04385646,0.11066499,0.2238394,0.24974574,0.11330927,0.13287827,0.11509618,0.24031661,0.12509506,0.10087678,0.11654177,0.16636324,0.05825771,0.09008014,0.11780883,0.04171084
411,0.47864436,0.03820775,0.00382863,0.3083194,-0.1030316,-0.0006857,0.34304264,0.49159062,0.16576551,0.23304499,0.10456686,0.13408152,0.16999829,0.07631274,0.15624364,0.21504683,0.08093152,0.15282291,0.26742838,0.29599197,0.14929803,0.17969734,0.15187734,0.29106392,0.16043687,0.12796856,0.14694624,0.20512988,0.09222426,0.11531222,0.15103349,0.06128748
412,0.32618205,0.03093946,0.012103,0.28010055,-0.09031238,-0.00163201,0.28702728,0.49213565,0.15505273,0.21949731,0.09532024,0.1309103,0.16059816,0.07433682,0.14679174,0.20243712,0.07739098,0.14401064,0.26180336,0.27812175,0.15153309,0.16784984,0.14683994,0.2831692,0.14755082,0.12065397,0.13714602,0.18835757,0.08717321,0.10844756,0.14122197,0.05702675
413,0.48628222,0.026422,-0.00762414,0.30069789,-0.09947053,0.00673733,0.30402242,0.49756388,0.16518787,0.22332175,0.10515647,0.1366759,0.17659286,0.08396227,0.15045475,0.2086919,0.08582331,0.15239689,0.26860209,0.29271119,0.15530473,0.17221907,0.14875537,0.28336592,0.15678071,0.12853161,0.1475206,0.19475669,0.09384197,0.11748062,0.15051321,0.06796907
414,0.24698613,0.01258194,0.00284006,0.27667852,-0.08107197,-0.00125585,0.28028301,0.48087324,0.16041634,0.2216219,0.10883889,0.1352386,0.16726625,0.07795191,0.15069257,0.2068037,0.08734026,0.14823334,0.25741344,0.27319786,0.1536421,0.16979937,0.14981713,0.27429995,0.14674437,0.12041665,0.1376493,0.18802526,0.0893941,0.10819102,0.14589824,0.05608528
415,0.60251316,0.01201054,-0.03115557,0.29359203,-0.09806664,0.00997602,0.30890185,0.47683133,0.17372617,0.23564655,0.10746901,0.1445209,0.18005122,0.09114095,0.15422176,0.21423671,0.08523432,0.16044401,0.26864653,0.28312261,0.16960223,0.17881084,0.15282001,0.27980772,0.16647953,0.14005146,0.16176319,0.21338428,0.10191906,0.13028616,0.15824759,0.07806385
416,0.65217237,0.00203489,-0.03434283,0.29625383,-0.09803117,0.00349063,0.30275091,0.48552679,0.16385614,0.22657163,0.10284633,0.12728953,0.16091438,0.07284726,0.14113518,0.19929714,0.07224921,0.14754266,0.25572015,0.27649829,0.14858798,0.17234608,0.14065161,0.27197958,0.15487209,0.11535542,0.1451047,0.1951859,0.09178217,0.10308897,0.13444202,0.05499579
417,0.41692362,0.00957379,-0.02380983,0.26120099,-0.0891287,0.00367663,0.2735309,0.47793124,0.14285255,0.20369934,0.08273418,0.11568114,0.15210761,0.06224775,0.13173391,0.18541476,0.06373909,0.13111758,0.23348658,0.2522251,0.12316788,0.15266227,0.12778327,0.25068005,0.14328478,0.11473627,0.13394491,0.18521718,0.08065521,0.10664969,0.13728449,0.05439665
418,0.42564071,0.02755177,-0.02505962,0.33455663,-0.11050838,0.00771553,0.36665649,0.51112294,0.20667708,0.27131184,0.14034487,0.17602441,0.2152514,0.12134569,0.19067774,0.25119188,0.11936236,0.19282468,0.31695417,0.33209415,0.20390219,0.21581339,0.18801408,0.33072406,0.19039787,0.15807324,0.18188136,0.24041576,0.12260528,0.14753795,0.18337189,0.09447937
419,0.39436771,0.00653905,0.01858798,0.26276977,-0.08361523,-0.00140761,0.28064536,0.48548769,0.14381022,0.20705923,0.08808645,0.11705491,0.14730304,0.05855149,0.13429203,0.19141752,0.06489564,0.13051503,0.23332988,0.26270771,0.13191532,0.16057754,0.13898551,0.26084699,0.13845561,0.10907936,0.12487385,0.17556016,0.07848678,0.09424203,0.12745549,0.04308189
420,0.42285313,0.00506316,-0.03459715,0.23635129,-0.07593138,0.00189044,0.24621869,0.46305008,0.13384735,0.18747893,0.08368601,0.10608971,0.13074539,0.06360781,0.11749973,0.16509914,0.05830703,0.11853903,0.21857142,0.22325382,0.12837779,0.13893287,0.11331716,0.22910914,0.13282307,0.10256534,0.12798298,0.17303391,0.0796001,0.09657047,0.12306661,0.05487062
421,0.38444722,0.01608928,-0.00415049,0.3148204,-0.10324788,0.0006596,0.3531368,0.4979775,0.18667335,0.25052031,0.1219705,0.15517097,0.19268497,0.0993674,0.17472098,0.23217393,0.10204372,0.17134098,0.29075745,0.3108294,0.17526597,0.19913758,0.17160262,0.31016891,0.17824091,0.14405285,0.16471276,0.21959583,0.11030262,0.13273818,0.16771342,0.08163703
422,0.33908789,0.00560533,-0.01645819,0.24566532,-0.0793459,0.00353643,0.263593,0.45915778,0.14519566,0.20208725,0.09211942,0.11109264,0.14169358,0.06105689,0.12711054,0.17870767,0.06365595,0.13157157,0.22751664,0.23269954,0.12123542,0.15350993,0.12323033,0.24298221,0.13796623,0.10406783,0.12997438,0.1778743,0.08137512,0.09383819,0.1241504,0.04533209
423,0.34999089,0.02810276,-0.01206757,0.29478833,-0.10054639,0.00588346,0.33768557,0.47349017,0.17685135,0.2386164,0.11728421,0.14644521,0.17850601,0.09417241,0.16271338,0.21623836,0.09537983,0.16319623,0.27450303,0.28458626,0.16655954,0.18431192,0.15761238,0.28913033,0.17199842,0.14048942,0.16127404,0.21447406,0.10707801,0.12836019,0.15898241,0.07645782
424,0.27579355,0.00476769,-0.02457608,0.26518166,-0.08824322,0.00442131,0.29383154,0.44893431,0.16367992,0.22397864,0.10419056,0.13912643,0.17585308,0.08487501,0.15348152,0.20627017,0.0864708,0.15363385,0.25651101,0.26304276,0.14801469,0.174037,0.15163048,0.27210869,0.15712753,0.13220598,0.14952006,0.20159137,0.09529081,0.12293805,0.1554935,0.06970961
425,0.42751539,0.01856621,-0.01097839,0.31024623,-0.09504092,0.0002627,0.312564,0.5085082,0.19470837,0.26100658,0.13676225,0.14812184,0.18604183,0.0855136,0.17083798,0.23063023,0.09912693,0.17769775,0.28508049,0.29839237,0.15536021,0.20599799,0.16338239,0.30597089,0.1899498,0.14156306,0.17874402,0.23357741,0.12572488,0.13205232,0.17017967,0.0744022
426,0.21328149,0.02991764,0.00578356,0.24060369,-0.07744158,-0.00226039,0.26107018,0.45999017,0.14496398,0.20494681,0.08752381,0.11718061,0.14580068,0.06486828,0.13208909,0.18219787,0.06543183,0.13369808,0.22544798,0.23841657,0.12637588,0.15635226,0.13213898,0.24661059,0.13856118,0.11161805,0.12706585,0.17858144,0.07661887,0.10069312,0.13261203,0.04895526
427,0.36281646,0.01187757,0.01036086,0.25352609,-0.07937898,-0.00034089,0.25960289,0.46598708,0.12917056,0.19332238,0.06947077,0.11386941,0.14832896,0.05454264,0.12589304,0.18491368,0.05413364,0.12099289,0.21752334,0.24424011,0.123164,0.14098565,0.13033317,0.23959322,0.12439195,0.10800592,0.11271972,0.16754251,0.06176044,0.09447351,0.12928652,0.04025345
428,0.37204094,0.01129715,-0.03464985,0.23597855,-0.08170194,0.0069371,0.24682895,0.46889859,0.12413813,0.17538583,0.06759341,0.10354305,0.13087416,0.05893409,0.11035967,0.15527817,0.05143372,0.11277312,0.21319836,0.22080435,0.11888955,0.1276744,0.10987486,0.22191718,0.12031624,0.09825478,0.11549163,0.15936519,0.0620231,0.09004588,0.11530849,0.04560743
429,0.42357473,0.02347787,-0.00699388,0.31301524,-0.10325968,0.00191148,0.35171427,0.47421354,0.18558193,0.24860064,0.118106,0.15289342,0.19032051,0.09703235,0.17048001,0.23059186,0.09717277,0.17083817,0.28070696,0.30448534,0.17143007,0.19588269,0.1671172,0.29899149,0.17894917,0.14534841,0.16822351,0.22473403,0.10920037,0.13332768,0.16763075,0.07995715
430,0.53577089,0.00306472,-0.00853502,0.27960664,-0.0915782,0.00709399,0.28283702,0.47442655,0.16514101,0.22028698,0.10350654,0.1325304,0.16599529,0.08338747,0.14527686,0.198839,0.08040434,0.14978809,0.25416415,0.27451685,0.15508939,0.17329126,0.14457215,0.2676862,0.15922501,0.12405812,0.15057565,0.19679669,0.09701967,0.11603607,0.14450186,0.07102041
431,0.24714552,0.00925308,-0.00814515,0.21532065,-0.07310295,0.00422871,0.20453603,0.47944685,0.11208367,0.16240474,0.06388304,0.09118071,0.11936857,0.04642168,0.10393462,0.14936189,0.046735,0.10057754,0.18981724,0.20888739,0.09784857,0.11894699,0.10163142,0.2032556,0.11161789,0.08906822,0.10320534,0.14512954,0.060993,0.08080033,0.10722607,0.0383055
432,0.34109257,0.00167062,-0.04109175,0.25693215,-0.09170554,0.00532503,0.29360607,0.45061616,0.14595907,0.20324405,0.09088242,0.11573793,0.14487639,0.06558087,0.12845639,0.17961116,0.06367381,0.13387132,0.24898439,0.24757331,0.14048594,0.15428894,0.12678905,0.26286181,0.14363381,0.11170026,0.13663803,0.18612772,0.08485244,0.09853423,0.1262824,0.05083506
433,0.42391682,0.01653712,-0.02552344,0.27292164,-0.09735857,0.00307148,0.29243378,0.47673358,0.15213928,0.21092834,0.08568176,0.1154954,0.15132862,0.06580045,0.13346262,0.18601948,0.06412706,0.13404548,0.24663679,0.26485231,0.13981452,0.15851817,0.12568861,0.26043779,0.13995049,0.10377619,0.13137137,0.18106692,0.07383623,0.0945112,0.12430756,0.04820694
434,0.39083561,0.01731333,-0.01467987,0.28226987,-0.09280866,0.0040077,0.29445519,0.45713637,0.16451896,0.22140082,0.10939986,0.13075611,0.16692628,0.07953906,0.15129635,0.20259962,0.08784947,0.15124136,0.26119098,0.27212576,0.13929673,0.17012964,0.13999567,0.27204477,0.16199859,0.12810107,0.153806,0.20392768,0.10272471,0.12023162,0.14974627,0.07093045
435,0.28999477,0.04551584,0.01302513,0.3047702,-0.09604806,-0.00556897,0.33389235,0.50490209,0.17113589,0.23948802,0.10285342,0.141958,0.18099794,0.07811332,0.16222203,0.2246637,0.08183869,0.15802687,0.26738657,0.29784704,0.16279805,0.1867621,0.16219084,0.29366711,0.16102675,0.12887156,0.14593516,0.20517179,0.08521904,0.11436504,0.15299072,0.05765763
436,0.35869148,0.02833079,-0.00233047,0.29292735,-0.09660955,0.00324468,0.30676592,0.48518924,0.19033374,0.24708021,0.13247673,0.16361175,0.20616877,0.1100793,0.17990285,0.23329131,0.11753974,0.18224239,0.29091637,0.29449452,0.16960969,0.19992542,0.1753276,0.30399819,0.18850226,0.16086788,0.18054601,0.23008846,0.12839654,0.15361108,0.18596909,0.10313005
437,0.30032557,0.00854742,-0.01039532,0.21866441,-0.07038928,0.00271326,0.21862117,0.45472764,0.11355257,0.17094606,0.06409267,0.09779671,0.12615003,0.04583104,0.10838564,0.15710238,0.04565543,0.10691661,0.19604529,0.21268217,0.1051653,0.12423991,0.11288536,0.21587936,0.10916276,0.09107469,0.10063285,0.14370023,0.05596074,0.07822305,0.10650153,0.03128915
438,0.43544006,0.0130593,-0.01179201,0.25948268,-0.0845004,0.00432441,0.28799532,0.4437843,0.16474173,0.22568182,0.10877791,0.13975927,0.17924341,0.08432916,0.15354209,0.2071384,0.08679839,0.15661183,0.24946473,0.2589772,0.1374358,0.17727572,0.15522478,0.26860948,0.15937444,0.13581956,0.14940521,0.20264174,0.09877192,0.12609861,0.15813606,0.07273371
439,0.48247562,0.03302371,-0.00602743,0.28071013,-0.09020627,0.00157009,0.29220784,0.47568357,0.16288471,0.22190509,0.10695329,0.13249733,0.16744308,0.08208205,0.1487009,0.20120758,0.08384348,0.15043715,0.25341553,0.26638783,0.1518557,0.17004927,0.14330699,0.26778036,0.15885081,0.12816939,0.15043008,0.2017118,0.09851961,0.11883538,0.15143314,0.06983835
440,0.14156265,0.01505798,-0.03372242,0.22448069,-0.07897541,0.00618676,0.26032508,0.41689084,0.14579804,0.19965071,0.09295655,0.11961978,0.15149275,0.07150346,0.13041193,0.17573433,0.06968224,0.13615895,0.22056827,0.21629991,0.12087713,0.15190125,0.12732808,0.23193576,0.14940909,0.12228512,0.14393128,0.19221981,0.09437851,0.11299972,0.13807029,0.06322164
441,0.30813613,0.01676623,-0.02180569,0.27312936,-0.08534712,0.00093661,0.2789109,0.46647289,0.17172754,0.23139392,0.11067813,0.13720713,0.17361187,0.08175852,0.15463622,0.20807631,0.08460853,0.15743512,0.25002718,0.26177586,0.14440856,0.17910043,0.14954697,0.26575537,0.15998194,0.12508472,0.1499368,0.19906871,0.09489828,0.11524388,0.14861866,0.06479714
442,0.37828748,0.01423332,-0.02702527,0.26143869,-0.08439105,0.00671864,0.25664005,0.48681895,0.14297348,0.20141072,0.0837382,0.11863359,0.15152708,0.06948104,0.12927667,0.18280575,0.06488275,0.13153742,0.22188778,0.24556274,0.128173,0.15052121,0.12883334,0.23722943,0.13891733,0.11473868,0.13201465,0.18037152,0.0774109,0.10619078,0.13451534,0.05777583
443,0.3930612,0.00682355,-0.0165859,0.25516041,-0.08437288,0.00522107,0.26413296,0.47303271,0.13951294,0.19754553,0.07782209,0.11782502,0.15263112,0.06618714,0.12942186,0.18309831,0.06302906,0.13080566,0.2298092,0.24722999,0.11924435,0.15062789,0.12989008,0.24689411,0.13148453,0.10942181,0.12327742,0.17320472,0.06717214,0.10106523,0.13127687,0.05054863
444,0.48752483,0.02160616,-0.03732304,0.27887238,-0.09385329,0.00921807,0.28875735,0.47780711,0.14899782,0.20552803,0.08883863,0.12730741,0.15761396,0.07912436,0.13562252,0.18632584,0.07243063,0.13896647,0.24882416,0.25659563,0.15146837,0.1557778,0.13319875,0.25785321,0.1488615,0.1243495,0.14607471,0.19291648,0.0875345,0.11507221,0.14124358,0.06844805
445,0.56609727,0.01371242,-0.02460863,0.30105462,-0.10087087,0.0060729,0.32731935,0.45780745,0.18589182,0.24876458,0.1177145,0.15542651,0.18704049,0.10254896,0.1632372,0.21646316,0.08897106,0.17150629,0.29072606,0.29571276,0.18403348,0.19066601,0.16201971,0.29966807,0.17858706,0.1454495,0.17171485,0.2270718,0.10792573,0.1369144,0.16576391,0.08571771
446,0.43652841,0.00312974,-0.01341567,0.26926149,-0.08837869,-0.00275104,0.28364448,0.47575853,0.13916545,0.20316218,0.08069205,0.10863114,0.13975322,0.05164968,0.12428186,0.18200953,0.05291276,0.12489591,0.22996841,0.25107775,0.11923216,0.15184133,0.12650067,0.25336835,0.13219184,0.10006138,0.11971917,0.17140412,0.06680052,0.08623388,0.11882597,0.03437302
447,0.49352636,0.01537558,-0.01764895,0.29589178,-0.09810843,0.00505456,0.30922262,0.51647028,0.17418793,0.23463011,0.1153629,0.14213098,0.17564367,0.09053377,0.15425831,0.21010596,0.09088042,0.15896956,0.27564445,0.29065778,0.16146607,0.18247621,0.15383924,0.29113653,0.16303044,0.12844223,0.15326014,0.2059913,0.10189211,0.12023834,0.15488382,0.06980123
448,0.45607591,0.03274786,-0.02722903,0.31172067,-0.10820948,0.0066346,0.33506978,0.4835342,0.18200463,0.24672935,0.11598741,0.14492638,0.1776065,0.09119102,0.16131352,0.2176041,0.0866289,0.16472516,0.2900771,0.30710719,0.17748831,0.19005347,0.15455358,0.30352836,0.17564715,0.13750095,0.16746909,0.22457455,0.10785193,0.12802846,0.1592462,0.07560937
449,0.53123087,0.00841573,-0.01726894,0.25533029,-0.08553194,7.91e-05,0.2612394,0.50225065,0.13364528,0.19715393,0.0737584,0.10212102,0.13449495,0.04613715,0.11639991,0.17529936,0.04537721,0.11857285,0.2147715,0.24269396,0.11130407,0.14384805,0.11824704,0.23611517,0.12692774,0.09457872,0.11545517,0.16520659,0.06411506,0.08189323,0.11458694,0.02967538
450,0.31704117,0.01435521,-0.00072082,0.26059206,-0.08591344,0.00137219,0.28739993,0.47707751,0.13472044,0.19349928,0.08067302,0.11635222,0.14292413,0.06764077,0.12870282,0.18137408,0.06373264,0.12441658,0.23484077,0.2545907,0.14474439,0.1462794,0.13091271,0.25393877,0.13494196,0.11283939,0.12633052,0.17445196,0.07797229,0.10040985,0.12677293,0.05460555
451,0.3162183,0.00392951,0.02214338,0.24143569,-0.07743801,-0.002835,0.25430206,0.48269496,0.12819798,0.18819578,0.07548872,0.10114175,0.13052775,0.04264218,0.11972189,0.17594091,0.05001588,0.11484925,0.21774409,0.24345405,0.11295044,0.14426987,0.12357234,0.24590907,0.12028904,0.09495442,0.10699948,0.15502915,0.06323158,0.0789324,0.11050377,0.0271771
452,0.53670896,0.02205527,0.00042832,0.29467955,-0.09596265,-0.00203585,0.30613025,0.51050237,0.15743617,0.22531498,0.08464843,0.12609109,0.17198603,0.06345021,0.14676245,0.21244664,0.06623545,0.14261023,0.24474605,0.27915655,0.13467758,0.16984125,0.14521461,0.26888826,0.1479456,0.11583683,0.13310326,0.19041945,0.07037902,0.10369161,0.14196174,0.04779253
453,0.20809076,0.00322982,-0.01505459,0.24417001,-0.08156442,0.00352722,0.2738984,0.43798311,0.13928621,0.19803229,0.08428259,0.1202121,0.15197714,0.06783466,0.13061995,0.18482132,0.06536044,0.1299209,0.2278325,0.23605877,0.12993466,0.14894823,0.13227774,0.24346762,0.13945665,0.11740028,0.13092474,0.18236918,0.08070999,0.10562863,0.13563086,0.05550053
454,0.40055737,0.01843721,-0.00172576,0.28078766,-0.09498272,0.003067,0.30172024,0.48317847,0.16765424,0.22956082,0.107085,0.13900125,0.17317782,0.08321687,0.15585241,0.21169602,0.09035664,0.15449411,0.26840351,0.2794807,0.15472322,0.17839821,0.15407964,0.28826932,0.16239066,0.13224988,0.15249931,0.20259094,0.10092567,0.12013468,0.15246437,0.0683897
455,0.14931793,0.0271115,0.01740261,0.2258764,-0.06778394,-0.00326679,0.23217145,0.48504259,0.1343211,0.19180721,0.09068213,0.10680379,0.1373989,0.05251473,0.12403355,0.17477769,0.06544528,0.12360417,0.21744622,0.22280256,0.10715593,0.14788546,0.1246172,0.24081666,0.13342066,0.10614813,0.12324094,0.16830465,0.08303169,0.09440043,0.12712409,0.04350154
456,0.47477482,0.01870258,-0.01018619,0.27395077,-0.09561748,0.0007823,0.31882803,0.50252522,0.16751911,0.22825804,0.1089685,0.12997801,0.16299766,0.07968499,0.14633738,0.1995039,0.07783735,0.151292,0.25146175,0.269532,0.14389668,0.17900889,0.14389874,0.27060725,0.16424909,0.12493274,0.15266096,0.20650804,0.103611,0.11623639,0.14753906,0.06472979
457,0.40350351,0.01721766,-0.02237294,0.32175196,-0.10071994,0.00821415,0.34312145,0.47442952,0.20697317,0.26998352,0.14619608,0.17554036,0.21321639,0.11794347,0.18756262,0.24702101,0.11917212,0.19583358,0.30741393,0.31405126,0.19014888,0.217187,0.1886202,0.32240945,0.19949994,0.16592975,0.19127826,0.24692396,0.13379246,0.15538639,0.18978574,0.10099576
458,0.51799731,0.01610773,-0.02085628,0.28069762,-0.09488971,0.00453454,0.2932833,0.47737974,0.16119642,0.22114141,0.09872127,0.12493331,0.16299307,0.07100504,0.13940395,0.19492092,0.06966285,0.14526033,0.25086965,0.26664136,0.13374101,0.17134634,0.13763142,0.26626213,0.15653054,0.11859361,0.14573017,0.19842606,0.08937577,0.1107196,0.14122222,0.05974053
459,0.47575908,0.02292782,-0.00138657,0.31005919,-0.09785057,9.514e-05,0.32286704,0.52202349,0.18141033,0.24647955,0.12461229,0.14483278,0.1822774,0.08748972,0.16534218,0.22441746,0.09772804,0.16789538,0.28421299,0.30536428,0.14921481,0.19202815,0.15848231,0.30295153,0.17664051,0.13811277,0.16640342,0.21850547,0.1128553,0.12967646,0.16650268,0.07401958
460,0.47355519,0.0326825,-0.00718093,0.29373004,-0.10174958,0.00632374,0.32386884,0.5122556,0.16022239,0.22319381,0.0964893,0.13446746,0.16719243,0.0780073,0.14887121,0.20758418,0.07780525,0.14773637,0.27154741,0.29200716,0.15799153,0.17062109,0.14843239,0.29001972,0.15283546,0.12862851,0.14315806,0.19538921,0.0862657,0.11588786,0.14756984,0.06263378
461,0.20491998,0.02019421,-0.00601116,0.24113667,-0.07859786,0.00240927,0.25630287,0.45373473,0.1330642,0.19191998,0.07763913,0.11066042,0.14316522,0.05715549,0.12393776,0.17660646,0.05697304,0.12172334,0.22221275,0.23468763,0.12328862,0.1419079,0.12446663,0.23980825,0.12043411,0.09837914,0.11306486,0.15968074,0.0624487,0.08647056,0.11600473,0.03892753
462,0.34656245,0.02202918,-0.02822143,0.32017831,-0.10254767,0.00397168,0.33630599,0.46684907,0.19763415,0.26105478,0.13570769,0.16272502,0.20167869,0.10801759,0.18085383,0.2390535,0.11217077,0.18278596,0.29963193,0.30761023,0.18627787,0.20665488,0.17482842,0.31471918,0.18235898,0.14898226,0.1740586,0.23184707,0.1147291,0.13780405,0.17760146,0.08582537
463,0.48783372,-0.00109302,-0.03268723,0.29682528,-0.09700801,0.00611812,0.29985105,0.4826712,0.16890889,0.22918066,0.10289483,0.136201,0.17053812,0.08207035,0.15042399,0.20910374,0.07810656,0.1524595,0.2670698,0.28782303,0.1643428,0.17489333,0.14630712,0.27936996,0.16355375,0.12676789,0.15384591,0.2059378,0.09495767,0.11692494,0.14794295,0.06844085
464,0.2841392,0.01464394,-0.00416252,0.25499179,-0.0787302,0.00141009,0.27783345,0.45569047,0.14703276,0.19931991,0.10016232,0.12140515,0.15409519,0.073187,0.13740448,0.18523153,0.08100044,0.13965085,0.23991388,0.24856909,0.12686479,0.15775393,0.13197173,0.25478763,0.14901419,0.1195191,0.14337078,0.1889648,0.09628967,0.11243779,0.14320988,0.06395955
465,0.36752218,0.02057435,-0.03800653,0.24944733,-0.08214003,0.0079641,0.25708634,0.44659905,0.12719487,0.18770052,0.07135614,0.11168155,0.14325332,0.06036463,0.118947,0.1715469,0.05437559,0.11985909,0.21770041,0.22563787,0.12297645,0.13459623,0.12168583,0.23038959,0.12856744,0.11137342,0.12201727,0.17202837,0.06600067,0.09872383,0.12647452,0.05029107
466,0.39102678,0.03269327,-0.0111255,0.26389754,-0.09052705,0.00452796,0.28455079,0.45604334,0.14630234,0.20314767,0.08984519,0.12529962,0.15960936,0.07554027,0.13840236,0.18729137,0.07505379,0.13758086,0.2391283,0.25225322,0.13089533,0.15354768,0.13524933,0.25240811,0.14571016,0.1257357,0.13809983,0.18764227,0.08471658,0.11555932,0.14304442,0.06641147
467,0.40824311,0.01329935,-0.0162632,0.28339673,-0.09345206,0.00090696,0.29198493,0.49969921,0.1609121,0.22427499,0.1025102,0.13194702,0.16295038,0.07569884,0.14541196,0.20377171,0.07496849,0.14709501,0.26134127,0.28101657,0.15479842,0.17045534,0.14458881,0.27856633,0.15565122,0.12378489,0.14680518,0.20035522,0.09350495,0.11270992,0.14615538,0.06051288
468,0.43774669,0.00997096,-0.01759727,0.28694028,-0.08960065,0.00346755,0.28181078,0.46432695,0.17505128,0.23949782,0.1119839,0.14306923,0.17735121,0.0850204,0.1567245,0.21498541,0.0875302,0.16204764,0.26461391,0.2785558,0.15833631,0.18272858,0.15567023,0.27953846,0.16906811,0.13626174,0.15941588,0.21345571,0.10608525,0.12285657,0.15524477,0.06882972
469,0.40285635,0.0206603,0.00454007,0.29190387,-0.09209887,0.00359519,0.28449454,0.49948728,0.16171241,0.22092488,0.10433233,0.14013242,0.17298121,0.08619737,0.15462993,0.21063467,0.08769801,0.14977291,0.26896874,0.29053613,0.15387801,0.17128433,0.1529744,0.28511148,0.15292693,0.13121152,0.14540193,0.1964988,0.09372633,0.12178537,0.153496,0.07208979
470,0.27452652,0.01796753,-0.01249591,0.29909169,-0.09508034,0.00220165,0.34068292,0.47075362,0.18340348,0.24346367,0.12466043,0.1574914,0.18949003,0.10611761,0.17306065,0.22592208,0.10693743,0.17310705,0.29144521,0.29774988,0.19142401,0.19245252,0.16987833,0.30535288,0.17766855,0.14699501,0.1712079,0.22040154,0.11861311,0.13551747,0.16528121,0.08727141
471,0.33314351,0.01920601,0.00996988,0.24956596,-0.07833073,0.00280867,0.27370988,0.45321854,0.15040938,0.20780245,0.09811315,0.12807792,0.16294269,0.0734411,0.14272119,0.19593582,0.07875054,0.14163399,0.23303079,0.24359668,0.13361988,0.1606953,0.14469827,0.25400049,0.14799048,0.12505117,0.13638712,0.18378909,0.08996818,0.11212857,0.14430377,0.0622305
472,0.24844877,0.02008251,0.01146302,0.28445745,-0.0887079,0.00124616,0.3035399,0.48193184,0.17525609,0.23098263,0.12182876,0.13877807,0.16638012,0.08994552,0.15881857,0.20642325,0.09645156,0.16163729,0.27050453,0.27767936,0.15972151,0.18250056,0.15002768,0.28651272,0.16719605,0.13161977,0.16046505,0.20678578,0.1112975,0.12185648,0.15239403,0.07452121
473,0.49514577,0.01300422,-0.01871179,0.29706102,-0.09396771,0.00465794,0.31183067,0.49225103,0.17521281,0.23050479,0.11166335,0.14388816,0.18068587,0.08983673,0.15528296,0.21099647,0.08760155,0.15907639,0.26654579,0.29160499,0.16553933,0.18398065,0.15590699,0.28055667,0.17054982,0.13830797,0.16041495,0.20733954,0.10572674,0.12972837,0.15786112,0.0816356
474,0.47876993,0.01189512,-0.02981503,0.26972953,-0.09565917,0.00789767,0.3022867,0.46643764,0.16206813,0.2184736,0.10562245,0.12874706,0.16009629,0.08254124,0.1406616,0.19123676,0.0795043,0.14599329,0.25375378,0.2654675,0.15556412,0.16623783,0.13499461,0.26258174,0.15639533,0.1235528,0.14948445,0.19992057,0.09894803,0.11558221,0.14364285,0.06756524
475,0.39267389,0.01271734,-0.02387185,0.24982026,-0.08418608,0.00545329,0.26679261,0.46016312,0.14562502,0.20443316,0.08871398,0.11963228,0.15429593,0.068382,0.13192459,0.18372561,0.06553102,0.13647579,0.22589863,0.2405934,0.12562414,0.15423139,0.13191812,0.24350025,0.14268824,0.11551971,0.13407516,0.18290729,0.08394164,0.10549682,0.13359696,0.05410712
476,0.69854118,0.02189377,-0.03116497,0.32791245,-0.10940236,0.00637377,0.32611151,0.47679187,0.18132996,0.24314602,0.11876746,0.14628873,0.18032261,0.09360014,0.16160818,0.21658108,0.09309492,0.16628803,0.28688925,0.30449517,0.18249278,0.1849045,0.15396183,0.29620421,0.17759845,0.14088589,0.17111404,0.22128165,0.113323,0.12897907,0.15975701,0.08123671
477,0.35844434,0.01529774,-0.0032001,0.25054203,-0.08253277,0.00422237,0.27404312,0.43487881,0.14677057,0.20605883,0.09134869,0.12628174,0.15974833,0.07130404,0.1389026,0.1902345,0.07425595,0.13890129,0.2326053,0.24341604,0.12867222,0.15865261,0.14147558,0.25140989,0.14469873,0.12638283,0.13519779,0.18611571,0.08558034,0.11407912,0.1435496,0.0619666
478,0.32757511,0.0260852,-0.01238044,0.25396852,-0.08256089,0.00323176,0.26895981,0.45419589,0.15114575,0.21087721,0.09442607,0.12603853,0.16598036,0.07153591,0.14216414,0.1953676,0.07639197,0.14243584,0.22877551,0.24677769,0.11969163,0.15978783,0.13791729,0.24498069,0.14949273,0.12446666,0.13936241,0.1909915,0.08549382,0.11552301,0.1477845,0.06171209
479,0.46202937,0.01282975,-0.00883517,0.30564126,-0.10340198,0.00401164,0.3552609,0.49719328,0.17879987,0.23986515,0.11303784,0.14755221,0.18412226,0.09004487,0.16298633,0.22454352,0.08861789,0.16287086,0.2850403,0.30409158,0.17738798,0.18986524,0.16293086,0.30383104,0.16934296,0.13607575,0.15737299,0.21133973,0.10161609,0.12358124,0.15831498,0.07247009
480,0.39150605,0.01182935,-0.02533853,0.26384736,-0.08470629,0.00485369,0.27491084,0.47264587,0.15591062,0.21719,0.10256879,0.12786767,0.16307175,0.07626765,0.14081034,0.19450111,0.07612717,0.14355431,0.24772443,0.25565371,0.14248754,0.16326434,0.13698834,0.26081583,0.1525021,0.12254409,0.14610692,0.19747771,0.09554318,0.1155766,0.14813373,0.06456862
481,0.25332554,0.01725188,-0.01334211,0.23234755,-0.07547434,0.00205853,0.2473799,0.46816353,0.15451712,0.21234302,0.10070319,0.11437188,0.14650315,0.06356582,0.13071174,0.18019457,0.06588676,0.14068776,0.21938877,0.22509528,0.11363963,0.16422993,0.12824188,0.23864267,0.15541048,0.11646817,0.14522109,0.19196842,0.09575648,0.10743335,0.13498645,0.05565054
482,0.24066771,0.02278658,0.01076804,0.27289159,-0.08868352,0.0006022,0.27936344,0.50442336,0.15742778,0.21314778,0.1073357,0.12785903,0.15686465,0.07563073,0.14626269,0.19936274,0.08526302,0.14302053,0.26247912,0.26897011,0.14247007,0.1678604,0.14243037,0.27981905,0.15752875,0.125715,0.1470463,0.19232746,0.10217184,0.11494012,0.14473686,0.06655542
483,0.49891085,0.01409913,-0.01477954,0.26787551,-0.08974204,0.00560617,0.2758697,0.47919957,0.15282217,0.21293803,0.09264736,0.12418057,0.15717504,0.07243386,0.13801436,0.19275427,0.07288156,0.13914947,0.2431423,0.256058,0.13801464,0.16130411,0.13688517,0.25881053,0.14798072,0.12086831,0.14003034,0.189069,0.08698254,0.11034729,0.13983049,0.06153417
484,0.41562069,0.00756955,-0.0220314,0.23605598,-0.08371936,0.00544407,0.27514422,0.43747732,0.13551988,0.19007792,0.0840274,0.10263982,0.12974067,0.05546102,0.11930012,0.16716452,0.05511268,0.12115367,0.21955516,0.22938085,0.11637045,0.14310375,0.11393215,0.23630488,0.13439666,0.10358762,0.12619906,0.17248104,0.07611427,0.09285401,0.11951649,0.04450197
485,0.36439717,0.01416596,-0.01275208,0.21529043,-0.07342561,0.00342135,0.22691587,0.43779032,0.12040982,0.17927833,0.06937665,0.10280573,0.13684269,0.04999016,0.11449915,0.16456051,0.05100229,0.11609328,0.19671549,0.20478459,0.08822928,0.13254738,0.11787911,0.21671539,0.12466099,0.10647725,0.11499033,0.16434823,0.06695097,0.09588621,0.12412154,0.04325835
486,0.10100288,0.01332178,-0.03322694,0.25137494,-0.08102002,0.00742362,0.26613942,0.43833661,0.15573897,0.21350312,0.10527767,0.12997532,0.16237973,0.08006841,0.14071009,0.19118745,0.07949577,0.14845258,0.24293816,0.23759771,0.1391917,0.16228999,0.13736614,0.25275948,0.15706922,0.12850412,0.15298612,0.20326879,0.10188583,0.11979039,0.14828471,0.06927383
487,0.26195793,0.01326147,0.00355583,0.24797079,-0.07593708,-0.00161207,0.26982446,0.47510044,0.1389191,0.20058475,0.08506772,0.11791663,0.15137762,0.061516,0.13352313,0.1878341,0.06570177,0.13065738,0.2238833,0.24313879,0.12646505,0.15144357,0.13409632,0.2445691,0.13418351,0.11249031,0.12376737,0.17698476,0.07655206,0.10125649,0.13479814,0.04932904
488,0.27249443,0.0122041,-0.01963647,0.28398774,-0.09515796,0.00867173,0.31466184,0.43847681,0.1730162,0.22620105,0.12000827,0.15220879,0.18574455,0.10029423,0.16236237,0.21156849,0.10138543,0.16623208,0.28340305,0.27557611,0.17280462,0.18455455,0.16479102,0.29804241,0.17254865,0.14673914,0.16798264,0.21046135,0.12049629,0.13328022,0.15983681,0.08840184
489,0.3209507,0.016124,-0.02640133,0.25914653,-0.08717647,0.00800977,0.2833185,0.44848965,0.16346184,0.22057533,0.11075674,0.12950581,0.16148983,0.07878384,0.14212398,0.19356087,0.07817377,0.15118559,0.24719747,0.24784976,0.12752654,0.16990267,0.13925038,0.26102406,0.16024788,0.12592605,0.15232466,0.20214162,0.10127932,0.11781205,0.14493921,0.06500634
490,0.31380062,0.02509455,-0.02161929,0.24795783,-0.0794194,0.00217414,0.26455,0.44520056,0.1427805,0.20234321,0.08650969,0.11684401,0.15461888,0.06272669,0.1304632,0.18288056,0.0642724,0.13303212,0.2160255,0.2286388,0.10926199,0.15018045,0.12695113,0.23114522,0.1446389,0.11719231,0.13491799,0.18651581,0.08014563,0.1085889,0.14117804,0.05522852
491,0.32419006,0.00965493,-0.02158396,0.25198396,-0.08146769,0.00604399,0.27939247,0.44887735,0.14222235,0.19872908,0.08232196,0.11245798,0.14297798,0.06682822,0.12597949,0.17701781,0.05865338,0.12805457,0.22496361,0.23932031,0.13400683,0.14707821,0.12108232,0.23594758,0.13921412,0.10985551,0.13239965,0.18019266,0.0758821,0.10201027,0.12674586,0.05703914
492,0.35276795,0.00785625,-0.02838586,0.26709767,-0.08659546,0.00466574,0.26307035,0.45229225,0.16383788,0.22453318,0.102671,0.12780972,0.16303842,0.07315134,0.14199092,0.19813088,0.07384957,0.14996172,0.24822175,0.25266115,0.13719669,0.17230824,0.13947187,0.26190959,0.15993787,0.12008054,0.1509229,0.20234927,0.09498619,0.11205867,0.14220923,0.0608696
493,0.43605559,0.00673258,-0.02110655,0.26123959,-0.08443969,0.00513715,0.26769134,0.48882643,0.15457357,0.2089956,0.09582368,0.12594579,0.15900535,0.0750776,0.13627981,0.18925633,0.07053728,0.14133884,0.22872958,0.25045642,0.13306252,0.16338171,0.14019084,0.2462329,0.15474715,0.12334916,0.14332573,0.18981384,0.09204664,0.11296791,0.14125777,0.06641399
494,0.44971406,0.02145532,0.01320311,0.30493872,-0.09392962,-0.00395342,0.31047848,0.49504991,0.17344254,0.23933035,0.10617873,0.14372065,0.18799868,0.0821436,0.1670637,0.22974998,0.09199622,0.16247362,0.26624049,0.29143476,0.15135232,0.18622126,0.1622843,0.28972523,0.16697677,0.13706106,0.15505556,0.20891792,0.09726456,0.12461361,0.16260322,0.06985524
495,0.03532928,0.0079948,0.01740113,0.22998978,-0.06780852,-0.00301854,0.2532463,0.47901473,0.14027178,0.19823954,0.09488162,0.10932222,0.1340528,0.05623367,0.12503619,0.17679719,0.06340202,0.12850013,0.21891728,0.23160068,0.1206172,0.15275481,0.1267017,0.24147355,0.1336229,0.10228701,0.1232081,0.17097169,0.08255171,0.08961786,0.12141193,0.03838336
496,0.46029997,0.01139465,-0.02856399,0.25430389,-0.09179087,0.00812564,0.27319744,0.47223398,0.13155444,0.18842385,0.0727103,0.10931429,0.14221361,0.05915063,0.11809672,0.17078019,0.05226607,0.12211687,0.22601099,0.24041393,0.11230404,0.13833204,0.11724777,0.23774593,0.13114185,0.10548668,0.12440325,0.17357025,0.06953088,0.09800359,0.12634177,0.04860237
497,0.25082765,0.01518799,-0.00779711,0.21838191,-0.07434755,0.00535679,0.23309799,0.43232751,0.12456526,0.17878867,0.07559236,0.10319831,0.13482462,0.05390241,0.11680056,0.16228258,0.05805392,0.1171398,0.20783638,0.20964509,0.10287179,0.13192647,0.114442,0.22217523,0.12631175,0.10461236,0.11855979,0.16360524,0.07097258,0.09456929,0.12281481,0.0465065
498,0.33193423,0.02522678,-0.01225853,0.25875058,-0.08372682,0.00067554,0.28121774,0.45017387,0.15016592,0.21529104,0.0885265,0.12562284,0.16287995,0.06783202,0.1399762,0.19637934,0.06903158,0.14043667,0.2371719,0.25009189,0.12799535,0.15876848,0.13753497,0.25228506,0.14732039,0.12106404,0.13715559,0.19343471,0.08074469,0.11097003,0.14560483,0.05558443
499,0.50894529,0.01481254,-0.0036347,0.2992678,-0.10013901,0.0057305,0.33716131,0.45630287,0.17972409,0.24421406,0.1167704,0.15606269,0.19121443,0.09918463,0.17110617,0.22893809,0.09903703,0.16888994,0.28688106,0.2973196,0.17897175,0.19114823,0.17088505,0.30437011,0.17171672,0.15008159,0.16322337,0.21835727,0.10702429,0.13689918,0.1684019,0.08439647
500,0.45640725,0.0253159,-0.00523986,0.3048065,-0.09551998,0.00115076,0.33516743,0.45693942,0.19719508,0.26116381,0.13444651,0.16161516,0.20012461,0.10246143,0.17978627,0.23705917,0.1087106,0.18445088,0.29862665,0.29976695,0.18290639,0.20501738,0.17468688,0.31291067,0.18576558,0.14941516,0.17755377,0.22951883,0.12066902,0.1374928,0.17243988,0.08305057
501,0.54365376,0.01174046,-0.00868397,0.28660933,-0.09154398,0.00177835,0.32101064,0.45970196,0.16576809,0.22793089,0.10102661,0.13918259,0.178549,0.08375807,0.15514989,0.21433711,0.08462964,0.15396197,0.26350836,0.27984578,0.15918898,0.17650324,0.154278,0.28110423,0.15025442,0.12667259,0.14176608,0.1963113,0.08364775,0.11557382,0.15152938,0.0634368
502,0.22768587,0.0136223,-0.01064819,0.21700894,-0.06938542,0.00374631,0.2303149,0.4375548,0.12181661,0.17756325,0.07499736,0.10876461,0.14137712,0.0560157,0.11840213,0.16594014,0.05849519,0.11863111,0.19806223,0.20455149,0.09609966,0.13316798,0.1232466,0.21792182,0.12362197,0.1103092,0.11483821,0.16256808,0.07081214,0.09839231,0.12768486,0.04807389
503,0.62217867,0.01482602,-0.02225501,0.33687005,-0.11176916,0.00122355,0.37692459,0.50797971,0.19607981,0.26225,0.12811641,0.15416397,0.19595481,0.09278845,0.17275219,0.23794143,0.09349445,0.1760701,0.29734539,0.32702189,0.17647095,0.20734917,0.17111018,0.3174106,0.18506275,0.1410819,0.17053363,0.22654713,0.11059847,0.12856479,0.16666194,0.07397367
504,0.61841855,0.03566097,-0.02319661,0.32173769,-0.10598908,0.00436254,0.35630899,0.48074278,0.20067306,0.26201021,0.13626715,0.16712812,0.20336832,0.11475054,0.18380442,0.2378102,0.11526388,0.18814575,0.31065815,0.31724601,0.19725327,0.20694157,0.17746523,0.32119188,0.18939244,0.15597395,0.18208906,0.23320389,0.12216393,0.14539581,0.17661186,0.09615131
505,0.31788978,0.00381346,-0.03473825,0.27224866,-0.08741951,0.00410717,0.29740793,0.46487375,0.16245798,0.22267564,0.10348892,0.13096126,0.16645884,0.0771239,0.14965527,0.20291879,0.08083488,0.14948911,0.25837632,0.26355334,0.14716252,0.1707053,0.14392485,0.27599715,0.1515439,0.1203231,0.1426035,0.193077,0.09065003,0.11034838,0.13919816,0.06180449
506,0.38930705,0.01936878,-0.00022213,0.32801655,-0.10942006,0.00250029,0.38069351,0.51209143,0.2031126,0.26798587,0.13508111,0.16430731,0.2000878,0.10693031,0.18471997,0.24625723,0.10599867,0.18364837,0.30595167,0.32717062,0.196191,0.21464311,0.18136187,0.32740267,0.19307055,0.15330507,0.17887155,0.23664412,0.12131983,0.13977065,0.17433519,0.08690448
507,0.50316684,0.01994249,-0.00491312,0.32627751,-0.10802861,0.0001714,0.36713783,0.48832002,0.21181485,0.27831206,0.14415439,0.17625388,0.21132214,0.1176854,0.1940963,0.25375494,0.11967647,0.19669789,0.31450549,0.32860401,0.19957681,0.22173765,0.19089052,0.33172095,0.19838681,0.16142204,0.18613935,0.24578777,0.12772735,0.14849519,0.18502579,0.09342322
508,0.49455909,0.01849365,-0.02148757,0.25018496,-0.08444405,0.00322775,0.26143614,0.48879615,0.13801175,0.19551338,0.08415725,0.11171729,0.14457322,0.06188626,0.12426527,0.17612903,0.06047133,0.12671838,0.22159134,0.23990119,0.11865678,0.14743186,0.12415385,0.23793689,0.13384395,0.10670604,0.12469064,0.17225616,0.07471309,0.09763667,0.12712665,0.04873246
509,0.24870084,0.00329571,-0.02024264,0.25314503,-0.08930746,9.93e-06,0.29846787,0.46794379,0.15293653,0.21331566,0.09175401,0.10944902,0.14170756,0.05780686,0.12944576,0.18618267,0.05552973,0.13385299,0.24036421,0.25303676,0.13630673,0.16227271,0.1217615,0.25667492,0.15180802,0.10363484,0.14035265,0.19494816,0.08318317,0.09487838,0.12752688,0.04406544
510,0.47382094,0.02731754,-0.01504408,0.2839523,-0.09473846,0.00686583,0.29401215,0.47875053,0.1648962,0.22407225,0.10455821,0.14321922,0.17693709,0.09119692,0.14902008,0.20387329,0.08437083,0.15309927,0.25793207,0.26829336,0.15957955,0.16933162,0.15228652,0.26872057,0.15767349,0.13576801,0.15030409,0.20104409,0.09590602,0.12398563,0.15410042,0.07417408
511,0.42685186,0.01009511,-0.02489014,0.28200859,-0.09255489,0.00493272,0.30303788,0.46032962,0.16727671,0.23108956,0.10463883,0.13830681,0.17758562,0.08108753,0.15374284,0.21286052,0.08133923,0.15403516,0.26501535,0.27310666,0.14686933,0.17571893,0.15041276,0.28121224,0.16133735,0.13354995,0.15071777,0.20828143,0.09421772,0.12402698,0.15686796,0.06873699
512,0.32903122,0.00403727,-0.00466596,0.24673691,-0.08102673,-0.00012617,0.25636754,0.46948074,0.131491,0.19045455,0.07572947,0.09706802,0.12774427,0.04476708,0.11768961,0.16995704,0.04930009,0.11717367,0.21493709,0.23089275,0.1052261,0.1431764,0.11304126,0.23609391,0.13004686,0.0929276,0.11815859,0.16699712,0.06794029,0.08288253,0.11272954,0.03271958
513,0.35350298,0.00763541,-0.02592375,0.27762278,-0.0870329,0.00171436,0.29115534,0.4705507,0.17367489,0.23120319,0.12017423,0.14184547,0.17291762,0.09096199,0.15741868,0.20879251,0.0955491,0.1578298,0.26791358,0.27698481,0.16782158,0.18071293,0.15306818,0.28192185,0.1619639,0.12842963,0.15330761,0.20147547,0.10597712,0.11820764,0.15024213,0.07070486
514,0.35166524,0.01900925,-0.02273104,0.26689146,-0.08651415,0.00165621,0.28788103,0.47452328,0.1717061,0.22628307,0.11709865,0.13262744,0.16715643,0.08352873,0.14882103,0.19607168,0.08642305,0.15574975,0.25715557,0.25643029,0.13730885,0.17885257,0.14342471,0.27054397,0.16813384,0.12939577,0.16049337,0.20692224,0.10876179,0.12143163,0.14879577,0.07419116
515,0.25496484,0.01652191,-0.00152109,0.22633162,-0.07774042,0.00311837,0.24211617,0.44620204,0.11749009,0.17814883,0.06102733,0.09741947,0.13088724,0.041615,0.1118307,0.16500531,0.04411635,0.108275,0.19876965,0.21844607,0.09586569,0.12964183,0.11316456,0.22072344,0.11874868,0.09730585,0.10640609,0.15791561,0.05611248,0.08627334,0.11525206,0.03320271
516,0.31850848,0.00487992,0.0045032,0.27244103,-0.09315861,0.00274557,0.30679701,0.47007562,0.16159729,0.21962727,0.09681595,0.13157811,0.16380942,0.07980432,0.14750991,0.20140837,0.07734122,0.14617781,0.25607429,0.27023888,0.15250693,0.16973696,0.14414512,0.27164314,0.15222504,0.12249568,0.14248104,0.19219755,0.08792247,0.1112692,0.14220802,0.06299952
517,0.18122998,0.02360098,0.03066125,0.24116627,-0.07722034,-0.00492873,0.27654992,0.47468441,0.12526962,0.19195399,0.07286294,0.10038134,0.1227808,0.03823576,0.11759024,0.17673832,0.04543835,0.11465113,0.22017047,0.23984034,0.1176463,0.1425803,0.12314752,0.24988264,0.12287564,0.09501388,0.10852851,0.16029882,0.06295755,0.07601574,0.10834787,0.01992954
518,0.41291768,0.0154956,-0.00321831,0.27217454,-0.0897397,0.00114821,0.30404239,0.45775036,0.16712824,0.22815288,0.1074015,0.13455821,0.17017932,0.08080581,0.15409561,0.20772278,0.08474746,0.15421093,0.2534647,0.26768701,0.14513607,0.17855719,0.15039994,0.27331562,0.16074219,0.1287463,0.14886577,0.20070774,0.09620786,0.11836259,0.14958713,0.067353
519,0.31255747,0.01355317,-0.01027835,0.27429068,-0.09008382,-0.00049729,0.30532807,0.46393779,0.13848559,0.20119366,0.07808216,0.1075139,0.14060172,0.05283136,0.12702017,0.18360638,0.0539778,0.1224671,0.22713637,0.24932647,0.12409371,0.14870646,0.12219619,0.24736971,0.13582797,0.10234118,0.12387785,0.17673306,0.06956461,0.08953267,0.12060264,0.04034232
520,0.55971483,0.021213,0.00634262,0.33444759,-0.1057609,0.00345995,0.35444876,0.47182998,0.20705583,0.26840275,0.1430426,0.18024657,0.22229904,0.12214707,0.19815732,0.25534306,0.1295812,0.19617178,0.31577572,0.33041718,0.19381487,0.21761543,0.19401362,0.33101171,0.19528832,0.17112166,0.18729706,0.241249,0.13001634,0.1601552,0.19675231,0.10790721
521,0.35338685,0.01766054,-0.0094034,0.25151788,-0.0812063,-0.00079424,0.28079364,0.4636642,0.13505383,0.19787708,0.08382718,0.10822155,0.13914424,0.05146488,0.12300398,0.17883842,0.05570529,0.12409393,0.22734554,0.24096017,0.12455625,0.14638193,0.12372649,0.24800009,0.13412518,0.10365889,0.12385763,0.17412094,0.07594544,0.09107879,0.12278163,0.03866124
522,0.49718917,0.02795901,-0.03360836,0.3431551,-0.11098429,0.00716125,0.38464728,0.48257921,0.22088946,0.28819124,0.14701657,0.17460897,0.21144878,0.11859429,0.19222648,0.25460567,0.11631135,0.20233502,0.32260281,0.33439245,0.21651868,0.22816573,0.18547669,0.33580717,0.20412884,0.15859827,0.19691196,0.25382345,0.13024712,0.14788243,0.18074253,0.0947848
523,0.2883156,0.01769061,-0.01378688,0.24150263,-0.07892345,0.0011443,0.24972531,0.44487801,0.13208571,0.19495859,0.07626945,0.10713319,0.14287387,0.04884452,0.1193217,0.17490726,0.04803251,0.12295776,0.20518127,0.22454003,0.10320563,0.14288006,0.12216042,0.22486612,0.1305381,0.10355809,0.1199547,0.17277676,0.06708425,0.09108425,0.12382662,0.03666372
524,0.33971906,0.01917651,0.00175298,0.27330985,-0.08876276,0.00111415,0.30056859,0.47923226,0.15887374,0.21858428,0.10247929,0.12079715,0.14814938,0.06985674,0.13897963,0.18947386,0.07346167,0.14162395,0.24857165,0.25640909,0.14088978,0.16797455,0.13430683,0.26646112,0.15182624,0.11285593,0.14304801,0.18796019,0.09307207,0.10125689,0.12980638,0.05324592
525,0.43323144,0.01413788,-0.02764889,0.27273146,-0.08802414,0.00439127,0.29695585,0.468537,0.1712724,0.23151131,0.11210911,0.13237721,0.17048193,0.07703547,0.15016165,0.20500384,0.08081155,0.1576519,0.24606106,0.26425039,0.13652546,0.18120324,0.14591096,0.26420669,0.16801918,0.12851046,0.15687731,0.21063846,0.10316346,0.11915972,0.15233245,0.06591602
526,0.28118508,0.00862974,-0.00649206,0.24050254,-0.08101466,0.00186113,0.23896988,0.46567095,0.13211835,0.1869863,0.08104972,0.10559339,0.13390865,0.05856821,0.12137449,0.1710929,0.06257552,0.11901632,0.22430671,0.23417839,0.1198002,0.13900373,0.11560544,0.23914879,0.12973577,0.10000876,0.12117174,0.16578702,0.0745493,0.09186845,0.11888115,0.0454423
527,0.33922213,0.04273999,0.00054212,0.26061247,-0.08556858,0.00118848,0.28511186,0.48496004,0.14851768,0.20886446,0.08898547,0.12478498,0.15969946,0.07172872,0.14149199,0.19293614,0.07408101,0.13807142,0.23277872,0.25149724,0.12735046,0.15925931,0.13962385,0.25404509,0.14552899,0.12218707,0.13394555,0.1862772,0.07965515,0.1114326,0.14257238,0.05860218
528,0.53923974,0.00678559,-0.03979971,0.2973554,-0.10163175,0.0126356,0.3021142,0.49912409,0.16899974,0.22884262,0.10910676,0.14238763,0.17501938,0.08865848,0.15157674,0.20982218,0.08535598,0.15571676,0.27027984,0.28884945,0.15873469,0.17629986,0.1528594,0.28378573,0.16162474,0.13382621,0.15311597,0.20493935,0.09903746,0.12283487,0.15429974,0.07267487
529,0.35964342,0.02240648,-0.01695372,0.29943426,-0.1016928,0.0038176,0.33955248,0.45367525,0.18146421,0.24698387,0.1152821,0.14269452,0.18169993,0.08596999,0.16209912,0.21964489,0.08788308,0.16441196,0.27447195,0.28896077,0.16409011,0.18953152,0.15445268,0.29046746,0.17236183,0.13357063,0.16161131,0.22058884,0.10314552,0.12303479,0.15889099,0.06824976
530,0.44090861,0.02661882,-0.01384178,0.28643878,-0.09503967,0.00197061,0.30106466,0.48348447,0.15647839,0.22171706,0.09327358,0.13185132,0.16866708,0.07396515,0.14805219,0.20363244,0.07545728,0.14457993,0.25469751,0.27435756,0.14347319,0.16652613,0.14489159,0.27229321,0.14927913,0.12190234,0.13829254,0.19232072,0.08021102,0.11113347,0.14431075,0.05866621
531,0.41507403,0.00891001,-0.03880308,0.23056721,-0.0764667,0.0040905,0.25750409,0.41916617,0.13603391,0.19663873,0.08018812,0.10800398,0.14039681,0.05815571,0.12200763,0.17206938,0.05627335,0.12599519,0.20720924,0.21778306,0.11414687,0.14181915,0.1163712,0.219583,0.13751522,0.10865081,0.13135233,0.18350171,0.07667085,0.09900926,0.12854881,0.04901421
532,0.25113074,0.01025214,-0.00689499,0.24006693,-0.07446488,-0.00355348,0.26656194,0.46083733,0.14221823,0.20582975,0.08701979,0.10914217,0.14122178,0.05134031,0.12434566,0.18057185,0.05278263,0.12472785,0.22120079,0.23351249,0.12136954,0.15389083,0.12568123,0.24306115,0.13509622,0.10181361,0.12225737,0.17650689,0.07175205,0.08938216,0.12355993,0.03567439
533,0.44017408,0.00493861,-0.01081705,0.29890898,-0.09364994,0.00425833,0.33294887,0.47440932,0.2080467,0.27169801,0.14534669,0.1695908,0.20713544,0.1104414,0.18354782,0.24196636,0.11309877,0.19607287,0.29583812,0.30164936,0.18002293,0.21867948,0.18346671,0.31181712,0.19782382,0.15986227,0.18909956,0.24375219,0.13553872,0.14994844,0.18381695,0.09443324
534,0.39297647,0.00304985,-0.03585541,0.23693207,-0.07971594,0.00883827,0.23907123,0.45077582,0.1152807,0.1727431,0.05662663,0.09643363,0.12614402,0.04798124,0.10566395,0.15613886,0.03963868,0.10322776,0.20794158,0.22536857,0.11417547,0.11896239,0.10275288,0.21823636,0.10634679,0.08711116,0.10268834,0.15100018,0.04770056,0.08040278,0.10434773,0.03333161
535,0.5504088,0.01822601,-0.02272894,0.27605149,-0.09298641,0.00652771,0.29779101,0.48018327,0.16179818,0.21938842,0.10269944,0.13440474,0.16987822,0.08289199,0.14614749,0.19950577,0.08011512,0.14981078,0.25259797,0.26333427,0.14488223,0.16988081,0.14606619,0.26718177,0.15379314,0.12702634,0.14650357,0.19474661,0.09206936,0.11739543,0.14956997,0.06770382
536,0.39211515,0.00401287,-0.02266866,0.24532592,-0.07976075,0.00271705,0.2394422,0.48398055,0.11543251,0.169212,0.06343684,0.08893941,0.11852208,0.04363557,0.10215791,0.1524262,0.04122728,0.10068266,0.20038892,0.22356757,0.10554329,0.12312085,0.09970165,0.21510838,0.11580969,0.08531006,0.10813439,0.15316051,0.05949861,0.07798853,0.10553568,0.03538424
537,0.58850256,0.03541503,0.01567786,0.351329,-0.11182043,-0.00213733,0.37766248,0.486626,0.21587212,0.27819145,0.15241125,0.17772216,0.21580418,0.11967833,0.19938148,0.25808657,0.12814736,0.19877016,0.32685368,0.34096233,0.20571322,0.22772188,0.19475895,0.34720596,0.20828976,0.1693301,0.19603564,0.24990743,0.14145626,0.15509527,0.18953638,0.1059147
538,0.56807055,0.01108699,-0.04003274,0.26792581,-0.09045779,0.00478257,0.28027885,0.48669949,0.14748914,0.20781794,0.08636424,0.1174621,0.15039262,0.06786946,0.12816399,0.18208574,0.06431428,0.13528531,0.23811538,0.25333346,0.12795518,0.15262435,0.12552978,0.24808441,0.14443971,0.11331527,0.13621784,0.18680147,0.07665924,0.10487794,0.13758681,0.05389252
539,0.27044738,0.00444801,-0.02023042,0.21062169,-0.06684637,0.00047444,0.22441023,0.43409217,0.12776122,0.18439701,0.0798093,0.10299312,0.13429717,0.05184217,0.11485583,0.16295333,0.05567836,0.1185403,0.19841545,0.20089661,0.09296626,0.13816907,0.11634695,0.21591102,0.13092414,0.10301139,0.12117277,0.16785281,0.07480679,0.09240502,0.12101535,0.04177842
540,0.39599285,0.01797417,0.00400268,0.26978792,-0.08713828,0.00196854,0.30482703,0.48012985,0.16752011,0.22616908,0.11222119,0.14281523,0.17447084,0.08793371,0.15599479,0.20904027,0.09066271,0.15783634,0.26053502,0.26798228,0.15305446,0.18019985,0.16025414,0.28134222,0.16008715,0.13590447,0.15155898,0.19792145,0.10468488,0.12169534,0.15110786,0.07170395
541,0.57374037,0.02146248,-0.00616247,0.28630782,-0.09330224,0.00447892,0.29018481,0.46536047,0.1671213,0.2268308,0.10722691,0.1462816,0.18455094,0.08974078,0.15824875,0.21279289,0.09262731,0.15795277,0.26380578,0.27555319,0.14893419,0.17834451,0.16202608,0.28295304,0.16348495,0.14342573,0.15217113,0.20216539,0.10071174,0.13067591,0.16180733,0.07978005
542,0.46491349,0.00812979,-0.0047002,0.26873995,-0.08766982,0.00030301,0.29056992,0.48029823,0.15759453,0.21955111,0.10201349,0.13286127,0.16666634,0.07651471,0.1467776,0.20236195,0.07944222,0.14791701,0.24983601,0.26715631,0.14542016,0.16894633,0.14954711,0.27004821,0.1503113,0.12479696,0.13908996,0.18967687,0.09238872,0.11107477,0.14590392,0.05976636
543,0.15786281,0.02567335,0.02447413,0.24025785,-0.07392385,-0.00662283,0.27267885,0.47311667,0.13527131,0.20099944,0.08419109,0.10361818,0.13394931,0.04266205,0.12380191,0.18141283,0.05279153,0.12331726,0.21426544,0.23474915,0.11054004,0.15082819,0.12512657,0.24313155,0.132412,0.09934432,0.11879114,0.17121826,0.07310204,0.08416372,0.12048913,0.02676237
544,0.30901497,0.01657387,-0.02360658,0.25534724,-0.08326269,0.00594499,0.26713073,0.4607421,0.15189854,0.20444747,0.10373249,0.11831945,0.14613795,0.07176587,0.13017193,0.18122257,0.07278774,0.13820556,0.24157573,0.24391204,0.13819359,0.15619127,0.12581041,0.25104104,0.14567882,0.11226346,0.14096648,0.18581284,0.09299248,0.10308187,0.13126918,0.05548568
545,0.31096829,0.02495443,-0.01658807,0.25497563,-0.08290487,0.00293382,0.2828035,0.42704015,0.16124596,0.21959674,0.1061947,0.13977987,0.17295759,0.08592878,0.15350267,0.20302468,0.08784293,0.1541462,0.25701791,0.25777698,0.1538406,0.17148012,0.1532643,0.27265789,0.15187026,0.12776209,0.14328644,0.19100296,0.09216279,0.11684018,0.1477051,0.06592387
546,0.47299995,0.01688897,-0.0078808,0.29250445,-0.09305454,0.00613433,0.30810835,0.49843978,0.17739726,0.23811084,0.11874169,0.15336855,0.18989284,0.09855815,0.16661388,0.22423915,0.10080237,0.16733164,0.27134612,0.29155242,0.1605903,0.18944353,0.1680734,0.28908697,0.17148219,0.1458587,0.1612162,0.21285654,0.11058779,0.1363078,0.17048801,0.08489596
547,0.43140294,0.00518846,-0.01488059,0.28370676,-0.08570113,-0.00098506,0.30277704,0.46535875,0.17210037,0.23381148,0.11556369,0.14088422,0.17557734,0.0867275,0.15735044,0.21234616,0.08943282,0.16123607,0.26533982,0.27451663,0.16308002,0.18149191,0.15494827,0.28165387,0.16072932,0.12492095,0.15322254,0.2016022,0.10183752,0.11299839,0.14852501,0.06447567
548,0.21865549,0.02963154,-0.01724623,0.28143567,-0.09552843,0.00464321,0.30224504,0.4594618,0.1687253,0.22740758,0.10343911,0.14205048,0.1750366,0.09162433,0.15405299,0.20722572,0.08666812,0.15359536,0.26863381,0.27246467,0.17269618,0.17383369,0.15024039,0.27853397,0.15896278,0.13085867,0.15251449,0.20526764,0.09243094,0.11867774,0.1489595,0.07058781
549,0.15196715,0.02697407,-0.00069947,0.26802601,-0.08412416,0.00207503,0.29718802,0.46900415,0.1565749,0.21663007,0.10404277,0.1268933,0.15541928,0.07493287,0.14447907,0.19720651,0.078248,0.14367847,0.24837269,0.2596484,0.14108639,0.16582347,0.14003478,0.26646536,0.15387321,0.12127669,0.14432948,0.19575097,0.09452222,0.10986761,0.14223915,0.05836551
550,0.32258419,0.01910416,-0.00713139,0.22347865,-0.07538225,0.00303441,0.25657176,0.44015468,0.12845335,0.18211094,0.07762164,0.10909547,0.13796683,0.06295354,0.11943605,0.16404731,0.05873017,0.12005737,0.20745522,0.21837774,0.12061026,0.13732046,0.12061935,0.22207628,0.12968114,0.10998651,0.12092859,0.1677256,0.07494985,0.09925125,0.12618839,0.05403447
551,0.15099436,0.03442588,-0.01301487,0.25047802,-0.08040102,0.00434281,0.26618436,0.45620179,0.1583009,0.21716234,0.10330895,0.12740456,0.16009172,0.07681403,0.14135017,0.18883025,0.07800792,0.14584162,0.24489784,0.24206148,0.13625882,0.16444949,0.13612121,0.25769481,0.15588739,0.12439774,0.14890856,0.1991242,0.0953763,0.11697882,0.14596965,0.06622667
552,0.22817002,0.02059964,-0.02152306,0.26272889,-0.09159992,0.01011492,0.29559683,0.45602286,0.15963603,0.21167341,0.10355029,0.13099513,0.15804431,0.08802112,0.14426791,0.18957619,0.08481591,0.14644787,0.25622624,0.25956809,0.14904276,0.16406899,0.13661562,0.26475821,0.16008549,0.12984397,0.15503147,0.19961955,0.10169114,0.12226282,0.14458657,0.07825699
553,0.41717149,0.01849167,0.00365302,0.30838733,-0.09962567,0.00190474,0.32106314,0.49725825,0.20267251,0.26145459,0.14485786,0.17362582,0.21284338,0.11868947,0.19137355,0.24510002,0.12678914,0.18960219,0.31380301,0.31754784,0.18664942,0.2113382,0.18502257,0.32679715,0.19528216,0.16601411,0.18625833,0.2382081,0.13699991,0.15761172,0.19254268,0.10705238
554,0.41605274,0.02836352,0.00882981,0.28434143,-0.09174572,0.00066607,0.31021572,0.45723579,0.18010112,0.24031043,0.12455645,0.15298587,0.18484265,0.09837603,0.17053714,0.2220294,0.10607919,0.16965611,0.27178357,0.28546854,0.1666048,0.1909889,0.16724932,0.29137236,0.17557363,0.1513802,0.16589519,0.21766377,0.11689397,0.13855019,0.17027602,0.08517679
555,0.32631812,0.00147911,-0.01057743,0.24748721,-0.08142926,0.00054763,0.29529287,0.46806628,0.15786724,0.21623235,0.10469063,0.11725737,0.14479924,0.06703563,0.13344101,0.18531271,0.06754946,0.14121527,0.23493493,0.24379747,0.13330149,0.16955982,0.13312849,0.25660396,0.15486645,0.11147047,0.14341667,0.19266614,0.09576611,0.09973966,0.13086569,0.0498675
556,0.23932222,0.01942478,0.0070193,0.27012234,-0.08359091,-0.00053151,0.28143271,0.46943622,0.16573729,0.22592947,0.1170668,0.1366748,0.16795042,0.08015456,0.15349564,0.20597356,0.09113755,0.1549383,0.25210928,0.26325665,0.14033159,0.17852588,0.15282834,0.27379391,0.16354147,0.13067151,0.15207955,0.20019058,0.10836964,0.11851207,0.15251237,0.06631932
557,0.21386783,0.02262228,0.00103873,0.27604743,-0.08868312,-0.00046029,0.28621766,0.49058783,0.15437023,0.21719337,0.09046443,0.12188748,0.15811046,0.06505874,0.13955747,0.19622539,0.06453303,0.13852406,0.24367041,0.26080216,0.13321149,0.1639398,0.13526359,0.26150001,0.1464442,0.11451633,0.13540713,0.19160202,0.07787512,0.10481199,0.13987608,0.05153198
558,0.51405558,0.02432175,-0.02255811,0.28201812,-0.09616476,0.01019705,0.30350087,0.4665332,0.16295943,0.21916033,0.10267448,0.13553863,0.16875678,0.08547703,0.14638608,0.1987698,0.08070542,0.15060933,0.26207615,0.27054054,0.15779861,0.16911847,0.14424678,0.27467904,0.15626286,0.12877346,0.14991496,0.19829893,0.0928384,0.11948657,0.14866536,0.07097467
559,0.23150549,0.02422683,0.00646228,0.25279147,-0.08069366,-0.00023568,0.2740625,0.46521309,0.14552315,0.20884684,0.09143765,0.12370838,0.15569291,0.06623636,0.14012822,0.19336422,0.07365527,0.13822404,0.23756459,0.24852847,0.13039961,0.15744076,0.14070785,0.26039294,0.13924981,0.11767579,0.1287024,0.17802836,0.07994162,0.10323296,0.13621437,0.04908655
560,0.49050928,0.01667983,-0.00888617,0.26346598,-0.08844835,0.00606242,0.26121288,0.48179733,0.152598,0.20845123,0.09727807,0.12292214,0.15648723,0.07186748,0.13546165,0.18617226,0.07478593,0.14095545,0.2423743,0.25313954,0.13289871,0.16224912,0.13485651,0.25796231,0.1531766,0.1216543,0.14397612,0.19016613,0.09400961,0.11394045,0.14109765,0.06573954
561,0.4064003,0.00989828,-0.01020147,0.26847077,-0.08582206,0.00181134,0.28174466,0.5068193,0.15837046,0.21906696,0.09927276,0.12983864,0.16339407,0.07452064,0.14290224,0.20107328,0.07544707,0.14312137,0.24984292,0.26764219,0.15071784,0.16818983,0.14491628,0.26913063,0.14741592,0.11859137,0.13667171,0.18537102,0.08479995,0.10737323,0.14250363,0.05513574
562,0.39871889,0.00539244,-0.0058774,0.28042403,-0.09029165,0.00117633,0.30535635,0.47512842,0.19125263,0.25301004,0.12647263,0.15110111,0.18524888,0.0968028,0.16436233,0.22224211,0.09574403,0.17549311,0.27017625,0.28553377,0.1753429,0.20197526,0.16528053,0.28710585,0.18132152,0.14153224,0.17341199,0.22651114,0.11961134,0.13188453,0.16621108,0.07899383
563,0.38454664,0.00308919,-0.03203981,0.24771473,-0.07893088,0.00356252,0.25119047,0.45493035,0.14780343,0.20725111,0.09063161,0.11728395,0.14630189,0.06637933,0.12956169,0.18005137,0.06373315,0.13508572,0.22987228,0.24065688,0.13946952,0.1532299,0.12722713,0.24224402,0.1419689,0.10830634,0.13246024,0.17997801,0.07985989,0.09779833,0.12710733,0.04962309
564,0.55216187,-0.00193345,-0.02255907,0.27012124,-0.09292604,0.00729476,0.2377754,0.50580294,0.13464724,0.18880069,0.0746919,0.10998729,0.1451802,0.06151253,0.1203837,0.17272982,0.05807805,0.11990677,0.22373102,0.25266386,0.12119924,0.14119584,0.11994722,0.23533932,0.13281267,0.1062271,0.12394924,0.16841878,0.07453266,0.09910035,0.12579526,0.05465309
565,0.30814568,0.02243289,0.00520612,0.27157771,-0.08764062,0.00095484,0.28577131,0.46132681,0.15298846,0.21297138,0.09438683,0.12201286,0.15629958,0.06988117,0.13913474,0.1923122,0.07163454,0.14020917,0.24316748,0.26113483,0.13954597,0.1623789,0.13408145,0.25967827,0.14842833,0.11497306,0.138532,0.19126848,0.08540529,0.10710936,0.1390039,0.0569688
566,0.19046026,0.01094576,-0.00354911,0.27704361,-0.09173048,0.00228217,0.30327937,0.48145415,0.15973498,0.21919897,0.10542297,0.12706057,0.15575838,0.07633479,0.14633095,0.19858601,0.08182255,0.14589213,0.26900271,0.27618848,0.14687224,0.16909074,0.13773829,0.28425309,0.15697935,0.12124936,0.14900356,0.19738812,0.09939801,0.11268134,0.14153096,0.06305742
567,0.25781618,0.00151339,-0.01216738,0.2448697,-0.08299514,-0.00074938,0.28246158,0.45743893,0.13870666,0.19830431,0.08495879,0.10583349,0.13106095,0.05025386,0.12177459,0.17604267,0.05595706,0.12379428,0.2303207,0.24367153,0.1301851,0.15174842,0.12369992,0.25371199,0.13133719,0.09743018,0.11894128,0.16717917,0.07328099,0.0824257,0.11178975,0.03062558
568,0.29059435,0.01340718,-0.01661582,0.20989057,-0.07085472,0.00577391,0.21364711,0.44284442,0.11619614,0.17149643,0.06761751,0.09374413,0.12701712,0.04178183,0.10765495,0.15461641,0.04868118,0.10871634,0.18897042,0.19433886,0.07477384,0.1256037,0.10608284,0.20663951,0.11929545,0.09822704,0.11017317,0.15624107,0.0641463,0.0886675,0.11577558,0.03701924
569,0.45062755,0.01680664,-0.00215943,0.29787933,-0.09253193,0.00142862,0.33623977,0.45783254,0.18531501,0.24663191,0.12554332,0.15769716,0.19049302,0.10171497,0.17218392,0.22871324,0.103692,0.17633706,0.28228857,0.29543446,0.17733469,0.19667573,0.17244054,0.29948403,0.17378721,0.14453076,0.16635989,0.21671302,0.11315171,0.1316026,0.16286408,0.08058578
570,0.42357549,0.02174146,-0.03079781,0.2667961,-0.09536702,0.0082398,0.32963792,0.44760179,0.16806128,0.22833475,0.1091947,0.13836265,0.17375762,0.08680139,0.15235652,0.20495105,0.08553363,0.1552478,0.26264526,0.26475109,0.14121108,0.17582257,0.14805933,0.27640673,0.16409858,0.13649157,0.15345838,0.20935374,0.09730156,0.12803648,0.15919052,0.07435921
571,0.38427106,0.0060571,-0.02090447,0.26301317,-0.09128436,0.00441063,0.28897483,0.47061084,0.15043849,0.21297032,0.08501548,0.11120787,0.14062805,0.0573282,0.12833822,0.18429662,0.05215769,0.13294945,0.23524039,0.25589152,0.13430545,0.16004689,0.12476669,0.2534062,0.14546155,0.10573129,0.13523809,0.18709139,0.07644613,0.09420131,0.11994925,0.04320851
572,0.13658856,0.00401951,-0.0126087,0.21920887,-0.07574564,0.00648053,0.24802524,0.43283816,0.12804118,0.17932569,0.08160622,0.10683705,0.13424294,0.06219612,0.12093179,0.1658043,0.06316147,0.11902448,0.21261202,0.21385173,0.11786631,0.13274083,0.11565903,0.22404387,0.1251129,0.103845,0.11822427,0.16169697,0.07703372,0.09373903,0.11993119,0.04799147
573,0.39795024,0.0134278,-0.00064541,0.31319574,-0.09896556,0.00273364,0.3422375,0.49611838,0.17855661,0.24489492,0.11022444,0.14762541,0.18430555,0.09162631,0.16525295,0.22796085,0.09039244,0.16323096,0.27911722,0.30537671,0.17041293,0.18932763,0.16249217,0.29948798,0.16538579,0.13797194,0.15594607,0.21016971,0.09654618,0.12659001,0.16118394,0.07290895
574,0.26114937,0.01681814,-0.02836884,0.2305887,-0.07927806,0.00745081,0.23171092,0.44128312,0.13587265,0.18748895,0.08477367,0.1031659,0.13499284,0.05571423,0.11752549,0.1616203,0.05788252,0.12537932,0.21067841,0.21295319,0.09653934,0.14205617,0.11185481,0.22315068,0.14519717,0.10964355,0.13751995,0.18083722,0.087071,0.10260077,0.12527143,0.05419353
575,0.23682504,0.00177201,-0.04126541,0.29373464,-0.10021682,0.00663046,0.31989691,0.47162876,0.18771164,0.25072747,0.13149641,0.1467163,0.17955608,0.09130038,0.1644581,0.22046574,0.09660648,0.17227071,0.28309903,0.28637647,0.16270796,0.19747054,0.16080226,0.30177384,0.18360437,0.13789118,0.17149715,0.22682062,0.12024505,0.12516993,0.15833979,0.07227129
576,0.41789198,0.00358807,-0.02485705,0.30595195,-0.10464019,0.00689185,0.34673008,0.46580375,0.18598686,0.24268811,0.12478584,0.15189761,0.18603211,0.10263541,0.16814252,0.22133825,0.10145624,0.16882652,0.29864163,0.30319703,0.18482245,0.19187996,0.15986658,0.30583782,0.17503106,0.13987956,0.16878148,0.21880316,0.11357944,0.13106947,0.16112872,0.0853494
577,0.4074987,0.00774079,-0.01948186,0.26135073,-0.08257374,0.0021508,0.27583436,0.47910309,0.14944875,0.20829606,0.09766879,0.12307592,0.15540319,0.07134197,0.13686514,0.18983395,0.07355528,0.13923428,0.23833391,0.25131215,0.13578978,0.16142551,0.13757408,0.25738773,0.14637425,0.11587585,0.13904515,0.18680752,0.09056658,0.10538884,0.13768822,0.0579742
578,0.23577361,0.02622154,-0.0072085,0.26972816,-0.08364011,-0.00156286,0.27745194,0.44616776,0.15951565,0.22270075,0.10143804,0.13421385,0.16808447,0.07790861,0.14891678,0.20294105,0.07816227,0.15191215,0.24698701,0.25248148,0.1412469,0.1683389,0.14746258,0.26449329,0.14961896,0.1250906,0.14270722,0.19478087,0.08757299,0.11154638,0.14475356,0.05768174
579,0.32477007,0.00689802,-0.01604867,0.24885854,-0.08136243,0.00210347,0.23508219,0.49901602,0.1273106,0.18836833,0.07122964,0.1038403,0.13764985,0.0472286,0.11653777,0.17161081,0.05064795,0.11625619,0.21629387,0.22961377,0.10192325,0.13618755,0.11788901,0.234721,0.12435589,0.09963716,0.11536458,0.16547901,0.06548679,0.08753911,0.12096064,0.03541709
580,0.33628015,0.01815277,-0.01195096,0.29981094,-0.09815949,0.00014369,0.33857927,0.45672363,0.1779303,0.24213652,0.11794005,0.14179969,0.17939126,0.08593664,0.16287734,0.2233764,0.09104916,0.16326334,0.28051297,0.29409336,0.16534171,0.1872089,0.1544167,0.29527137,0.17313787,0.13210334,0.16295697,0.22044515,0.10808897,0.12106298,0.15570048,0.06877137
581,0.34513555,0.01552725,-0.01418042,0.2549753,-0.08904817,0.00524081,0.28160752,0.45732861,0.14809447,0.20485527,0.09446895,0.12438876,0.15603417,0.07298684,0.13798137,0.18713677,0.07348358,0.13741595,0.24709682,0.25125308,0.14016793,0.1566154,0.13671937,0.26338774,0.14411061,0.12069114,0.13543673,0.18181653,0.08849025,0.10886517,0.1361898,0.06047335
582,0.31561414,0.02392271,-0.00899156,0.24650192,-0.08002217,-0.00078968,0.26236511,0.44403492,0.13093697,0.19610002,0.07149909,0.11047573,0.14891708,0.05191792,0.12532798,0.18072762,0.05273895,0.12377295,0.22106778,0.23413129,0.1146876,0.14195262,0.12431941,0.24060261,0.13058234,0.10925587,0.12101294,0.17735745,0.06511272,0.09852982,0.13287285,0.04356265
583,0.38789851,0.01233163,-0.00506973,0.25996105,-0.08628532,0.00211899,0.2882972,0.45835433,0.16462154,0.22414623,0.11000498,0.13620639,0.17115147,0.08114525,0.15155962,0.20336765,0.08614149,0.1548042,0.24966699,0.25635106,0.13592364,0.17622616,0.1518373,0.2699654,0.16095156,0.13201125,0.15021123,0.20065771,0.10122203,0.1209681,0.15099783,0.06789872
584,0.41912615,0.00071617,-0.02676792,0.22838717,-0.07531311,0.00263932,0.23219139,0.46540972,0.11902475,0.1777796,0.06783786,0.0943327,0.12708937,0.04295526,0.10784852,0.15853772,0.04329919,0.10781422,0.20174351,0.21384901,0.09436148,0.12648125,0.10601913,0.2176206,0.11823376,0.09204004,0.10883392,0.15853863,0.06139499,0.08278566,0.11331006,0.0324833
585,0.365752,0.03578655,-0.02207465,0.28612663,-0.09162197,0.00370481,0.3028092,0.47498829,0.17552357,0.23795248,0.11589797,0.14983811,0.18630789,0.09649857,0.16359446,0.21655396,0.09857042,0.1660394,0.268343,0.2737642,0.15445315,0.18333488,0.1606258,0.28452777,0.17148159,0.14469173,0.16266842,0.21760869,0.10602443,0.13525629,0.16993288,0.08106919
586,0.19685055,0.03649688,0.01244341,0.2559256,-0.08429757,0.00256425,0.28457457,0.44696599,0.15345676,0.21311041,0.09916769,0.12818098,0.15867501,0.07352496,0.14317723,0.19300681,0.07666853,0.14307225,0.24712506,0.24973593,0.13331746,0.16493909,0.14340927,0.26720355,0.14959768,0.1267409,0.13905809,0.19106257,0.08861068,0.1140331,0.14403692,0.06084856
587,0.51190239,0.02375564,-0.00499677,0.29042145,-0.0977104,0.00181175,0.30684931,0.49558284,0.15481336,0.21764568,0.08570969,0.13180001,0.16654002,0.07424387,0.14825087,0.2063956,0.07449633,0.14322308,0.26125528,0.28391684,0.1501075,0.16578487,0.14745802,0.28129174,0.14397974,0.12182862,0.13431068,0.18728322,0.07357428,0.10751972,0.14090919,0.05552955
588,0.29870103,0.0077154,-0.01693341,0.27030605,-0.09056661,0.00163796,0.30816237,0.47006404,0.16620837,0.22308845,0.11231283,0.13641849,0.16701411,0.08888389,0.15284619,0.201904,0.0909504,0.15231447,0.27194543,0.27004645,0.16238885,0.17231167,0.14590614,0.28382415,0.15639764,0.12569065,0.14826678,0.19864042,0.09936938,0.11594672,0.14792345,0.06929557
589,0.37394238,0.01324244,-0.0078432,0.31275489,-0.09808422,0.00385081,0.33781087,0.49218237,0.2106065,0.27043179,0.14792093,0.17474337,0.21576088,0.11993924,0.19329713,0.25282894,0.1263467,0.19790972,0.31188929,0.3145307,0.19792542,0.21848245,0.18738784,0.32501983,0.19556416,0.16114242,0.18983099,0.2393503,0.13623767,0.1505198,0.18431427,0.09929208
590,0.42046241,0.01494434,-0.02230649,0.29643547,-0.09116209,0.0044906,0.298432,0.48286022,0.178357,0.23521363,0.12217954,0.13847705,0.17411812,0.08941217,0.15712354,0.21121621,0.08921098,0.16138025,0.26299472,0.28272076,0.15767907,0.1844259,0.14739264,0.27438846,0.17377519,0.12988716,0.16632612,0.21766812,0.11310035,0.12421906,0.15628493,0.07634216
591,0.34245228,0.02266387,-0.02067335,0.2354733,-0.07700739,0.00870724,0.24217547,0.46197327,0.13810531,0.19470449,0.08264227,0.11330327,0.14722873,0.06113431,0.12548806,0.17677535,0.06062362,0.12982553,0.21027128,0.22358558,0.10351313,0.14847548,0.12702041,0.22875908,0.13824405,0.11373933,0.12895579,0.17830761,0.07590284,0.10418968,0.131734,0.05270848
592,0.33061386,0.0306,-0.015359,0.26528955,-0.0839519,0.00214857,0.2785392,0.49372863,0.15820319,0.21813087,0.10550292,0.13247318,0.16718114,0.08118622,0.1463158,0.19770402,0.08428761,0.14926059,0.24442219,0.25617939,0.13815063,0.16771596,0.14384625,0.26072151,0.15475278,0.12963288,0.14771819,0.19858476,0.09776281,0.12180384,0.1551216,0.07087199
593,0.4035138,0.00950722,0.00850061,0.24434101,-0.07952823,0.0009194,0.26156398,0.45456909,0.13684667,0.19802689,0.07686378,0.11586476,0.14631819,0.05802374,0.12841491,0.18364641,0.05896038,0.1279333,0.22694983,0.24564129,0.13452786,0.149286,0.13287887,0.24869545,0.13167682,0.11039642,0.12086479,0.1711021,0.06949083,0.09530751,0.12764001,0.04304869
594,0.17160848,0.02748914,-0.03734008,0.24567309,-0.08358102,0.00717724,0.28911217,0.4539741,0.15981027,0.20950119,0.11044215,0.12644625,0.15591881,0.08365354,0.13936834,0.18497789,0.08226867,0.1465435,0.24526827,0.23904146,0.13643157,0.16366748,0.13247828,0.25528609,0.15596268,0.12274215,0.15082411,0.19505384,0.10045186,0.11654331,0.14344894,0.07017106
595,0.18912205,0.01662758,-0.01709618,0.248058,-0.07389624,-0.00111781,0.25337118,0.44176841,0.16067721,0.21905901,0.10697867,0.1247356,0.15613692,0.072951,0.13946814,0.19023652,0.07438399,0.14676625,0.23730139,0.24360464,0.14431926,0.16610875,0.13506559,0.25078846,0.15599693,0.11672209,0.14782962,0.19653121,0.0970539,0.10741024,0.13895997,0.057954
596,0.62350542,0.0251738,-0.00355376,0.32253657,-0.10666732,0.00233078,0.34740113,0.47101353,0.19441004,0.26059739,0.12352475,0.16178876,0.19479317,0.10334768,0.17553365,0.23379568,0.09779745,0.17821063,0.30489953,0.32086938,0.1972859,0.20429433,0.17571302,0.31996205,0.18263893,0.149513,0.1717606,0.22967803,0.11257671,0.13660856,0.17027374,0.08510793
597,0.17842343,0.0251708,-0.01850751,0.26612296,-0.0886504,0.00330008,0.30878716,0.45157448,0.15617195,0.21888228,0.09878316,0.1283122,0.16090439,0.07544752,0.14482093,0.20064966,0.07689456,0.14381945,0.24966479,0.25742117,0.15068809,0.16407764,0.13862617,0.26434021,0.1485798,0.12023386,0.14068049,0.19482867,0.08491366,0.1092581,0.14192423,0.05781529
598,0.25783602,0.01021395,-0.0301684,0.21446158,-0.07089965,0.00238936,0.22370081,0.41962868,0.12218973,0.17550149,0.06926398,0.09604615,0.12592012,0.05116559,0.10552166,0.14953911,0.04431928,0.11079471,0.19236116,0.19451066,0.10336564,0.12546483,0.10223887,0.20136485,0.11723043,0.09211201,0.11326993,0.15866057,0.06190367,0.08487358,0.11030113,0.03946731
599,0.30102497,0.01054525,-0.02011319,0.2309965,-0.08145171,0.0092765,0.2610096,0.41523183,0.14964744,0.20721049,0.09844396,0.12689984,0.16130644,0.07357319,0.13933343,0.18935198,0.07611025,0.14151392,0.23207962,0.22941668,0.12062129,0.15966767,0.13977812,0.24853176,0.15100051,0.13128582,0.14154847,0.19401259,0.09424559,0.12086845,0.14665707,0.0671866
600,0.48288305,0.01064093,-0.02802693,0.28611368,-0.09235766,0.00522945,0.28808679,0.46606289,0.16330108,0.22173399,0.10156897,0.12770264,0.15926494,0.07841323,0.14126233,0.19464637,0.07512146,0.14666235,0.25453636,0.2670166,0.15671227,0.16467373,0.13302512,0.26197798,0.16434152,0.12645607,0.15804415,0.20848097,0.09766521,0.11765231,0.14594276,0.06999881
601,0.43016796,0.01955257,-0.01383157,0.23312014,-0.07837597,0.00441622,0.23160344,0.46223617,0.1129842,0.1707387,0.06053222,0.09595934,0.12881973,0.04498455,0.1070598,0.15693163,0.04469957,0.10670002,0.19596315,0.21377807,0.09098259,0.12433522,0.11018473,0.21637208,0.11293868,0.09687118,0.10412966,0.15073076,0.05516598,0.08574369,0.11516224,0.0363069
602,0.59049575,0.00648094,-0.03465654,0.30228768,-0.10851024,0.01462973,0.32494758,0.4879187,0.17653988,0.23139422,0.11411067,0.13957953,0.17137145,0.08811573,0.1541818,0.21017706,0.08623719,0.15667759,0.28166734,0.29817988,0.17162321,0.18302578,0.14850768,0.29228019,0.16948699,0.13154011,0.1630206,0.20991965,0.10880147,0.12237448,0.14881615,0.07701877
603,0.44767942,0.02854966,-0.02529895,0.28209094,-0.09358766,0.00662845,0.31933922,0.46025312,0.17208215,0.22888689,0.11571134,0.1341267,0.16078073,0.09089744,0.14904419,0.19903182,0.0852007,0.15538786,0.26762931,0.2713485,0.15683224,0.17920067,0.14302169,0.28184459,0.17259991,0.13629716,0.16728167,0.21636946,0.11199456,0.1283774,0.14926285,0.08195733
604,0.49412802,-0.00437251,-0.02315925,0.23002225,-0.07905988,0.004134,0.23042319,0.46853662,0.12308845,0.17763409,0.0678192,0.10422935,0.13702879,0.05412666,0.11402644,0.16422679,0.05126568,0.11248035,0.21048555,0.22392309,0.10846341,0.13132796,0.11733574,0.22631503,0.11662371,0.09842694,0.10850746,0.15380063,0.05995182,0.08694543,0.11473737,0.04183438
605,0.65051739,0.01752684,-0.00545644,0.36221885,-0.11612016,0.00665403,0.40256821,0.49237868,0.22860617,0.29216495,0.16256223,0.18149912,0.21889659,0.12441542,0.2029302,0.26337917,0.12627736,0.20979757,0.33544056,0.35374186,0.21642127,0.23746191,0.19489017,0.3494659,0.21758837,0.16930145,0.20840125,0.26256968,0.15025575,0.15749658,0.18964802,0.10526107
606,0.34138942,0.01284863,0.00104249,0.2706106,-0.08808221,0.00322127,0.28254964,0.48641152,0.15422489,0.20858477,0.09782915,0.12890367,0.1605681,0.07689879,0.14445783,0.19706121,0.08107272,0.14096804,0.24303644,0.26349683,0.14206287,0.16408278,0.14455677,0.26253828,0.14896947,0.12349306,0.13651087,0.18210186,0.08940108,0.1106195,0.14037809,0.06354515
607,0.35981825,0.02552103,7.816e-05,0.24868876,-0.08090781,0.00395663,0.25872668,0.46999467,0.14573815,0.20311155,0.0899482,0.12283016,0.15530836,0.07006545,0.1351355,0.18527786,0.07195812,0.13713675,0.22921363,0.24164574,0.11941338,0.15608721,0.13572638,0.24767803,0.14518614,0.12132338,0.13554168,0.18409394,0.08375719,0.11287061,0.14089774,0.06073299
608,0.32235494,0.01449933,-0.03253653,0.30437287,-0.10300358,0.00953139,0.31424079,0.51317046,0.19739084,0.26148085,0.13095821,0.16309719,0.19937082,0.10854724,0.17447431,0.23441195,0.10325833,0.18406288,0.29307576,0.30341011,0.17485376,0.20657771,0.17489269,0.30714308,0.18850082,0.1508825,0.17846716,0.23823604,0.11734958,0.14218338,0.17871566,0.0874451
609,0.32875861,0.01646091,-0.00870927,0.28641995,-0.09249664,0.00750089,0.29843871,0.48562343,0.17667282,0.23267176,0.11516771,0.14585557,0.18147785,0.09652925,0.16430724,0.21441677,0.09982554,0.16519255,0.27624525,0.28492882,0.16284784,0.18393543,0.15551337,0.28968444,0.1680776,0.13695637,0.16129845,0.21045867,0.10580212,0.13012613,0.16002989,0.08092529
610,0.25557203,0.02936481,-0.01276049,0.28803412,-0.0927388,0.00569191,0.32185624,0.4908279,0.17969336,0.24171633,0.12188793,0.15216806,0.18569753,0.09881473,0.16631836,0.22238758,0.10004113,0.16939584,0.27209816,0.2849649,0.16102398,0.18979741,0.1657114,0.28964152,0.17005566,0.14221928,0.15935119,0.21436569,0.10614889,0.13163625,0.16642692,0.07694529
611,0.31451424,0.03059087,-0.01302589,0.26952689,-0.0946289,0.00518465,0.28399235,0.47291617,0.14444537,0.20614868,0.08758497,0.12463541,0.15732696,0.07121455,0.13819127,0.19078817,0.07290208,0.13740138,0.24568618,0.25912106,0.13441009,0.15553087,0.13693184,0.26391619,0.14540128,0.12336901,0.13754347,0.18906758,0.08511911,0.11219427,0.141028,0.06033727
612,0.54314744,0.02377767,0.01398967,0.31381962,-0.10097089,-0.00137825,0.33359717,0.5035411,0.16618837,0.23153714,0.10027153,0.14112483,0.1819997,0.08072936,0.16132301,0.22446484,0.08456841,0.15339155,0.27115216,0.30637752,0.15183774,0.17943931,0.15951376,0.29415025,0.15706395,0.13186227,0.14272461,0.20102247,0.08474868,0.11964906,0.15738096,0.06475607
613,0.32051113,0.0059941,-0.01141799,0.23525293,-0.07351438,0.00437597,0.24080191,0.42015559,0.13171347,0.18558769,0.0825477,0.11021641,0.1405843,0.05947604,0.12257076,0.17155096,0.06356934,0.12428428,0.21186081,0.22005316,0.11380983,0.14013931,0.12331201,0.22818636,0.12845317,0.10738819,0.12094711,0.16604974,0.07449564,0.09471388,0.12246293,0.04702627
614,0.31378073,0.00671633,-0.0309774,0.21598372,-0.07618784,0.00610266,0.22952312,0.44546326,0.12151788,0.1774855,0.06753803,0.10363238,0.13641609,0.05219745,0.11306251,0.1628175,0.05042592,0.11555436,0.20091957,0.20743368,0.09707705,0.13047772,0.11490171,0.21719534,0.12340979,0.10529808,0.11618198,0.16326451,0.06610673,0.09548539,0.12236804,0.04490136
615,0.23822388,0.02470839,-0.01991591,0.26008965,-0.08364915,0.00063221,0.29393667,0.47893707,0.14820284,0.21118348,0.08987616,0.12334447,0.16084629,0.06844482,0.13984363,0.19645319,0.0700147,0.13845899,0.2387749,0.25062852,0.13501225,0.15820119,0.13697951,0.25815225,0.14050277,0.11587545,0.13180875,0.18578804,0.07608046,0.10612625,0.14137795,0.05114135
616,0.25393542,0.01126678,-0.01240776,0.28335739,-0.09072235,0.00286538,0.29976984,0.49501708,0.1729951,0.2372087,0.10952495,0.14959986,0.18525714,0.0926546,0.15995768,0.21804964,0.09002714,0.16066891,0.27353361,0.28552074,0.17017744,0.18077362,0.15969796,0.28718296,0.16270228,0.13631125,0.15518576,0.21068524,0.0981555,0.12682511,0.16406412,0.07408735
617,0.27600328,0.00692038,-0.01105474,0.24506185,-0.08294819,0.0035401,0.25776348,0.45539896,0.13737184,0.1974987,0.08305672,0.11124238,0.14162495,0.05867882,0.12702519,0.18017535,0.06148338,0.12629435,0.22865494,0.23635878,0.12048654,0.14765102,0.12557561,0.24719163,0.13499179,0.10729575,0.12539333,0.17251741,0.07690644,0.09534378,0.12400848,0.04628765
618,0.57323111,0.01986755,-0.00611418,0.28912453,-0.09326894,0.00447735,0.27999023,0.48480244,0.18231387,0.238212,0.12400062,0.15554024,0.19559745,0.10126133,0.16951094,0.22279836,0.10763809,0.17158408,0.27977397,0.29131977,0.15633,0.19027542,0.16659436,0.29187758,0.1752767,0.14989716,0.16603621,0.21513476,0.11422936,0.14329395,0.17523523,0.09150047
619,0.33879921,0.01493414,-0.0201786,0.26925032,-0.08709231,0.00310597,0.30150877,0.4719607,0.16317124,0.22318114,0.10732631,0.13420632,0.16958436,0.0795425,0.15056661,0.20509783,0.08353355,0.15276122,0.25817141,0.2665181,0.14584447,0.17248654,0.14711746,0.27475852,0.15074558,0.12178185,0.14320323,0.19494984,0.09207151,0.1123379,0.14628787,0.06034088
620,0.39115647,0.02148499,-0.01548385,0.2654253,-0.08759191,0.00570544,0.2722277,0.47539262,0.17004555,0.22739929,0.11155696,0.1379454,0.17305908,0.08869125,0.15099485,0.19993506,0.0868559,0.1589468,0.24896762,0.25306477,0.13787286,0.17717636,0.14722084,0.26264943,0.16365646,0.13257725,0.15651059,0.20760152,0.10292295,0.12667225,0.15703162,0.07614938
621,0.66532215,0.0118131,-0.01421549,0.32012484,-0.10848397,0.00441688,0.35082368,0.501179,0.17199065,0.24051358,0.09842209,0.14321179,0.176938,0.08492419,0.15661558,0.22086693,0.07723953,0.15478488,0.28875705,0.31138605,0.1793663,0.18201079,0.15766896,0.3073991,0.16104645,0.13169003,0.15052393,0.20861986,0.08548369,0.11829608,0.15192848,0.06684971
622,0.35443627,0.02178334,0.00657493,0.26257066,-0.08361363,6.807e-05,0.26260666,0.47455135,0.14377058,0.20592287,0.08594819,0.11607342,0.14865372,0.05930237,0.1305644,0.18831277,0.06158255,0.13212802,0.22600494,0.24873352,0.12289017,0.15505067,0.13265057,0.24785259,0.14134734,0.11290106,0.12933273,0.17968153,0.07724736,0.0996611,0.13097398,0.04728674
623,0.32338159,0.00319819,-0.04683992,0.25713134,-0.0910942,0.00445363,0.28610841,0.47323898,0.15549334,0.21169339,0.09771508,0.12057031,0.14845966,0.07849793,0.1345424,0.18367224,0.06931392,0.13896336,0.24230871,0.25305431,0.14707591,0.15973084,0.12775256,0.25461821,0.15119394,0.11507391,0.14402086,0.19011085,0.09279402,0.10930103,0.1332994,0.06460249
624,0.14953529,0.00883725,0.01459579,0.20399602,-0.06397246,-0.00174152,0.23240999,0.42909648,0.1293296,0.18455606,0.08931126,0.10029531,0.12643901,0.04843563,0.11651394,0.16495839,0.0576773,0.11981929,0.19928078,0.20773797,0.10407705,0.14200504,0.11791578,0.22180899,0.12885323,0.09787143,0.11707719,0.16182302,0.08183962,0.08488326,0.11509342,0.03465356
625,0.44198274,0.01359271,-0.01284353,0.28507338,-0.09253092,0.00596815,0.29180618,0.48754296,0.16212132,0.22308953,0.09995067,0.13454225,0.17348931,0.07951034,0.14933471,0.20734019,0.07796328,0.15012224,0.25960604,0.27116034,0.14870677,0.16945824,0.14581939,0.27281832,0.15610897,0.12792409,0.14808584,0.20144372,0.09162536,0.11786826,0.15070467,0.06682207
626,0.3439962,0.01823098,-0.02400163,0.25527472,-0.08222107,0.00271262,0.28344129,0.42649508,0.15303337,0.21687283,0.09230131,0.12724055,0.16369342,0.06952523,0.13989184,0.19501135,0.06851708,0.14465643,0.22718397,0.23466349,0.12485657,0.16235116,0.14117387,0.24650036,0.15072984,0.12535751,0.14048299,0.19451665,0.08385572,0.11165174,0.14372232,0.05557814
627,0.21728094,-0.00268314,-0.00566846,0.22049538,-0.07291624,0.00014141,0.25161931,0.46582396,0.11904958,0.17726385,0.07289058,0.09723383,0.1205678,0.04974839,0.11082935,0.1588062,0.04938271,0.10948809,0.2124465,0.2188848,0.11580391,0.12958759,0.11089826,0.23147688,0.11293667,0.09118118,0.10545996,0.15166814,0.06437494,0.07984029,0.10861101,0.03305911
628,0.23794204,0.02014768,-0.02603897,0.27477885,-0.09400536,0.00893393,0.28651355,0.50124568,0.17381044,0.23296593,0.11174386,0.1453105,0.17769513,0.09700197,0.15863111,0.21071892,0.09141133,0.15935877,0.26630226,0.27189967,0.16139755,0.18241299,0.15555456,0.28044499,0.16562169,0.13992053,0.15930633,0.21166765,0.10551796,0.13222866,0.16237943,0.08236075
629,0.21667632,0.01024936,-0.02706256,0.21127103,-0.06968238,0.00522452,0.21880308,0.43962498,0.12980842,0.1858792,0.08250286,0.10956884,0.14474077,0.05896215,0.11956143,0.16676649,0.06032304,0.1240488,0.19641062,0.20142266,0.08839675,0.13793239,0.12033958,0.21179478,0.13226852,0.11249177,0.12388294,0.17269967,0.07928605,0.10476757,0.13325283,0.05277743
630,0.69616508,0.01299818,-0.03016348,0.30113907,-0.10303306,0.00868856,0.28134923,0.51328951,0.1511482,0.21078433,0.08354817,0.13001796,0.16227095,0.07813055,0.13847027,0.1959554,0.07033364,0.13758501,0.2599638,0.2879614,0.15167579,0.15780811,0.13993241,0.27251983,0.14229439,0.12094536,0.1343897,0.1811785,0.07577589,0.110412,0.13763302,0.063473
631,0.46894416,0.0112811,-0.01167824,0.26670786,-0.09198448,0.00528783,0.25925239,0.50129478,0.14083683,0.20113573,0.08324302,0.11543475,0.14375111,0.06164769,0.12763921,0.18255639,0.0611253,0.12769938,0.23601887,0.25719394,0.13372467,0.15218193,0.13040062,0.25498099,0.13727827,0.10976013,0.12776728,0.17688124,0.07629527,0.09638882,0.12700558,0.047397
632,0.6225839,0.03084728,-0.02864595,0.30154089,-0.09768727,0.00299138,0.34151469,0.49312677,0.17023746,0.23299645,0.11102854,0.14281676,0.17777724,0.0926966,0.15675174,0.2136468,0.08660571,0.15759081,0.26108023,0.28242082,0.16957757,0.17802536,0.15488272,0.27714977,0.16885688,0.13928823,0.15893726,0.21212481,0.10344552,0.12842084,0.15851677,0.08020586
633,0.42364554,0.01242449,-0.04334087,0.26796805,-0.0953708,0.00844281,0.27538157,0.4675199,0.14874917,0.20933565,0.08241422,0.11908013,0.15602775,0.06433985,0.13327261,0.18920549,0.0640131,0.13376091,0.24858351,0.25775749,0.13595106,0.15280833,0.12749279,0.26074697,0.13880566,0.11127182,0.13178724,0.18252123,0.07143059,0.10085124,0.13413674,0.04937501
634,0.32865847,0.0284013,0.00256353,0.30525487,-0.09862962,0.00169478,0.31011335,0.52183586,0.18546633,0.2504483,0.11654782,0.14866923,0.19000076,0.08792281,0.16990318,0.2312838,0.09447265,0.16934533,0.28510221,0.30299954,0.15491132,0.19970363,0.16516676,0.3075257,0.18222482,0.14441893,0.16945798,0.22603631,0.10957829,0.13559383,0.17259931,0.07783471
635,0.39488621,0.01381144,-0.01515045,0.28462802,-0.09129611,0.00063177,0.29462561,0.48290912,0.15884013,0.21845782,0.10303958,0.12777342,0.15521374,0.07620163,0.13877281,0.19547467,0.07528987,0.14209349,0.25727831,0.27501457,0.15959205,0.16623093,0.13919724,0.27050391,0.1559822,0.12263726,0.14825465,0.19804582,0.09732239,0.10966921,0.140582,0.06170157
636,0.45047483,0.02150729,-0.01919016,0.28482539,-0.09023854,0.00379265,0.29951751,0.44349513,0.17286888,0.23377543,0.11238768,0.13978272,0.17340334,0.0869242,0.15381046,0.20757677,0.08446014,0.16116904,0.26050824,0.26483978,0.15983987,0.18122995,0.15105278,0.275151,0.16666248,0.13139547,0.1604121,0.20998236,0.10365177,0.12052563,0.14971519,0.07171307
637,0.39600295,0.00947271,-0.01264769,0.26371297,-0.08063617,0.00254154,0.26667201,0.47760089,0.17586494,0.23220969,0.12581933,0.14041015,0.17301874,0.08816376,0.15527503,0.20726654,0.09502755,0.16468879,0.25959057,0.2664075,0.14840416,0.18629791,0.15365605,0.27642161,0.17061339,0.13326482,0.16307354,0.20945813,0.11754268,0.12602128,0.15646921,0.0753975
638,0.09149014,0.01099815,0.0186676,0.27629371,-0.08538082,-0.00134139,0.30600795,0.48116698,0.16324384,0.22490729,0.11042369,0.13221793,0.16228197,0.07680375,0.15382178,0.21050665,0.08545101,0.14876081,0.26078786,0.27529962,0.15234661,0.1752495,0.14980218,0.28217781,0.15831853,0.12719721,0.14784328,0.19926372,0.10094937,0.11335822,0.14472735,0.06135625
639,0.39440601,0.02947595,-0.00200614,0.30086939,-0.09340659,0.0036468,0.30829796,0.50404469,0.17331116,0.23769033,0.11105443,0.14851229,0.18870582,0.0926448,0.16401983,0.22109549,0.09619524,0.16330335,0.26544721,0.2921427,0.14842106,0.18315057,0.16197663,0.28415614,0.16800734,0.14364231,0.15691599,0.2111669,0.10122754,0.13469995,0.16975538,0.0788157
640,0.48617462,0.01733029,-0.0102371,0.27468505,-0.08995694,0.00395113,0.28962532,0.47307509,0.15600724,0.21792633,0.0953899,0.13585495,0.17228091,0.07944781,0.14907604,0.20642412,0.08069921,0.14555678,0.25606118,0.27505358,0.15187376,0.16642183,0.14949417,0.27357399,0.1495231,0.12941255,0.13973152,0.19149056,0.0833063,0.11750431,0.15238673,0.06463367
641,0.46023194,0.02481331,-0.01416124,0.28275103,-0.09296011,0.0046458,0.30276842,0.45884921,0.15841436,0.21963179,0.10041894,0.12977736,0.16661681,0.07599339,0.14426794,0.19826979,0.07604342,0.14681418,0.24945831,0.25949041,0.13647887,0.1663849,0.14174667,0.2656611,0.15465784,0.12651239,0.14585073,0.19814618,0.09083599,0.11552586,0.14814845,0.06497869
642,0.34310619,0.01576385,-0.00516086,0.2466407,-0.08326363,-6.266e-05,0.2501858,0.46434048,0.14285955,0.20581756,0.08396033,0.11319185,0.14855685,0.05514008,0.13021828,0.1837842,0.06110625,0.13263854,0.21815478,0.23856311,0.10781247,0.15609772,0.13027716,0.24207997,0.13954023,0.11096999,0.12743614,0.17824427,0.07678827,0.099518,0.13013001,0.04352999
643,0.36657445,0.0292298,-0.006289,0.28783078,-0.09182565,0.00454329,0.31106618,0.47698344,0.17587952,0.2324259,0.11714987,0.15064933,0.187783,0.10091742,0.16409781,0.21564661,0.10194515,0.16559422,0.27684856,0.28485397,0.16489897,0.18114066,0.15834175,0.28794392,0.16732635,0.14158591,0.16053752,0.21232749,0.1045999,0.13498212,0.17005199,0.08576436
644,0.41053065,0.00540933,-0.04043773,0.25900306,-0.08778946,0.00498672,0.287174,0.45190359,0.14756711,0.20899106,0.08797975,0.11542586,0.15182213,0.06043564,0.13108264,0.18491825,0.06086532,0.13308619,0.22405672,0.24034932,0.1245361,0.15591445,0.12845018,0.24183746,0.14365568,0.11031462,0.1321946,0.18536742,0.0802624,0.09859341,0.12968219,0.04670758
645,0.30191859,0.00137896,-0.0198116,0.25768321,-0.08604355,0.00589342,0.26178888,0.4651519,0.15362393,0.20919897,0.10272253,0.12279855,0.15074856,0.07318718,0.14035995,0.18943538,0.079876,0.14181589,0.25033441,0.2555391,0.13132335,0.16175719,0.13440849,0.26579802,0.15413717,0.12075726,0.14704538,0.19173807,0.09949374,0.11050347,0.13656902,0.06308462
646,0.61621859,0.02496894,-0.01566038,0.32306367,-0.10331166,0.00376419,0.33149385,0.50184365,0.19311478,0.25656126,0.12442304,0.15475655,0.19419915,0.09746844,0.17190346,0.23184434,0.0992752,0.17700078,0.29066575,0.30841556,0.16970988,0.20122805,0.16698043,0.30571264,0.18563858,0.14662991,0.17594381,0.23029819,0.11429277,0.13717203,0.17046635,0.08335904
647,0.33997811,0.00132455,-0.00044012,0.25939511,-0.08535221,0.00208742,0.30554292,0.45805135,0.15704882,0.21608361,0.10599489,0.12411935,0.15186552,0.07396041,0.14104255,0.1917463,0.07483418,0.14385112,0.24849277,0.25966828,0.14625047,0.16788013,0.13786103,0.26625567,0.15057825,0.11392843,0.14112069,0.19042016,0.09754858,0.10417628,0.13369059,0.05558245
648,0.33657899,0.01962027,0.00496533,0.31207429,-0.10065786,0.00061625,0.33852624,0.46953545,0.20351056,0.26473538,0.14314366,0.16280707,0.1977501,0.10618599,0.18247385,0.2407307,0.11296603,0.18426707,0.31169193,0.31841651,0.19373252,0.21214151,0.17427671,0.32479522,0.19147252,0.15181777,0.18271805,0.23586464,0.12775828,0.1431197,0.17531671,0.09097839
649,0.40628189,0.01147083,-0.00189797,0.30052348,-0.09837266,0.00320877,0.32842301,0.47865436,0.17430447,0.23584303,0.11441514,0.13839458,0.17012702,0.08619416,0.15549017,0.2133605,0.08759109,0.15707353,0.27410628,0.28418032,0.17041096,0.18242564,0.15193047,0.29091677,0.17114662,0.13232921,0.16202497,0.2116545,0.10867746,0.12064672,0.14973963,0.07262894
650,0.17611714,0.01818693,0.00154428,0.24742224,-0.08300668,0.00278057,0.28368814,0.47224483,0.14780442,0.20797237,0.09241495,0.12860643,0.15688922,0.07615033,0.14041395,0.19341174,0.07393308,0.13704445,0.23930493,0.24929841,0.13998139,0.1585354,0.1420286,0.25875114,0.14596142,0.12633868,0.13640545,0.18860137,0.0859085,0.11410068,0.14506731,0.06115186
651,0.49879357,0.01353028,-0.03458643,0.24840932,-0.08693045,0.01041045,0.27245433,0.45988158,0.13910112,0.19431299,0.08601823,0.10988531,0.14241176,0.06327698,0.12343862,0.17151753,0.06435179,0.12701403,0.22454284,0.23271749,0.11348483,0.14563866,0.11876901,0.23773057,0.13828219,0.1104881,0.13203352,0.17733178,0.08056605,0.1025797,0.12936077,0.05492187
652,0.25951161,0.02770614,-0.02374773,0.30386034,-0.09907427,0.00985421,0.34488584,0.48514579,0.20306632,0.26282508,0.14440739,0.16479958,0.20085105,0.11074337,0.18018223,0.23625327,0.11208932,0.18832274,0.29798898,0.29794151,0.1768514,0.21116454,0.1767333,0.31219385,0.19430063,0.15618566,0.18493689,0.24002771,0.13075241,0.14575244,0.17918072,0.09106009
653,0.37581214,0.01209646,-0.0261023,0.25721275,-0.08280255,0.00185775,0.28086768,0.44175792,0.16172094,0.22056643,0.10930087,0.11934533,0.15098753,0.06613391,0.13691543,0.18948712,0.06917089,0.14658725,0.24032287,0.24033601,0.1250854,0.17231644,0.13444043,0.25886345,0.156915,0.11432428,0.14794614,0.19744655,0.09914315,0.10290165,0.13359683,0.0536713
654,0.33684448,0.01938089,-0.02495813,0.27336444,-0.09082201,0.00421236,0.2845944,0.46507086,0.16519465,0.22370219,0.10841239,0.13863756,0.17033412,0.0839934,0.15093608,0.20384915,0.08587531,0.15384457,0.26948616,0.27211058,0.15520217,0.17175257,0.14800233,0.28222282,0.15593496,0.12879568,0.1488223,0.19816789,0.09458688,0.11749249,0.14920801,0.06391387
655,0.36318512,0.0268747,0.00499407,0.2871479,-0.09326747,0.00249339,0.32241473,0.43942145,0.16822995,0.22897838,0.10930205,0.13968433,0.17200474,0.08665195,0.15864131,0.21075232,0.09031713,0.15549595,0.27010378,0.28054102,0.15702351,0.1777283,0.15312555,0.28833513,0.16137807,0.13281729,0.15140822,0.20338277,0.0974258,0.12180404,0.15003613,0.07021504
656,0.2904748,0.02253584,0.01291592,0.24708333,-0.080323,-0.00287216,0.26503458,0.48465419,0.13827974,0.19574415,0.09247096,0.11024366,0.14272472,0.05750119,0.13203772,0.18163887,0.07119725,0.12738253,0.23190077,0.24637929,0.11947993,0.15054685,0.12469264,0.25285862,0.13734089,0.10817475,0.12878358,0.17509246,0.08819557,0.09954484,0.13058426,0.04910604
657,0.3133174,0.02474191,-0.0270129,0.26467933,-0.08523548,0.00414475,0.28344011,0.44653072,0.15217068,0.21234994,0.09929363,0.13134115,0.16424014,0.08058784,0.14252605,0.19319385,0.07945982,0.144743,0.24052743,0.24225127,0.14328648,0.15779999,0.14063513,0.25178733,0.1537411,0.12854111,0.14797517,0.19728451,0.0954547,0.11642325,0.14578474,0.06814209
658,0.45002143,0.01751911,0.00230483,0.29023868,-0.09101534,0.00614854,0.30825365,0.46016444,0.19022695,0.24713312,0.13679928,0.15813942,0.19289362,0.10310749,0.17586012,0.22791176,0.11397463,0.1794122,0.28188794,0.28985339,0.16834403,0.20219416,0.17419807,0.30061326,0.1883697,0.1535594,0.17802774,0.22664908,0.13002974,0.14108596,0.17336033,0.09138335
659,0.37489554,0.01157572,-0.03400517,0.26387194,-0.08871784,0.00119142,0.29406299,0.47582069,0.16405672,0.22536509,0.10448417,0.12564608,0.15860269,0.07331635,0.14049175,0.19584591,0.07272426,0.14718468,0.24868958,0.26128648,0.14660196,0.17162548,0.13737292,0.2647669,0.15390672,0.11325245,0.1445075,0.19647492,0.09022556,0.10347936,0.13619716,0.05305371
660,0.45273878,0.02214036,-0.02849407,0.26332482,-0.09165217,0.00674886,0.27812659,0.4419539,0.15021036,0.21002085,0.09178745,0.12924025,0.16251091,0.07579931,0.14042695,0.19155107,0.07622451,0.14185017,0.24116058,0.24878653,0.13294036,0.15766881,0.13986398,0.25628468,0.15279343,0.13125652,0.14338073,0.19315149,0.08890066,0.11955636,0.14673357,0.06798279
661,0.29774922,0.00462699,-0.0250412,0.27259493,-0.08933832,0.00579652,0.29100321,0.4990652,0.14451843,0.20326353,0.08798761,0.12500349,0.1566749,0.07375099,0.1349166,0.19170151,0.06976894,0.134755,0.24361018,0.26335528,0.13915531,0.15470714,0.13793586,0.26139184,0.13772091,0.11512412,0.1314825,0.18003936,0.07927234,0.10413211,0.1355655,0.05548983
662,0.34438014,0.02338815,-0.00230662,0.24837145,-0.08117772,0.00379802,0.25541693,0.4613356,0.14916128,0.20674931,0.09307743,0.12228862,0.16080626,0.06705179,0.13687439,0.18740018,0.07235191,0.13954582,0.22556913,0.23891844,0.10970011,0.15966877,0.1357531,0.24404362,0.14423681,0.11878267,0.13326332,0.1840136,0.0825514,0.11059882,0.14185472,0.05718092
663,0.51077936,0.01406921,-0.03349232,0.27638768,-0.0959203,0.00961291,0.2808034,0.46860067,0.1564956,0.21147601,0.09921382,0.12808914,0.15668216,0.08020649,0.14026445,0.18864484,0.07534073,0.14212651,0.25165195,0.26310747,0.15365678,0.16225557,0.13639627,0.262627,0.15206658,0.12258787,0.14665142,0.19377193,0.09436452,0.1130929,0.13670576,0.06863445
664,0.34692545,0.02367725,-0.00640482,0.24615446,-0.07963779,0.00124042,0.25717467,0.47624031,0.12695071,0.18336962,0.06874016,0.10580154,0.13762978,0.0574646,0.11943358,0.17172875,0.05302769,0.11587505,0.21173462,0.23250801,0.12394325,0.13463225,0.11709774,0.22767105,0.11869646,0.09664021,0.11038385,0.15892466,0.0570083,0.08744905,0.11934475,0.03991122
665,0.39753125,0.01930974,0.00039582,0.30860853,-0.10353768,-0.00106396,0.35737755,0.48784158,0.19179921,0.25259809,0.13541448,0.14682396,0.17804223,0.09307391,0.16899801,0.22639796,0.09978505,0.17192551,0.29474496,0.30965586,0.17401285,0.20199896,0.16275361,0.31480096,0.1828161,0.13680906,0.17060843,0.22226111,0.12205436,0.124348,0.15772286,0.07312632
666,0.23998954,0.02254706,-0.00284102,0.28324826,-0.09171433,0.00111362,0.32499556,0.46171043,0.16283598,0.22326951,0.10279387,0.13805339,0.17309523,0.08328139,0.15532469,0.21145391,0.08639996,0.15149065,0.25918943,0.27634394,0.15241065,0.17239037,0.15265304,0.27782387,0.15711981,0.12976129,0.14525938,0.19912686,0.09095221,0.11760345,0.15146024,0.06551139
667,0.21150258,0.00323523,-0.02359979,0.22527817,-0.07512237,0.00310518,0.25127264,0.44389624,0.13083601,0.1914031,0.08290547,0.10508471,0.13431459,0.05390733,0.1187911,0.16854608,0.05570096,0.11935915,0.21971177,0.22470762,0.11633175,0.13912564,0.11627905,0.23514935,0.12544463,0.09896995,0.1172187,0.16745986,0.07391564,0.0897174,0.12057862,0.03996115
668,0.30121695,0.0046612,0.0036758,0.25756081,-0.08453793,-0.00114909,0.28678532,0.46326087,0.16077876,0.21930599,0.09943486,0.12943973,0.16248557,0.0776575,0.14367052,0.19639879,0.07302681,0.14705896,0.24938251,0.2595669,0.14653725,0.17171268,0.14253818,0.26786928,0.14675848,0.11925208,0.14048686,0.19115748,0.08532328,0.10971573,0.14168519,0.05879057
669,0.34517968,0.02832679,-0.00386598,0.30071841,-0.10339427,0.00652015,0.32463711,0.48842643,0.1767649,0.23490932,0.11872903,0.14129719,0.1742546,0.09115668,0.16048423,0.21222057,0.0951621,0.15894682,0.28532327,0.29347169,0.16215176,0.18364319,0.15129313,0.29999339,0.17266993,0.13626576,0.16326076,0.21461707,0.11258377,0.12895279,0.15903237,0.07980421
670,0.21289322,0.01893225,0.00210255,0.2772094,-0.08512977,-0.00167629,0.27058775,0.50937643,0.16644383,0.22969217,0.10837231,0.14178798,0.17619288,0.08192167,0.15844021,0.2144619,0.08928704,0.15685683,0.26060309,0.27453656,0.15033254,0.17807278,0.1582865,0.28128665,0.15527887,0.12926462,0.14553708,0.19642838,0.0946236,0.11719126,0.15344264,0.06216968
671,0.34886619,0.01278628,-0.02262957,0.25284838,-0.08271726,0.00432714,0.27758148,0.44270909,0.15555325,0.21314825,0.10032796,0.13037236,0.16726451,0.07711878,0.14464263,0.1951782,0.08043834,0.14663803,0.23865289,0.24180503,0.13345003,0.16183457,0.14119482,0.2531636,0.15003909,0.12735231,0.14202484,0.19347997,0.09058298,0.11671335,0.15079464,0.06457138
672,0.40312435,0.0029316,-0.00730994,0.30991365,-0.09787174,0.00359789,0.33378635,0.47832876,0.20360126,0.26641922,0.13933746,0.1580295,0.18945619,0.10252666,0.17754741,0.23649132,0.10353645,0.18330426,0.30258779,0.31306202,0.19138515,0.21193703,0.1716757,0.32001739,0.19036387,0.14293811,0.18050151,0.2338938,0.125424,0.13240947,0.1635925,0.08028205
673,0.44980075,0.02050088,-0.0261465,0.30422161,-0.10441225,0.00426761,0.33113834,0.49507187,0.17565772,0.2376493,0.10954346,0.14575578,0.18030023,0.09241184,0.1624918,0.21825791,0.08993862,0.15962423,0.28654886,0.29974312,0.16646336,0.18300633,0.1573664,0.30361487,0.15849672,0.13148763,0.15088011,0.20369223,0.09131773,0.12044979,0.1501694,0.06885128
674,0.29863789,0.02759612,-0.0036979,0.2790413,-0.08556496,-0.00248135,0.28369702,0.48842537,0.16536398,0.22505445,0.11046216,0.12954089,0.16445239,0.0762981,0.15022453,0.20369309,0.08141836,0.14978979,0.24385573,0.26772404,0.1401612,0.17472398,0.14347627,0.26230405,0.15978729,0.12142209,0.14988442,0.19934747,0.0978267,0.1116577,0.14562808,0.06123227
675,0.27378311,0.0165258,-0.00783225,0.24563655,-0.0807492,0.00032054,0.27178099,0.4501031,0.14752767,0.20508665,0.09743322,0.11593434,0.14335512,0.06476697,0.13208531,0.18112933,0.06928894,0.13492092,0.23140007,0.24019081,0.13272283,0.15590349,0.12723628,0.2474716,0.14687221,0.11255241,0.13814055,0.18722448,0.09098562,0.10047031,0.13233281,0.0499534
676,0.38294494,0.03219303,-0.0246058,0.29731088,-0.09915899,0.00548822,0.34570612,0.46592394,0.18722617,0.25098544,0.12557123,0.16201454,0.20025841,0.10600011,0.17376747,0.230491,0.10412319,0.17790776,0.28677195,0.2882788,0.17519728,0.19622916,0.1737314,0.30138723,0.17882345,0.15439223,0.17138027,0.22858356,0.11254654,0.14230338,0.17960594,0.08698943
677,0.34675281,0.02609992,-0.00857218,0.26827333,-0.08767623,0.00132976,0.30818723,0.47254867,0.16575968,0.22697648,0.11187292,0.13316743,0.16464261,0.07924069,0.1500792,0.20393431,0.08268738,0.15355677,0.25841875,0.26859788,0.15324959,0.17627817,0.14709355,0.27619982,0.16518105,0.12976817,0.15582574,0.20466513,0.10718971,0.11861084,0.15000186,0.06631406
678,0.45280748,0.0221438,0.00474776,0.29613111,-0.09548511,0.00351441,0.29136002,0.49237137,0.18101746,0.24160359,0.12054788,0.14954056,0.19093361,0.09080947,0.16862881,0.22366273,0.10492797,0.16778887,0.27891146,0.29236299,0.14699133,0.19121161,0.16359931,0.2968909,0.17669575,0.14655067,0.16596591,0.21640729,0.11302386,0.13658889,0.17250851,0.08214136
679,0.42501348,0.01023398,-0.01286815,0.26057548,-0.08670909,0.00402803,0.28132103,0.46775424,0.14552348,0.20715907,0.08644828,0.12389141,0.15418662,0.07087607,0.13420485,0.18743414,0.06628542,0.13510193,0.23485241,0.25623683,0.14022066,0.1551959,0.13522024,0.25015831,0.14284631,0.1174866,0.13518341,0.18697531,0.08141196,0.1077546,0.13757177,0.05724444
680,0.28949486,0.02758496,-0.00567699,0.26546582,-0.08821131,-0.00024902,0.30050423,0.49534668,0.15986095,0.22078426,0.10463143,0.12272295,0.15187789,0.07107246,0.14318534,0.19678463,0.07589726,0.14352821,0.25345256,0.26440169,0.13592014,0.16943894,0.13533442,0.27139957,0.15739293,0.1188041,0.14742446,0.19824175,0.09411688,0.11061441,0.14171108,0.0588607
681,0.38880895,0.01097196,-0.01589463,0.29017221,-0.09445778,2.915e-05,0.30560206,0.49640226,0.15889884,0.22344776,0.0996286,0.12727689,0.15931708,0.06971762,0.14221645,0.20227261,0.07208751,0.14624847,0.25472645,0.27604425,0.14794674,0.16895337,0.14231289,0.27460893,0.14877605,0.11447411,0.13968104,0.18897293,0.08738221,0.09971866,0.13431556,0.04788707
682,0.6172966,0.02117404,-0.0061816,0.33064953,-0.11248548,0.00179646,0.36183168,0.51126084,0.19142008,0.25619274,0.12122864,0.15060686,0.1930392,0.09288813,0.17155222,0.23232328,0.09432288,0.17255682,0.29180816,0.32147101,0.16726092,0.20274773,0.16590346,0.3118635,0.17978553,0.13963646,0.16743924,0.2234236,0.10736643,0.13058015,0.16548207,0.0759981
683,0.43181134,0.02290853,-0.01058788,0.25796427,-0.08834894,0.00390569,0.27596498,0.47553866,0.14229334,0.20152171,0.08319118,0.11669322,0.15359477,0.06456977,0.13118395,0.18493066,0.06366226,0.13300767,0.2252104,0.24619313,0.11726731,0.15251413,0.13022898,0.2436581,0.13867874,0.11113701,0.12827152,0.17722062,0.0733642,0.10138318,0.13408597,0.05059079
684,0.54807953,0.02629426,-0.00374718,0.2741238,-0.0909826,0.00412257,0.26286946,0.4856859,0.14453906,0.20045294,0.08835066,0.1210623,0.15841875,0.06884907,0.13554257,0.18705052,0.07283577,0.13443932,0.23798862,0.25653303,0.12221518,0.15327044,0.13271453,0.25339866,0.14285201,0.11859249,0.13468986,0.18347785,0.08324347,0.11042848,0.1421408,0.06269371
685,0.3696944,0.00991951,-0.01551426,0.31276385,-0.09784343,0.0063834,0.33764798,0.49321079,0.1937616,0.25412763,0.13824903,0.16453804,0.19811312,0.1116545,0.18089431,0.2371308,0.11670735,0.18268465,0.30224541,0.30835616,0.18342697,0.20447054,0.17901185,0.31966099,0.18714139,0.15736001,0.17909952,0.22758357,0.12966057,0.14603608,0.17657794,0.09629485
686,0.54038314,0.01910878,-0.01694187,0.26216172,-0.09276526,0.00672351,0.26752751,0.49785809,0.12660087,0.18953628,0.06131295,0.10670941,0.13532428,0.05317431,0.11589221,0.17172028,0.04468634,0.11433177,0.22431951,0.25171964,0.1197773,0.136069,0.11995144,0.2433652,0.12023017,0.10072827,0.10981226,0.15989136,0.05214118,0.08784878,0.11553831,0.03656924
687,0.27221498,-0.00109475,-0.0111419,0.23553493,-0.08049026,0.00556815,0.26814912,0.44891362,0.12948196,0.18701198,0.07365857,0.11222111,0.13922639,0.06307787,0.12081209,0.1711864,0.05730658,0.11980378,0.22719979,0.23213816,0.12308125,0.13921349,0.12392686,0.24247228,0.12419341,0.11041443,0.11587078,0.16643211,0.06680533,0.10020571,0.12578049,0.05116596
688,0.3896761,0.01867281,-0.01297892,0.2854025,-0.09417212,0.00068516,0.32814711,0.50510552,0.18841471,0.24831221,0.13555994,0.14604193,0.17775585,0.09646393,0.1668432,0.21939183,0.10313025,0.17149846,0.28079581,0.28875117,0.1673391,0.19929767,0.16048229,0.29906956,0.18340041,0.13934704,0.17114023,0.22084696,0.12632877,0.13093634,0.16311867,0.08187414
689,0.54902477,0.01004417,-0.00086911,0.31157537,-0.09915146,0.00569463,0.31556618,0.50849766,0.1880861,0.25061985,0.12271758,0.16095198,0.19856705,0.10153318,0.17380189,0.23394215,0.10313069,0.17606665,0.28668741,0.30925586,0.17363468,0.19878676,0.17759146,0.30645486,0.17842708,0.15153743,0.167074,0.21712738,0.11370602,0.13849616,0.17195163,0.08656328
690,0.25522644,0.00379212,-0.02248044,0.23927515,-0.07818603,0.00596174,0.24880816,0.43225439,0.15080786,0.20966767,0.0937204,0.12516154,0.16011798,0.07204732,0.1371004,0.18724027,0.07249456,0.14163794,0.22824204,0.23641721,0.13115089,0.16016887,0.13648383,0.24276892,0.14405962,0.1185783,0.13762695,0.18902796,0.08432536,0.10963526,0.1399109,0.0577496
691,0.4337107,0.00823614,-0.01614138,0.25135975,-0.08595274,0.00328695,0.26642221,0.4715181,0.13075006,0.1912946,0.07297068,0.10517864,0.13921819,0.05266214,0.12061191,0.17334675,0.0523344,0.11941674,0.22008602,0.23793421,0.11301563,0.14054986,0.11875029,0.23868237,0.12507596,0.10075493,0.11580545,0.16558661,0.06407654,0.08984457,0.12104582,0.03918152
692,0.21662187,0.00168706,-0.01131529,0.2468862,-0.08275346,0.00458374,0.26628339,0.44829085,0.14089787,0.19932497,0.08743178,0.11597984,0.14095595,0.06378594,0.13077876,0.18002013,0.0653716,0.12912613,0.23978511,0.24881822,0.13151016,0.15196697,0.13156014,0.25997875,0.13792608,0.11302963,0.12728439,0.17359937,0.08070823,0.09916035,0.12389224,0.05069035
693,0.17716818,0.00309404,0.00669448,0.26133598,-0.07701945,-0.00162944,0.26894975,0.49470077,0.15858844,0.21896166,0.10926179,0.12539355,0.15291716,0.07336414,0.14112303,0.19515628,0.07806882,0.14403098,0.25070018,0.25722041,0.14394448,0.16949938,0.14043222,0.26827003,0.14844379,0.11413764,0.13960501,0.18828906,0.096394,0.10453091,0.13513291,0.0555881
694,0.47483044,0.01160096,-0.02258521,0.25651718,-0.08875934,0.00719822,0.25469049,0.48034991,0.13676897,0.1970587,0.07589903,0.1135491,0.14325205,0.06188073,0.12171796,0.17659868,0.05462383,0.1240322,0.23278877,0.25113879,0.13069924,0.14599799,0.12573027,0.2480725,0.13522974,0.10959628,0.1248662,0.1747609,0.07132241,0.09925402,0.12735663,0.05054014
695,0.36682428,0.02691079,0.01309658,0.29596666,-0.09614424,0.00100604,0.32210853,0.46661989,0.17499185,0.24149991,0.11313659,0.14729887,0.17825245,0.08679053,0.16446234,0.2225504,0.09130916,0.16344837,0.28595013,0.29857188,0.16935569,0.18855333,0.16487506,0.30855111,0.16489199,0.13850477,0.1548203,0.20912574,0.10071214,0.12326722,0.15662625,0.06764512
696,0.15724803,0.02013333,-0.00723129,0.29816254,-0.09944316,0.00125908,0.35769793,0.45741093,0.19016117,0.25253231,0.13177054,0.1493715,0.17954655,0.09745251,0.16889059,0.22519951,0.09936735,0.17182223,0.2965705,0.30085186,0.18491854,0.19677194,0.15908033,0.30866702,0.1857145,0.14147319,0.1753406,0.23101623,0.12133292,0.13066805,0.16554514,0.07957121
697,0.57355133,0.01206221,0.00590177,0.30005837,-0.09273927,0.00318457,0.30482888,0.4946079,0.16664702,0.2255373,0.10704954,0.14053247,0.17270989,0.08485309,0.15352553,0.21168946,0.08783963,0.15461116,0.26518949,0.29382916,0.15696074,0.17853582,0.15595333,0.28491319,0.15936198,0.13255401,0.15080995,0.19767372,0.0967403,0.12027492,0.15252357,0.07040749
698,0.34066984,0.0195815,-0.00985944,0.23704092,-0.07616902,0.00401574,0.24393825,0.44691091,0.15966627,0.21379571,0.10477648,0.12751492,0.16177719,0.07800043,0.13767193,0.18584267,0.0772519,0.15069521,0.22383329,0.22795747,0.11417027,0.16862474,0.13876278,0.24011342,0.15821297,0.12675202,0.15044352,0.19627473,0.10070475,0.12007883,0.14687116,0.06990881
699,0.37029371,0.02388638,-0.02431454,0.29156137,-0.09184935,0.00145753,0.30717515,0.4579205,0.18359328,0.24438641,0.12064105,0.13991382,0.17495834,0.08692209,0.15881566,0.21303585,0.0890577,0.16719129,0.27091597,0.27926235,0.16944532,0.18719688,0.14783845,0.27964499,0.17152376,0.12599854,0.1652149,0.21530689,0.10586238,0.11761628,0.14958551,0.06821883
700,0.34516336,0.00602516,-0.01876195,0.27283391,-0.08931497,0.00167212,0.30410895,0.46207354,0.17471359,0.23642609,0.11557688,0.14152278,0.17454754,0.0844274,0.15775274,0.21386457,0.08877416,0.16085754,0.26760892,0.27276812,0.15679317,0.18722826,0.15804912,0.28731918,0.1621396,0.13184367,0.15285727,0.20566039,0.10200615,0.11934163,0.15027326,0.06663738
701,0.43772423,0.01180107,-0.00724363,0.23344803,-0.08283548,0.00331433,0.22878145,0.49223623,0.11145444,0.17334791,0.05276834,0.09095459,0.12176577,0.03515875,0.1017391,0.15673404,0.03133455,0.09964543,0.19980685,0.224596,0.09443939,0.1233955,0.10739279,0.22191561,0.10828448,0.08823679,0.09674821,0.14733602,0.0451741,0.07513745,0.10603354,0.02324327
702,0.33714849,0.00996531,-0.00092629,0.2404322,-0.08102719,0.00495725,0.26307064,0.43949113,0.13765266,0.19007907,0.0900625,0.11303665,0.14321792,0.06573206,0.12843952,0.17505264,0.06951866,0.12789762,0.22148455,0.22642896,0.11609918,0.14519309,0.12446986,0.23617204,0.14265705,0.11548141,0.13526186,0.17695692,0.09162415,0.10529547,0.12965459,0.05963019
703,0.34123613,0.01004571,-0.04821711,0.24358919,-0.08541643,0.006573,0.25518729,0.43220896,0.14186574,0.1976164,0.08765431,0.11595893,0.1464557,0.06559607,0.12700399,0.17490632,0.06527452,0.13152319,0.22506995,0.22775814,0.12020094,0.14777641,0.12416207,0.23678625,0.14391775,0.11631217,0.13692987,0.18341634,0.08667891,0.10650922,0.1306922,0.05691293
704,0.37372293,0.01516811,-0.01393518,0.25361495,-0.07895036,0.002725,0.2673755,0.44885896,0.13724414,0.19809577,0.08237377,0.1108867,0.13677505,0.05969016,0.11983013,0.17286241,0.05157395,0.12577002,0.22311281,0.23533883,0.13725332,0.14391957,0.12125247,0.23726944,0.13499966,0.10532809,0.1277914,0.1758934,0.07643396,0.09363782,0.12057745,0.04444265
705,0.39439397,0.0080798,0.0110767,0.30489655,-0.09449445,-0.00014119,0.34263099,0.49740421,0.18029155,0.24079365,0.12390816,0.14378249,0.17235648,0.0888401,0.16297654,0.22166546,0.09515472,0.16174603,0.28022675,0.29725594,0.17788542,0.19100746,0.1610195,0.30170045,0.17577364,0.13608746,0.16385274,0.21380663,0.11483581,0.12132247,0.15491625,0.0725386
706,0.39424838,0.00918554,-0.01353167,0.26951109,-0.08453624,0.00168522,0.29554003,0.4614306,0.16840369,0.2298937,0.10915714,0.13912264,0.1732778,0.08395558,0.15189129,0.20694013,0.08268691,0.1554899,0.25191292,0.26665573,0.15118411,0.17863013,0.15344192,0.27050284,0.15496816,0.12640055,0.14452712,0.19859175,0.09255184,0.11521506,0.15035028,0.06295923
707,0.12662621,0.01898541,-0.02562264,0.22402281,-0.07499982,0.002134,0.23594911,0.44583003,0.1446931,0.1997848,0.09400131,0.10686791,0.13506039,0.05967783,0.12411298,0.16966956,0.06370006,0.13021214,0.22066646,0.22330378,0.11241269,0.15125999,0.11641898,0.23383568,0.14266649,0.10323364,0.13352336,0.18094695,0.08644026,0.09737116,0.12360987,0.04959447
708,0.52511069,0.02107865,-0.01259473,0.26208576,-0.08935318,0.00474263,0.28734067,0.48891681,0.14417969,0.20368578,0.08421954,0.11976458,0.15405751,0.06680408,0.13561552,0.19067903,0.06740012,0.13384508,0.2322284,0.25268442,0.12667987,0.15297056,0.13303273,0.25065795,0.14281666,0.11820815,0.13211906,0.18182435,0.0782097,0.10755513,0.13721057,0.05539545
709,0.37098418,0.01320536,-0.0026892,0.29610523,-0.09849907,0.00314895,0.33222223,0.48818161,0.16686397,0.23266208,0.10074682,0.1374573,0.17443848,0.0794618,0.15561089,0.21601271,0.08045623,0.15412114,0.27083929,0.2879553,0.16168125,0.17547159,0.15042341,0.2867577,0.15315018,0.12200662,0.14546672,0.19758355,0.08559755,0.10956968,0.14541937,0.05691425
710,0.29832014,0.02287345,-0.04349951,0.26346536,-0.08463108,0.00253399,0.28847075,0.46217003,0.16452198,0.22522579,0.1086712,0.13355811,0.16952674,0.08506833,0.14763966,0.19905463,0.08359877,0.15213655,0.25881772,0.25324162,0.1551255,0.1661553,0.13740497,0.2638103,0.1598128,0.12591849,0.1559667,0.20728832,0.09985174,0.12007081,0.15239532,0.07241539
711,0.56020911,0.02299504,-0.02137579,0.29892675,-0.10631832,0.00565166,0.32120444,0.48729027,0.15246721,0.21532733,0.08127901,0.12673985,0.16282228,0.07490755,0.14230433,0.19956136,0.06866519,0.13906229,0.26043938,0.27875382,0.14110226,0.15981116,0.13593792,0.27445974,0.1520819,0.12293778,0.14267321,0.19542135,0.07643171,0.1145,0.14543638,0.0640241
712,0.40096622,0.0135812,-0.00411069,0.27083244,-0.08909939,-0.00015961,0.29042218,0.47608101,0.15371142,0.21334335,0.09345605,0.12784627,0.15951928,0.076624,0.14362781,0.19731848,0.07473254,0.14142198,0.24705213,0.26536704,0.15008815,0.16532959,0.14376046,0.26705198,0.15015685,0.12318342,0.14066374,0.19220709,0.08897398,0.10995401,0.14009122,0.06280507
713,0.3762045,0.01208447,-0.02028549,0.26186492,-0.08412393,0.00423751,0.29054106,0.44816633,0.16041468,0.22494904,0.10235533,0.13090472,0.16656973,0.0714348,0.14524357,0.20231956,0.07341566,0.14926102,0.24296392,0.25104517,0.13479096,0.17064508,0.14561614,0.26281388,0.15674009,0.12882732,0.1463454,0.20133696,0.09120899,0.11571501,0.15065186,0.05925653
714,0.52752932,0.02495755,-0.00429051,0.29867206,-0.09888958,0.00209979,0.2955997,0.50497479,0.15941808,0.22214481,0.09537173,0.12901068,0.16566319,0.0716222,0.14575341,0.20583476,0.07586009,0.14613628,0.2619465,0.2858468,0.1349327,0.17172758,0.14503735,0.28268664,0.15576,0.12495383,0.14325698,0.19699555,0.08493477,0.11401174,0.14723077,0.05954985
715,0.40566967,0.01520578,-0.01822845,0.25251133,-0.08204018,0.00290902,0.26451359,0.4591336,0.14720915,0.20823386,0.08426929,0.12117017,0.15829567,0.06483119,0.13356562,0.18940573,0.0613036,0.13663614,0.22505457,0.24376744,0.12563777,0.15822181,0.13575697,0.24423659,0.13825763,0.11176445,0.12816293,0.18238948,0.0699811,0.10137001,0.13470787,0.04847007
716,0.29450575,0.00698887,-0.01012611,0.28409086,-0.09743804,0.00826433,0.32330785,0.45230431,0.18113108,0.23924406,0.1203453,0.15537944,0.18636576,0.1035053,0.16921001,0.22455549,0.10323516,0.16973016,0.28276119,0.28890565,0.18224044,0.19199867,0.16725116,0.29647085,0.1772387,0.14775974,0.17003545,0.22152931,0.11698657,0.13657797,0.16559545,0.0869463
717,0.45885101,0.01422298,-0.00804853,0.26976362,-0.08903707,0.00419292,0.28150197,0.48931883,0.14415932,0.20708161,0.08033102,0.12410174,0.160155,0.0677236,0.13551336,0.19673061,0.06671444,0.13252143,0.23852196,0.2586296,0.1443413,0.1539087,0.13777511,0.25480888,0.13501501,0.11289896,0.12651519,0.18026022,0.06875435,0.1002541,0.136046,0.04866167
718,0.27817668,0.00221674,-0.00369458,0.231081,-0.07655106,0.00036027,0.24713327,0.46050349,0.11837779,0.17752698,0.06885443,0.0903253,0.11855993,0.03865566,0.10728357,0.1593941,0.04089768,0.10482954,0.19701931,0.21927702,0.09769746,0.13003265,0.1060315,0.21901076,0.12026494,0.08937234,0.1089557,0.15698202,0.06335152,0.07836836,0.10710738,0.02972223
719,0.30203938,0.00715205,-0.02562839,0.24014914,-0.07599887,0.0047528,0.25566797,0.43234125,0.15151726,0.20747258,0.09907196,0.12413294,0.15921129,0.07300734,0.13766315,0.18761235,0.07637957,0.14296994,0.22015691,0.22626486,0.1238289,0.15965353,0.13695905,0.23596945,0.15091357,0.12386506,0.14212633,0.19153653,0.09527096,0.11262671,0.14294076,0.06367222
720,0.30391866,0.01656989,-0.01861404,0.27401328,-0.09329094,0.00486596,0.31125148,0.48504275,0.16006545,0.21972929,0.10173017,0.12559305,0.1582009,0.07251944,0.14130981,0.19686697,0.07388051,0.14388861,0.26088368,0.27202952,0.14736866,0.16943519,0.13736149,0.27708085,0.15077308,0.11712242,0.14298778,0.19309727,0.09075748,0.10708603,0.13746857,0.05733738
721,0.46390617,0.03596976,-0.00496181,0.3246861,-0.11092704,0.0032714,0.37119684,0.49393054,0.1816606,0.24903188,0.11567149,0.15215278,0.18922082,0.09198635,0.17008291,0.22968092,0.09279056,0.16787311,0.291272,0.31356211,0.1757953,0.19369299,0.16587873,0.31109865,0.17657885,0.1435891,0.16498767,0.22349996,0.10677736,0.13060476,0.16734052,0.07474704
722,0.40093595,0.01774289,-0.02394093,0.26008376,-0.08916285,0.00739202,0.26655616,0.46874675,0.15567774,0.21374994,0.09823788,0.12966928,0.16580467,0.07677331,0.14335185,0.1954434,0.08175707,0.14410125,0.25170624,0.25578951,0.12629996,0.16144711,0.13834124,0.2652098,0.15599621,0.1301716,0.14673437,0.19680994,0.09399345,0.12284103,0.15180694,0.06838361
723,0.29826243,0.02518329,-0.00435713,0.25905704,-0.08221601,0.00057136,0.27693242,0.47860924,0.15174208,0.21516905,0.09355717,0.12702887,0.1597067,0.07025253,0.14097358,0.19641549,0.07206518,0.14222881,0.2414949,0.25618798,0.134193,0.16098031,0.14019812,0.25992314,0.14549476,0.11979162,0.13609858,0.18921898,0.08168176,0.10792006,0.14315288,0.05325522
724,0.03258082,0.02731517,-0.01147086,0.24376085,-0.08019483,0.00279716,0.26412168,0.4508322,0.14757263,0.20117927,0.09107106,0.12314288,0.15645935,0.07496041,0.13507276,0.18336386,0.07555123,0.13728844,0.2287599,0.23364154,0.12892266,0.15515432,0.13207502,0.24193713,0.14594119,0.11957579,0.13977789,0.18609299,0.08764903,0.11097415,0.1397821,0.06278175
725,0.18932567,0.00231863,-0.00388507,0.20783921,-0.07052427,-0.0038045,0.23713444,0.45071242,0.1215524,0.18346114,0.07147294,0.09122161,0.12229196,0.03452271,0.10629436,0.16008286,0.03936142,0.11147845,0.18733171,0.20433306,0.08511689,0.13609426,0.10939576,0.21242068,0.12758112,0.09362357,0.11460108,0.16737944,0.06918228,0.08077999,0.11241534,0.0258901
726,0.39222208,0.01114937,-0.01194726,0.25417783,-0.08173396,0.00299909,0.22997629,0.48867991,0.12161846,0.17971865,0.06542693,0.10652092,0.13937458,0.05367184,0.11757461,0.16998102,0.05564386,0.11180782,0.21533393,0.23654164,0.10659924,0.13009557,0.11780861,0.2314806,0.11665171,0.10127138,0.10849488,0.15673111,0.05754815,0.09157018,0.12280715,0.0435594
727,0.20562428,0.00467047,-0.00147516,0.24365348,-0.07745152,0.00489241,0.26679431,0.43863834,0.1503634,0.20627744,0.09923006,0.13211859,0.16247761,0.08293365,0.14293551,0.19283159,0.08410385,0.14207388,0.23391466,0.23955416,0.13386136,0.1611149,0.14468382,0.25028877,0.15220555,0.13364387,0.14437873,0.1929595,0.09749324,0.12361521,0.15172974,0.07428568
728,0.16357055,0.02546891,0.02399164,0.27896972,-0.09109387,-0.00500355,0.30518161,0.50196548,0.14668543,0.21396752,0.0826658,0.12185739,0.1563856,0.06041925,0.14121974,0.20116625,0.0647266,0.1330787,0.25203068,0.27603465,0.13634989,0.16080688,0.13950203,0.27682156,0.1357341,0.11143985,0.12395024,0.18123684,0.06649511,0.09829751,0.13628001,0.04303912
729,0.34624071,0.02173668,-0.00601201,0.28318966,-0.09087773,0.00046934,0.30648964,0.49629422,0.15996272,0.21891205,0.10586386,0.13240825,0.16029857,0.08210064,0.14973109,0.20111869,0.08497825,0.14797631,0.26194763,0.27627367,0.15415934,0.16987536,0.14616,0.27931117,0.15540053,0.12694575,0.14688304,0.19452797,0.09833825,0.11555553,0.14576035,0.06801041
730,0.33595848,0.03222884,0.00647108,0.30332735,-0.09804666,0.00223233,0.33505903,0.49085118,0.18310661,0.24488112,0.12243862,0.14663687,0.18259721,0.09109163,0.16604455,0.22352991,0.09284158,0.16759791,0.27907304,0.29911594,0.16280936,0.19270317,0.16060844,0.29761844,0.17187798,0.13637786,0.16124154,0.21487046,0.1054752,0.12536218,0.15751462,0.07168722
731,0.21716958,0.01647933,-0.02198033,0.25220288,-0.08367221,0.0032166,0.27766295,0.5017624,0.13911805,0.20060874,0.08232716,0.11317194,0.13869256,0.06252545,0.12635052,0.17849686,0.05940221,0.12632702,0.23472761,0.25036735,0.13445093,0.14988703,0.126375,0.2532837,0.137572,0.10815749,0.12812115,0.17574113,0.07576499,0.09799217,0.12288292,0.04959766
732,0.27626856,0.02596082,-0.02242623,0.28176939,-0.09200795,0.00720419,0.31401816,0.45737451,0.18360293,0.24671707,0.12160872,0.14601439,0.17748846,0.09069947,0.16238865,0.21939234,0.09396818,0.16976575,0.26951959,0.27493878,0.16261725,0.1917612,0.15772006,0.28648221,0.17830674,0.13974412,0.16841252,0.22355998,0.10934282,0.12769184,0.16329159,0.07303917
733,0.34562374,0.01542053,-0.00837051,0.2513106,-0.08283308,0.00530151,0.27182332,0.47488472,0.13117567,0.18561425,0.08157219,0.10368686,0.12992811,0.05813049,0.12040439,0.17038808,0.05978345,0.11713964,0.23128812,0.24166091,0.13060328,0.13743843,0.11255336,0.24423519,0.12403058,0.09564977,0.11790573,0.16487737,0.07026521,0.08776773,0.1179838,0.04343122
734,0.40776795,0.0146446,-0.01845968,0.23840016,-0.08571087,0.00844882,0.2339461,0.45810042,0.11899609,0.17735011,0.06200181,0.09982827,0.12962506,0.04884437,0.10896162,0.16000637,0.04501247,0.10994055,0.20768729,0.22507481,0.09929811,0.12711706,0.11039512,0.22272652,0.12125388,0.1001232,0.11226163,0.16215569,0.05991713,0.09020823,0.11639706,0.04118693
735,0.19223218,0.02907864,0.0016212,0.26475039,-0.08469576,-0.00054029,0.29748515,0.47854593,0.16259438,0.22730366,0.10761424,0.1299299,0.15914784,0.07361116,0.14629699,0.20112336,0.07683631,0.14913904,0.251049,0.26130621,0.14299862,0.17571961,0.14669458,0.27379693,0.1581217,0.1245996,0.14569315,0.20077193,0.09739286,0.11172802,0.14503587,0.05628498
736,0.44005355,0.03030729,-0.01383475,0.29900903,-0.09838064,0.00100093,0.34297721,0.48898338,0.15922914,0.22635526,0.09449091,0.13307448,0.17119358,0.07613573,0.15379351,0.21593432,0.07849895,0.14836074,0.25764919,0.28731348,0.15473498,0.17120453,0.1492478,0.27974357,0.16380107,0.13187314,0.1492905,0.20457312,0.08939472,0.11926783,0.15410651,0.06564584
737,0.24417916,0.00860648,-0.01001607,0.25936164,-0.0854888,0.00041106,0.27950111,0.49469767,0.16504218,0.22242503,0.11405568,0.13395068,0.16427703,0.08225621,0.14965516,0.20164142,0.08966812,0.15088741,0.25671469,0.26360364,0.14277261,0.17423581,0.14753685,0.27359981,0.15716843,0.12448061,0.14799081,0.19509253,0.10332285,0.11384952,0.14741315,0.06291696
738,0.40251533,0.01982051,-0.02140862,0.27107715,-0.0835791,0.00221132,0.28604659,0.47535186,0.15039877,0.20984603,0.09732562,0.12415969,0.15772255,0.07075607,0.13714239,0.19158386,0.07420881,0.1399416,0.24310674,0.25288041,0.12893136,0.15790738,0.13551065,0.2594362,0.14734097,0.12027542,0.13875281,0.18715618,0.08661784,0.10859981,0.14114503,0.05684265
739,0.42494659,0.03386434,-0.00437072,0.28937388,-0.08907562,-0.00102865,0.30483185,0.49618275,0.16717759,0.23265592,0.10697465,0.13642223,0.17407299,0.07881803,0.1516659,0.21186842,0.0789746,0.15434576,0.24918769,0.27338215,0.1463105,0.17919826,0.15398918,0.27226388,0.1616299,0.12972443,0.14905096,0.20567598,0.0914021,0.11687262,0.15604551,0.06188419
740,0.61666333,0.03259704,-0.01056007,0.30716792,-0.10501828,0.00985907,0.30575473,0.49196335,0.17498687,0.23137848,0.10946608,0.14711862,0.18150121,0.09888781,0.16431671,0.21616983,0.09753806,0.16152706,0.28425919,0.30214299,0.17889615,0.18269014,0.15754655,0.296993,0.16465215,0.14105608,0.15990286,0.20600044,0.1040212,0.13173889,0.15920766,0.08650648
741,0.42258468,0.01029503,-0.01963199,0.28950777,-0.0965841,0.0025441,0.31899986,0.49335132,0.1582121,0.2222279,0.09326602,0.13103773,0.16607099,0.07400017,0.14730307,0.207878,0.0717126,0.14606319,0.25888517,0.27891308,0.15189828,0.1706382,0.14732951,0.27980745,0.15114239,0.12286209,0.14009197,0.19529134,0.08174367,0.1094838,0.14347925,0.05799211
742,0.49027601,0.0138614,-0.01122226,0.25900075,-0.0863424,0.00145791,0.2530634,0.48264842,0.13835044,0.19715668,0.08019044,0.10934418,0.14630908,0.05624975,0.12584142,0.17977993,0.06076382,0.12435472,0.22641691,0.24796866,0.11356197,0.14802318,0.12267649,0.24590195,0.13490219,0.10632197,0.12513497,0.1739217,0.07423673,0.09821691,0.12831533,0.04802986
743,0.44822029,0.00801056,-0.0144398,0.27261028,-0.0907083,0.00064463,0.29525161,0.47536001,0.14932544,0.21365275,0.08216093,0.11885906,0.15802458,0.06157993,0.1347819,0.19434947,0.05849057,0.13597216,0.23687651,0.26226535,0.12773262,0.15995432,0.13477452,0.25791758,0.13665302,0.10614935,0.12442421,0.17744718,0.06708506,0.09571639,0.13020232,0.04260285
744,0.4649529,0.0072781,-0.02853736,0.26647786,-0.09093694,0.00407204,0.2804071,0.46455593,0.14598045,0.20685966,0.08795883,0.11616795,0.14665914,0.06328129,0.12795652,0.1842882,0.06046723,0.13311589,0.23254768,0.25375441,0.13863765,0.1541329,0.12565873,0.24647398,0.1439024,0.10936258,0.13428453,0.18737421,0.07941593,0.09888547,0.13017961,0.04775984
745,0.75063449,0.02864261,-0.0153107,0.32782753,-0.10955521,0.00299469,0.33999152,0.51343608,0.18087344,0.24541658,0.11187746,0.15484395,0.19614884,0.09677455,0.16940502,0.22975912,0.09677595,0.16831756,0.28729931,0.31486712,0.1733802,0.19097385,0.16858643,0.3044079,0.1716206,0.14336481,0.15941628,0.21396034,0.09934601,0.13264322,0.16904789,0.08089809
746,0.45603184,0.01550433,0.00118445,0.30520887,-0.10043623,0.00048241,0.31869031,0.4840575,0.16981505,0.23114786,0.10621807,0.13844672,0.17235693,0.08253183,0.15710224,0.21607139,0.08654415,0.15336261,0.28297074,0.30505878,0.17135586,0.17987059,0.15209658,0.30041594,0.16022816,0.12858973,0.15056227,0.2030654,0.09531328,0.11832558,0.1497839,0.06591351
747,0.54703648,0.01165093,-0.00882113,0.28909525,-0.09157892,0.0003356,0.30839685,0.48678554,0.16737775,0.23280154,0.09728675,0.13483472,0.17679328,0.07509987,0.15357007,0.21460823,0.07546537,0.15508098,0.25144654,0.28090399,0.15005145,0.17818834,0.15045253,0.2706893,0.16174503,0.1255144,0.14941516,0.2069618,0.08702076,0.11562349,0.1523013,0.0614338
748,0.25858506,0.01840567,-0.00501871,0.27198948,-0.09037835,0.00327377,0.3004907,0.45716885,0.15719309,0.22002586,0.09925742,0.129489,0.15579295,0.07471868,0.14478844,0.19883663,0.07664889,0.14368224,0.26141294,0.26754872,0.14768584,0.16778501,0.14357738,0.28082955,0.15233615,0.12452224,0.14160994,0.19441828,0.08784369,0.1113258,0.14257355,0.0592464
749,0.31524123,0.00557346,-0.01319943,0.21269439,-0.06644964,-0.00072078,0.22266556,0.4413923,0.12444551,0.18215243,0.07992596,0.10621446,0.13742549,0.05509694,0.11461009,0.16420145,0.05609982,0.11955836,0.19311144,0.19900819,0.10330168,0.13539645,0.12054217,0.21093488,0.12781403,0.1058663,0.11921795,0.1659429,0.07714889,0.09385869,0.12498909,0.04455248
750,0.22231589,0.02379941,-0.02674027,0.27839138,-0.09460003,0.00386672,0.3150487,0.45290874,0.183232,0.24192229,0.12104941,0.13746561,0.16895761,0.09039134,0.15810444,0.20830674,0.08549624,0.16336719,0.27982261,0.27781352,0.16850616,0.18629066,0.14571896,0.29102238,0.17319856,0.12572139,0.16577728,0.21492972,0.10768378,0.11894323,0.14510265,0.07228072
751,0.2163032,0.00483919,-0.00782885,0.23888638,-0.07516727,0.00065263,0.26899494,0.46495746,0.16069965,0.21758065,0.11177007,0.11944352,0.14843097,0.06852703,0.13791866,0.18813102,0.0769614,0.14657168,0.23987607,0.23716838,0.14070635,0.1690918,0.13292226,0.25703486,0.15235335,0.11013524,0.14306464,0.18816985,0.10074833,0.09895124,0.13074586,0.0504212
752,0.25331989,0.02413698,0.00073538,0.24715438,-0.08070144,0.0016799,0.25510669,0.47557473,0.13691643,0.19770351,0.08190567,0.11255626,0.14524865,0.05606755,0.12709137,0.18087121,0.05952844,0.12794441,0.22286682,0.23822256,0.11761954,0.1495564,0.12822309,0.24429071,0.13563644,0.10942151,0.12587052,0.17765469,0.07536859,0.09711783,0.12892407,0.04405864
753,0.48576518,-0.00085969,-0.03792308,0.2748945,-0.08896941,0.00980747,0.27367566,0.46530345,0.16893137,0.22766029,0.10600945,0.13767048,0.17207595,0.08209531,0.14536537,0.20179415,0.08013295,0.15581276,0.25666939,0.26499139,0.15093466,0.17799859,0.15065344,0.27255222,0.16102253,0.12903983,0.15289712,0.20278899,0.09581422,0.11731308,0.14737457,0.06461639
754,0.35156587,-0.00108996,0.01203338,0.27804862,-0.08824767,-0.00451322,0.29817382,0.49269028,0.16600153,0.23256304,0.10922245,0.12999216,0.1605903,0.06826452,0.14966333,0.20985914,0.07668464,0.1492589,0.26274355,0.28596868,0.15679837,0.18059162,0.14924999,0.28651767,0.15815049,0.11874737,0.14389753,0.19921073,0.09652748,0.10610325,0.14361917,0.05140093
755,0.30265033,0.01145453,0.00038907,0.31943558,-0.10295714,0.00220558,0.35559982,0.48845824,0.20766904,0.26642502,0.15272248,0.16361921,0.19597534,0.10919254,0.18634767,0.24286908,0.12004531,0.18994028,0.31528137,0.3228931,0.19798007,0.21910514,0.17852787,0.33271551,0.1996498,0.15440902,0.18933878,0.24125474,0.14294329,0.14323084,0.17698185,0.09323458
756,0.29648763,0.02441777,0.00909098,0.25525068,-0.08095946,-0.00158138,0.25617598,0.49253007,0.15361813,0.21189494,0.09703114,0.12749258,0.15832077,0.07502998,0.14337451,0.19483983,0.07953779,0.14047755,0.23957551,0.25417421,0.1401408,0.16370931,0.14217925,0.25972588,0.14022208,0.11715366,0.13177622,0.17791888,0.08275329,0.10577834,0.13551537,0.05593828
757,0.38006362,0.00242356,-0.00461792,0.25815058,-0.08965645,0.00279862,0.27849117,0.48993329,0.13378244,0.19457826,0.07192743,0.1040233,0.12984399,0.05102637,0.11876078,0.17609902,0.04988848,0.11919271,0.23055142,0.25228588,0.13339537,0.14272736,0.11817869,0.24848421,0.12253662,0.09172289,0.11360087,0.16109238,0.06050063,0.07750814,0.10738467,0.02846516
758,0.23819458,0.01227627,-0.02035088,0.26102533,-0.09137535,0.00384041,0.28466973,0.47964366,0.1559898,0.2151083,0.09820346,0.12029653,0.15114217,0.0689324,0.13780534,0.19138519,0.0702278,0.14006876,0.2486584,0.25984402,0.13379608,0.16280134,0.13047426,0.26386516,0.15404964,0.11593959,0.14444951,0.19563341,0.09098026,0.10866814,0.13828554,0.05672544
759,0.50256846,0.01492887,-0.01457266,0.24304638,-0.08389241,0.00552103,0.25616192,0.47437728,0.1315304,0.18756502,0.07431436,0.1043607,0.13429556,0.05581166,0.11690435,0.16696962,0.05237621,0.11942906,0.21209573,0.22848886,0.11425027,0.14034202,0.11617639,0.228826,0.13224416,0.10425832,0.12343007,0.16963605,0.06929486,0.0946817,0.12149657,0.04662769
760,0.27151363,0.01089833,-0.00353047,0.26402763,-0.08425242,0.00449849,0.26684374,0.46500977,0.16416107,0.22270617,0.10786661,0.12724521,0.15444437,0.0742175,0.1423595,0.19584948,0.07729046,0.14815803,0.24800047,0.25937718,0.14519302,0.17213282,0.13974341,0.2636693,0.16281793,0.12516169,0.15541338,0.20247724,0.10519757,0.11406655,0.14051422,0.06277789
761,0.36114744,0.02111171,-0.01629706,0.26830692,-0.08779303,0.00112156,0.29379606,0.46825591,0.15072015,0.21666704,0.08584025,0.11742806,0.15163824,0.05975437,0.131739,0.19112663,0.0556924,0.13815906,0.23925491,0.25700089,0.13423705,0.16209875,0.13083674,0.25799532,0.14885123,0.11144888,0.13818342,0.19490573,0.07675728,0.10135299,0.1339783,0.04706089
762,0.33445162,0.03785933,0.006102,0.32216853,-0.10434462,-0.00066646,0.3502997,0.50527927,0.18432529,0.25434013,0.11843916,0.15039683,0.18961644,0.08656267,0.17234887,0.23730504,0.09462231,0.17092813,0.29893898,0.31230752,0.17146577,0.19758966,0.16671541,0.32009608,0.17406283,0.13990681,0.16435407,0.22376414,0.10442845,0.12668464,0.16542868,0.06912973
763,0.32519473,0.01051412,-0.0146646,0.22361722,-0.07663327,0.00339088,0.23832999,0.4402587,0.13013276,0.18839321,0.07866761,0.10598058,0.13960283,0.05347951,0.1201479,0.1699989,0.0578025,0.12233228,0.20364942,0.21126205,0.09511346,0.14002137,0.11875181,0.22181328,0.13267658,0.11039749,0.12419192,0.17252096,0.07663495,0.09986008,0.12889112,0.04708467
764,0.43703245,0.01603445,-0.02437895,0.28365389,-0.09176266,0.00578122,0.30444313,0.45170241,0.18270902,0.24404871,0.1200997,0.14940849,0.1871096,0.09467919,0.16480189,0.21977382,0.09539738,0.16954756,0.27804957,0.27875262,0.16457592,0.19016863,0.15866682,0.28991417,0.17755281,0.14532803,0.17075075,0.22637539,0.11259077,0.13770362,0.17139558,0.08409587
765,0.45407842,0.02316768,-0.00103802,0.26315041,-0.08506666,-0.00219842,0.28978379,0.47279726,0.14165196,0.20554643,0.08097101,0.12089639,0.1541201,0.06471034,0.1358484,0.1924093,0.06493208,0.13211256,0.23694353,0.25780413,0.13518916,0.15346839,0.1361816,0.25671385,0.13673446,0.11425879,0.12646384,0.17989862,0.07199862,0.1024438,0.13587694,0.0502074
766,0.34139356,0.03582345,0.01325532,0.26422001,-0.08503059,-0.00149344,0.28600255,0.48178934,0.15540085,0.21624386,0.0972496,0.13212957,0.16835344,0.0751232,0.14877667,0.20110112,0.08238288,0.14668113,0.24610337,0.26148164,0.131058,0.16756824,0.14897027,0.26759366,0.15131171,0.12855743,0.139544,0.19022735,0.09014556,0.11731978,0.14940617,0.06292132
767,0.46558111,0.02180466,-0.01586275,0.31986093,-0.10434813,0.00521322,0.34846774,0.44104155,0.21759245,0.27839369,0.15307669,0.1761067,0.21481335,0.11951474,0.19153197,0.24751927,0.12309284,0.20146833,0.32414635,0.31782568,0.2016928,0.22258071,0.18384109,0.33332901,0.20126871,0.16108444,0.19482642,0.24950499,0.13405501,0.15213015,0.18951896,0.09909259
768,0.5336634,0.00642681,0.00720672,0.31460338,-0.10111304,-0.00189745,0.34749086,0.48811188,0.20189278,0.26563856,0.14300958,0.16279072,0.20185575,0.10232944,0.18616232,0.24588134,0.11396546,0.18733775,0.30002853,0.32183618,0.17823449,0.21643524,0.18217767,0.32255798,0.1942075,0.1540725,0.18153808,0.23584248,0.13262405,0.14130747,0.17862814,0.08662247
769,0.35919339,0.02485723,-0.01862071,0.28135083,-0.09609118,0.00523013,0.28921791,0.46271989,0.15417782,0.21487284,0.09102067,0.13515775,0.16941919,0.08330161,0.14764709,0.20020949,0.07971042,0.14363188,0.25730875,0.27126726,0.15054009,0.1624571,0.1450477,0.27048966,0.15342208,0.13165996,0.14569097,0.19712284,0.08740672,0.12157593,0.1497389,0.0727216
770,0.41063605,0.02109206,0.00304403,0.2827705,-0.09519391,0.00277455,0.29498659,0.49108884,0.16049879,0.22272851,0.09939261,0.13397678,0.17262578,0.07521324,0.15209686,0.20966035,0.08228685,0.14942471,0.25402713,0.27381256,0.13848384,0.17128057,0.15035867,0.27480931,0.15465848,0.12904034,0.14319023,0.19362044,0.09009437,0.11596543,0.14857242,0.06144262
771,0.34411052,0.01791013,-0.00555569,0.25501272,-0.08317894,-0.00091681,0.26343507,0.46482109,0.1419911,0.20649982,0.0855263,0.12171195,0.15625933,0.06303882,0.13655779,0.19185853,0.06987893,0.1355126,0.23660153,0.25049457,0.11465632,0.15525899,0.13758831,0.25850566,0.13856944,0.11725715,0.12692714,0.18058301,0.07675038,0.10603884,0.13980209,0.04921076
772,0.45940277,0.01101958,-0.03440061,0.31493848,-0.10424965,0.00830538,0.3414537,0.47880584,0.19335651,0.25656025,0.12343062,0.15095411,0.18651763,0.09634115,0.16912044,0.22877797,0.09302779,0.17439118,0.29516346,0.30147939,0.19374558,0.20069184,0.16141978,0.3072808,0.18732682,0.14223183,0.17839934,0.23602394,0.11549196,0.13214136,0.16513084,0.08085982
773,0.39866856,0.01391785,0.02797407,0.30336434,-0.09407409,-0.00262055,0.34406517,0.49358041,0.18727026,0.24770541,0.13325002,0.14971628,0.18238302,0.09256424,0.17173628,0.22936174,0.1040548,0.17219559,0.28927846,0.31031495,0.17536933,0.20177381,0.16939891,0.31254914,0.17653859,0.13812858,0.16376217,0.2131447,0.12032464,0.12561303,0.1601996,0.07390929
774,0.45883115,0.01434418,-2.753e-05,0.27491636,-0.09024318,-0.00045822,0.2874383,0.49896559,0.16032392,0.21775747,0.10550677,0.1308325,0.1651588,0.07955981,0.14794937,0.20268086,0.08494528,0.14562101,0.25729585,0.27725338,0.14984359,0.16999865,0.14348772,0.27416954,0.15788684,0.12511837,0.14811449,0.19670861,0.1011346,0.11778617,0.14960833,0.06954591
775,0.46453083,0.03509009,-0.00915574,0.27162187,-0.08743821,0.0031359,0.25997533,0.47911213,0.15124947,0.2106561,0.08949294,0.12635936,0.16313008,0.07302315,0.14027501,0.19251764,0.07258745,0.14116989,0.23927334,0.25654462,0.135212,0.15905565,0.13644319,0.25345377,0.14538589,0.12192618,0.13847318,0.19035119,0.08036294,0.11313299,0.14509016,0.06119064
776,0.57060365,0.01673664,-0.03317917,0.29091354,-0.10276673,0.0092966,0.30987416,0.45577247,0.16559221,0.22498926,0.1022297,0.13377953,0.16683862,0.0800011,0.1429497,0.19938532,0.07522059,0.15221904,0.26358505,0.27840856,0.15916179,0.1711349,0.1418979,0.274367,0.16006875,0.12860067,0.15286949,0.20641399,0.09454745,0.11717199,0.1476452,0.06620209
777,0.51765919,0.01095166,-0.03491299,0.33033266,-0.10504298,0.00476444,0.37411121,0.49764449,0.22161704,0.28493511,0.1573725,0.18403984,0.22289473,0.1306833,0.1982334,0.25714582,0.12709041,0.20576034,0.32692185,0.33131039,0.21722864,0.23168114,0.196273,0.33918499,0.20606549,0.16791328,0.19604706,0.25525646,0.14092505,0.15820828,0.19660215,0.10831556
778,0.27972237,0.00940115,-0.0153496,0.24373386,-0.07643007,0.00375571,0.26593565,0.43266894,0.15048678,0.20733073,0.09873823,0.12396023,0.15642964,0.07110407,0.1376659,0.18722175,0.07469145,0.14069154,0.23254806,0.2373174,0.12332624,0.15781858,0.13439222,0.24620414,0.14831191,0.12151687,0.14046324,0.18951964,0.09061882,0.11239033,0.14295933,0.05969514
779,0.49886047,-0.00492913,-0.03314958,0.27317726,-0.09875906,0.00744376,0.28402001,0.47517442,0.13765867,0.20367752,0.06813058,0.11401867,0.14455428,0.05958673,0.12305666,0.18365959,0.04820784,0.12187557,0.24874149,0.26939097,0.14925613,0.14598663,0.12369256,0.26224731,0.12808722,0.10249297,0.12238882,0.17580754,0.05863766,0.09333906,0.12321779,0.04440096
780,0.25910578,0.02851329,0.00100737,0.29893295,-0.09778481,0.00220187,0.32232095,0.49721731,0.17590105,0.24087165,0.11172279,0.15220935,0.19014095,0.09506444,0.16960738,0.228133,0.09797925,0.16732525,0.28496353,0.2946586,0.17661054,0.18619043,0.1651291,0.30094771,0.16866925,0.14224138,0.16028443,0.21655312,0.10227822,0.13064777,0.16762074,0.0774568
781,0.24718311,0.0142975,-0.02367107,0.26067685,-0.08597665,0.00571339,0.28419121,0.46803934,0.15228212,0.21300304,0.0925567,0.12433843,0.15373704,0.07276673,0.13741735,0.18991811,0.06790558,0.13875183,0.25256754,0.25714227,0.15227681,0.15956936,0.13485573,0.26559072,0.14127266,0.11141149,0.1335708,0.18404039,0.07844111,0.10184284,0.13065807,0.05146086
782,0.32365771,0.01248917,-0.03730349,0.23551747,-0.07720712,0.00594014,0.26505678,0.46343034,0.14257134,0.19436873,0.09208979,0.10946364,0.14017613,0.06436347,0.12499465,0.17280415,0.06689592,0.13069418,0.21775074,0.22737945,0.12266639,0.14804601,0.11841473,0.23034761,0.13604844,0.10419002,0.1307014,0.17466373,0.08257615,0.09573961,0.12465928,0.04927513
783,0.33471891,0.01099546,0.01160527,0.25839453,-0.08292499,0.00188049,0.27963001,0.44942296,0.14712583,0.20694129,0.09100011,0.12534697,0.15921571,0.06924171,0.14270968,0.19705218,0.07527789,0.13786553,0.23981719,0.25616879,0.13926672,0.15853035,0.1420548,0.2595574,0.14203937,0.11896469,0.1325448,0.18094805,0.08303414,0.1051224,0.13693936,0.05538216
784,0.44205085,0.00557513,-0.0141769,0.24578024,-0.07668073,-0.00014546,0.26123953,0.45864119,0.14262752,0.20663753,0.08342807,0.11485863,0.15100382,0.05796449,0.12657352,0.1827849,0.05401358,0.13306756,0.21684626,0.23860279,0.12151214,0.15439704,0.12983609,0.23672874,0.14075777,0.11062325,0.13016848,0.18255492,0.07626012,0.09993828,0.13362816,0.04682181
785,0.31553306,0.01989695,0.00054352,0.25070875,-0.08228521,0.00130656,0.27929734,0.45674859,0.14130976,0.20119785,0.08917738,0.11893241,0.14829763,0.06358035,0.13469533,0.18779433,0.07021566,0.13129642,0.2327133,0.24241318,0.12936959,0.15188219,0.13530856,0.25385641,0.13716726,0.1164994,0.12732294,0.17567859,0.08229685,0.10044776,0.13177859,0.04966248
786,0.37377204,0.02433964,-0.00614656,0.28800784,-0.09637137,-0.00299174,0.30650683,0.51364144,0.16194886,0.22562363,0.09948188,0.12672049,0.16850168,0.06885025,0.14966052,0.2081662,0.07768295,0.14778158,0.25562463,0.2790655,0.12740052,0.17333967,0.14176569,0.27656265,0.15797586,0.1211063,0.14579207,0.20058397,0.09050288,0.11247073,0.14996855,0.05687831
787,0.72406079,0.01058977,-0.01327295,0.28694282,-0.09547453,0.00513022,0.28581339,0.48057499,0.14533984,0.2069644,0.08045306,0.12980067,0.16698874,0.0746323,0.14082457,0.19950398,0.0703335,0.13643065,0.24646726,0.27493762,0.14851123,0.15500543,0.1444973,0.26418034,0.1388721,0.12297275,0.12927469,0.17966783,0.07290677,0.10937379,0.14023349,0.06164142
788,0.42211614,0.00326732,-0.03774385,0.28721288,-0.09545495,0.00825839,0.31749674,0.44187266,0.16436334,0.22768425,0.10180709,0.14177663,0.17483257,0.08747572,0.15191788,0.20676326,0.08318314,0.15576842,0.26679715,0.27488853,0.16132044,0.17213957,0.15051989,0.27813288,0.16128513,0.13405554,0.15474944,0.2074759,0.09624484,0.12325337,0.15283262,0.07124333
789,0.4024416,0.02151756,-0.00591786,0.28728624,-0.08973013,0.00236326,0.30973761,0.48031821,0.18001615,0.2422778,0.11996297,0.14731793,0.1838664,0.0919847,0.16477222,0.2200101,0.09797972,0.16753967,0.26994582,0.27991066,0.1584573,0.18742593,0.15845387,0.28441948,0.17288247,0.14064453,0.16358799,0.2159216,0.10875483,0.13143161,0.16469026,0.07697514
790,0.51515613,0.01717107,0.0002506,0.29390215,-0.09401995,0.00290199,0.29429147,0.497952,0.17729262,0.2351024,0.12066712,0.14370564,0.1787815,0.0929589,0.16036663,0.21432744,0.09649869,0.16399639,0.27561829,0.28625752,0.15724506,0.18826751,0.15669926,0.29129856,0.17523809,0.14035396,0.16686098,0.21315246,0.11573338,0.13373992,0.16238484,0.08526778
791,0.32170248,0.01587395,0.00046911,0.2510259,-0.08197663,-5.874e-05,0.26713368,0.46631766,0.1354491,0.19686719,0.07807541,0.11075062,0.14189192,0.05651281,0.12670584,0.18244551,0.056766,0.12458391,0.22917874,0.2458929,0.12967803,0.14655225,0.12529406,0.24783942,0.13454234,0.10512713,0.12357118,0.17641759,0.07022127,0.09248012,0.12557351,0.04125439
792,0.17280568,0.01580237,0.01731687,0.27163677,-0.08897552,-0.00373652,0.31501538,0.48058026,0.16546775,0.22948481,0.10560395,0.13075396,0.1617567,0.07143656,0.15204434,0.21152803,0.07918148,0.148706,0.26390107,0.27405324,0.14932378,0.17888367,0.14987255,0.28948399,0.15164891,0.11664581,0.13995909,0.19203813,0.09052309,0.10152678,0.13720254,0.04702833
793,0.32455586,0.00831506,-0.03549038,0.22305584,-0.08424266,0.00938979,0.22951192,0.45669438,0.11520593,0.16474714,0.0631425,0.09167219,0.11891347,0.050205,0.1037442,0.14852167,0.04374412,0.10362698,0.20915078,0.21501381,0.10094171,0.12050251,0.09867383,0.21912891,0.1167348,0.0936526,0.11204158,0.15567907,0.0619056,0.08664444,0.10804481,0.04364421
794,0.2785783,-0.00048907,-0.01664466,0.26868734,-0.08915073,0.00829236,0.30036252,0.47320723,0.17058717,0.22279037,0.11498277,0.13641975,0.15895346,0.09332829,0.15043481,0.19943668,0.08966418,0.15274865,0.26919823,0.27176835,0.17788993,0.17989754,0.14664327,0.28351816,0.16566072,0.12932246,0.16000723,0.20600755,0.10756947,0.12096944,0.14458405,0.0787706
795,0.3199558,0.00893801,-0.01928614,0.25942539,-0.08766134,0.00483966,0.2806967,0.47377234,0.15102278,0.20523701,0.10036841,0.11509076,0.14135629,0.07050666,0.12777673,0.17663778,0.06717961,0.13187595,0.2489959,0.2530895,0.1512535,0.15782111,0.12560807,0.26098936,0.14648261,0.10751382,0.13920933,0.18396859,0.09253933,0.09772544,0.12401432,0.05554717
796,0.42306916,0.02497046,-0.02052776,0.25034455,-0.08287636,0.00390042,0.26998609,0.45802535,0.14010912,0.20019826,0.0852602,0.11381766,0.14650716,0.06254526,0.12887405,0.17998122,0.06269484,0.13037139,0.22843036,0.2396181,0.12414596,0.149304,0.12567317,0.24504289,0.13859615,0.11126402,0.12979991,0.18219073,0.07694781,0.10226681,0.13236266,0.05194648
797,0.25435499,0.01832961,-0.0122822,0.24361743,-0.07572346,-0.00125561,0.26924569,0.44609395,0.13909496,0.20047071,0.08816903,0.10753407,0.14060225,0.05400447,0.12451601,0.17868105,0.05727085,0.12696359,0.21589232,0.22843085,0.11504364,0.14965081,0.12231226,0.23588903,0.13999965,0.10561549,0.12838509,0.17944746,0.07854671,0.09493651,0.12661486,0.04325146
798,0.41045173,0.00335404,-0.01864645,0.23273096,-0.07329692,0.00486134,0.23730561,0.43608464,0.13438702,0.19036544,0.08223976,0.11447205,0.14513957,0.06353924,0.12123738,0.17073402,0.06035829,0.1261897,0.21480563,0.22345933,0.1236665,0.14390636,0.12772163,0.23106572,0.12885092,0.10992766,0.12216414,0.1676307,0.07500743,0.09824826,0.12580925,0.05092157
799,0.19891411,0.02789088,-0.00536373,0.25397375,-0.08169745,-0.00086425,0.28795317,0.46338769,0.14596651,0.20795441,0.08919537,0.11799999,0.14955944,0.06317465,0.13622164,0.190469,0.06720396,0.13457319,0.23815704,0.24645157,0.13051374,0.15768572,0.13372798,0.25956895,0.14184034,0.11250129,0.13111484,0.18352562,0.07714723,0.10021647,0.13348217,0.04697159
800,0.42202254,0.01070749,-0.01061852,0.24765334,-0.08224609,0.00461412,0.27408195,0.43419019,0.13603486,0.19781951,0.07916648,0.12206695,0.15574428,0.06555663,0.13284533,0.1864796,0.06585558,0.1306122,0.22235939,0.23914302,0.11905131,0.14832266,0.13849088,0.24352112,0.13422628,0.12188138,0.12464899,0.17491456,0.07369518,0.10734001,0.13537178,0.05364874
801,0.34111322,0.0043743,-0.03928388,0.25624649,-0.08141194,0.002183,0.25818182,0.43785746,0.15694152,0.21908255,0.09934081,0.12984434,0.16703114,0.07608729,0.1437479,0.1964255,0.07622519,0.14793151,0.24299134,0.24886938,0.135721,0.16398243,0.13799915,0.25517581,0.14952196,0.12102444,0.14290437,0.19713033,0.08743725,0.11398218,0.14668473,0.06113728
802,0.53517304,0.00713163,-0.00874467,0.29007572,-0.09182153,0.00237846,0.30544051,0.52302809,0.15956484,0.21855015,0.10371713,0.1337846,0.16695324,0.07942064,0.14694089,0.20385744,0.07983456,0.14549428,0.26048645,0.28644411,0.16238846,0.16940739,0.14962727,0.27924838,0.14994926,0.12140541,0.13855505,0.18632136,0.09183513,0.10870926,0.14364998,0.06196663
803,0.44621227,0.01256858,-0.03951768,0.26642711,-0.08877915,0.00231408,0.29012518,0.47697243,0.13936217,0.1999544,0.08401606,0.11105605,0.14133962,0.06234417,0.12478796,0.17876631,0.05902023,0.12578937,0.24193813,0.25140468,0.1395947,0.14454338,0.12011767,0.25412263,0.13352607,0.10226938,0.12621115,0.17683544,0.07278903,0.09251156,0.12399497,0.04601605
804,0.28112245,0.02420554,0.01341082,0.27114489,-0.08744221,-0.002327,0.28891728,0.47312955,0.15730759,0.21941658,0.09637662,0.12267538,0.15950767,0.06284507,0.14568259,0.20240108,0.07363904,0.14283689,0.24551843,0.26674234,0.12371105,0.17155831,0.14122703,0.27163009,0.15070871,0.11590832,0.1355474,0.18849517,0.08231134,0.10529934,0.13892031,0.049061
805,0.18677538,0.0061273,-0.00255334,0.23893488,-0.07751368,-0.00295202,0.25908513,0.49791576,0.13422471,0.19167947,0.08289692,0.10359597,0.1352698,0.05089372,0.11972361,0.17233463,0.05442799,0.11989589,0.21243514,0.22383422,0.11267649,0.14619615,0.12046144,0.23339442,0.13057538,0.09763501,0.11949419,0.16714741,0.07515775,0.08645636,0.11785401,0.03746613
806,0.32176551,0.02731165,0.01547014,0.26101876,-0.08324607,-0.00121161,0.29528787,0.47533473,0.14600143,0.2087745,0.09127914,0.11969685,0.1514982,0.06081562,0.1382844,0.19402554,0.06757219,0.13463198,0.24096032,0.25780707,0.12980635,0.15897695,0.13823619,0.26580664,0.13593161,0.11045118,0.12404212,0.17518812,0.07583809,0.0959265,0.131484,0.04152334
807,0.49565764,0.02930561,-0.02410917,0.29357474,-0.10049577,0.00473991,0.321165,0.46522395,0.16178023,0.22105616,0.10224287,0.13241544,0.16626884,0.08181577,0.14744026,0.20076535,0.07922131,0.14766917,0.26398448,0.27596189,0.15263653,0.16791294,0.14227398,0.27719014,0.15802942,0.12870951,0.14973393,0.20075826,0.0934773,0.117585,0.14583891,0.06863555
808,0.60365132,0.02117016,-0.0129465,0.29996058,-0.09875742,0.00451553,0.28968058,0.46561497,0.16433962,0.22547818,0.09776041,0.13782864,0.17239068,0.08342824,0.14963513,0.2059724,0.07987159,0.15096125,0.26179809,0.28106873,0.15683548,0.16986312,0.14807943,0.27341307,0.15754351,0.13072985,0.14976531,0.20070657,0.08916763,0.11823859,0.14877972,0.06854189
809,0.47084224,0.03177449,-0.00273629,0.29926858,-0.09674403,0.00418472,0.32900963,0.4690782,0.18370217,0.24439907,0.12358965,0.15352621,0.19300419,0.09770558,0.17141095,0.22692285,0.10269011,0.17111681,0.28007125,0.29498679,0.15346176,0.19463094,0.1682137,0.30037762,0.17728695,0.15018384,0.16699586,0.2203964,0.11286351,0.14042456,0.17280247,0.0858619
810,0.39539775,0.00516138,-0.00859959,0.27423162,-0.09111973,0.00373877,0.3025228,0.46193977,0.16991111,0.23243803,0.1082917,0.13498453,0.17192286,0.07977175,0.15317198,0.2092422,0.08345902,0.15565819,0.26295322,0.27342496,0.14376417,0.17915204,0.14657095,0.27824599,0.16596602,0.12793662,0.15490311,0.20982039,0.09825464,0.12086877,0.15469581,0.06606877
811,0.29551524,0.03378143,-0.01586217,0.26648053,-0.0822583,0.00045709,0.27410895,0.49200965,0.15682154,0.22205189,0.09430675,0.1159574,0.14998179,0.05841904,0.13289765,0.19150108,0.05888372,0.14195971,0.22998137,0.25016765,0.13171049,0.1673854,0.13105969,0.25111484,0.15347238,0.1101236,0.1419274,0.19610354,0.07971832,0.09907427,0.13560054,0.04378088
812,0.42330489,0.01796759,-0.02430884,0.28052066,-0.09426848,0.00642019,0.28372735,0.49361117,0.15411902,0.2121372,0.0951289,0.12692307,0.16443413,0.07311672,0.14103943,0.19563911,0.07515678,0.14127486,0.24917729,0.26395026,0.13694318,0.16166939,0.13727143,0.26345813,0.14699732,0.12066279,0.13880783,0.18926251,0.08421962,0.11249702,0.14459831,0.06254958
813,0.13818675,0.02308785,-0.0131147,0.23795898,-0.07550462,0.0008865,0.26660852,0.43080504,0.15145354,0.21093635,0.09807875,0.12652258,0.15828623,0.07381862,0.13950214,0.18851852,0.0772885,0.14318988,0.2367293,0.23472372,0.13644938,0.1563762,0.13576089,0.24860861,0.1402435,0.11616226,0.13399637,0.18486263,0.08320688,0.10310198,0.13663677,0.05092325
814,0.4134581,0.01764694,-0.02387357,0.2852186,-0.09401917,0.00494213,0.32687599,0.47555357,0.15654498,0.2120601,0.09540055,0.12129464,0.14984835,0.07619539,0.13752536,0.19188015,0.07272463,0.14030264,0.24847788,0.26550537,0.15257378,0.15988445,0.12885467,0.25826768,0.1521721,0.11441298,0.14578631,0.19099266,0.08620735,0.10552379,0.13004131,0.06101504
815,0.46131794,0.02655208,-0.03329364,0.29295614,-0.09706592,0.00624823,0.30519522,0.48334377,0.17854399,0.23956859,0.11574443,0.14308476,0.18230021,0.08958399,0.1569899,0.21525947,0.09083591,0.1642129,0.26907766,0.27915026,0.15791307,0.18356733,0.1506422,0.28048262,0.1726779,0.13778234,0.16657333,0.21904846,0.10665786,0.12947399,0.16403413,0.07637943
816,0.31936518,0.00775847,-0.00313761,0.25586004,-0.08186835,0.00239341,0.26620982,0.46845793,0.15285523,0.21260715,0.09893184,0.12266737,0.15309683,0.06807671,0.13712634,0.1907022,0.07079762,0.14137087,0.23473564,0.24897713,0.12725211,0.16329159,0.13692809,0.25220383,0.14849802,0.1194551,0.13940561,0.18994086,0.09030327,0.10829575,0.14083465,0.05624317
817,0.32606188,0.03343651,-0.00944735,0.27534851,-0.08924747,0.00115772,0.29703803,0.45989573,0.15573137,0.21737905,0.09717287,0.12284314,0.15558441,0.07017239,0.14157264,0.19477386,0.07337592,0.14163815,0.24651275,0.25994939,0.14142949,0.16391538,0.13438409,0.26317664,0.15000357,0.11715418,0.14102043,0.19342406,0.08523005,0.10690478,0.13818829,0.05654207
818,0.40320483,0.00929341,-0.02487467,0.27148476,-0.09385111,0.00880872,0.27860678,0.47628698,0.15286618,0.20650794,0.09937752,0.12741565,0.15887321,0.08238216,0.13873113,0.1894641,0.07961543,0.13958484,0.25083796,0.26327862,0.1470781,0.15826248,0.13548821,0.26218788,0.15492964,0.12632943,0.14671339,0.19362964,0.10049144,0.11839621,0.14520438,0.07320846
819,0.29516975,0.01543222,-0.03155805,0.26297828,-0.08907219,0.00707688,0.30016268,0.46313438,0.180733,0.23685769,0.12103724,0.14194216,0.17097526,0.097545,0.15554394,0.20486744,0.0881634,0.16369246,0.26263922,0.26688502,0.16672532,0.18491633,0.14797513,0.2717483,0.17714845,0.13587474,0.17145895,0.22187228,0.11424619,0.13052553,0.15594635,0.08289461
820,0.32809202,0.02638653,-0.0322028,0.28286559,-0.09838124,0.00406325,0.32656677,0.44269346,0.17659308,0.24246162,0.11190813,0.14366371,0.18314645,0.0859939,0.16168373,0.21703823,0.08694099,0.16350704,0.27906276,0.27982375,0.16055243,0.1823115,0.15129847,0.29020221,0.1707325,0.13520682,0.16209145,0.22118622,0.10102521,0.12727627,0.16075103,0.07220383
821,0.36677558,0.01703981,-0.03720173,0.2353207,-0.07981613,0.00854103,0.25174581,0.4291124,0.14156063,0.198486,0.08968724,0.11594138,0.14902489,0.06568239,0.12551083,0.17525521,0.06281165,0.13236408,0.22002325,0.22287382,0.11763358,0.14720051,0.12520999,0.23358224,0.14443036,0.11951167,0.13713632,0.18506957,0.08716307,0.10890648,0.13360655,0.05709651
822,0.2222792,0.00975824,0.01163548,0.24763333,-0.07769684,-0.00493282,0.25912001,0.48965395,0.1368483,0.19524162,0.08345168,0.10970336,0.14028065,0.05680631,0.12795082,0.18092362,0.06314748,0.12368124,0.22141204,0.24445799,0.12079411,0.14703627,0.12447074,0.24160519,0.13531317,0.10691992,0.12387366,0.17235178,0.07807874,0.09648509,0.12786148,0.04654856
823,0.7407319,0.02039725,-0.02121399,0.3447524,-0.1161696,0.00109047,0.3820216,0.50323277,0.1962151,0.26571082,0.11915835,0.15867545,0.1986554,0.09907111,0.17575556,0.24139728,0.09258968,0.17846691,0.29965957,0.32889508,0.19243417,0.20696425,0.17398957,0.3186434,0.18480124,0.14797479,0.17192006,0.23324319,0.10497971,0.13432869,0.17023546,0.08185858
824,0.37775605,0.02440716,-0.01712351,0.26444754,-0.08934796,0.00312486,0.29554764,0.45607469,0.15523683,0.21761475,0.09504254,0.12975933,0.16866948,0.07231816,0.14392538,0.19930429,0.07029246,0.14592393,0.24855172,0.25852072,0.14381513,0.16319172,0.14198826,0.26380479,0.15164922,0.12461941,0.14238195,0.19669027,0.08736823,0.11297164,0.14459233,0.05913021
825,0.42184956,0.0011114,-0.02443528,0.2437085,-0.08833819,0.00798949,0.23299118,0.46999733,0.11969031,0.17647323,0.05800501,0.09454494,0.1262065,0.04644235,0.1048949,0.15654303,0.03786329,0.10740068,0.21176495,0.22908127,0.10247859,0.1266267,0.10427092,0.22492201,0.11762115,0.09101367,0.10881192,0.15818304,0.05182633,0.08314402,0.11005701,0.03676587
826,0.45109208,0.00923796,-0.04521095,0.23707989,-0.08517864,0.0081091,0.24184398,0.46416207,0.11646191,0.17276919,0.06069507,0.09437728,0.12338439,0.04577468,0.10394838,0.15406919,0.04029133,0.104233,0.20255358,0.21670584,0.10600767,0.1244082,0.10470678,0.21735005,0.11647406,0.09326674,0.11000535,0.15751638,0.05838694,0.08337895,0.10736719,0.03825668
827,0.42511041,0.02008425,-0.0272956,0.2493226,-0.083567,0.00489727,0.26418783,0.4808077,0.15041699,0.21025778,0.09372162,0.11429304,0.14431683,0.062836,0.12843403,0.17840563,0.06343693,0.1374667,0.22787969,0.23939043,0.11911272,0.15934351,0.12493052,0.24395135,0.14928347,0.11179907,0.14095513,0.18927825,0.08670791,0.10370685,0.13121487,0.05244295
828,0.27023851,0.03045337,0.00867843,0.28954175,-0.09211087,0.0004901,0.3208931,0.49324002,0.17760814,0.23485093,0.12590812,0.13751179,0.17152758,0.08333836,0.16039783,0.21451426,0.09661457,0.16122725,0.27495133,0.28647123,0.15166426,0.18706706,0.15150545,0.29355529,0.17088846,0.13043945,0.16061407,0.20799968,0.1109259,0.12112485,0.15504799,0.06851688
829,0.54289307,0.01595558,-0.01757814,0.3129888,-0.10186065,0.00609344,0.31941783,0.49245103,0.19393028,0.25888705,0.12609001,0.15099384,0.19421683,0.08994197,0.17026941,0.23178764,0.0981641,0.17676123,0.28476024,0.29828341,0.15325071,0.20320157,0.16300969,0.30146249,0.19392511,0.1489493,0.18304769,0.23880721,0.11872411,0.14111279,0.17684734,0.0819054
830,0.23795599,0.00117077,-0.02076266,0.23893321,-0.07817794,0.00577781,0.23610914,0.46222969,0.12874554,0.18398029,0.07404976,0.1040501,0.13793952,0.05410188,0.11829514,0.1701408,0.05256972,0.11760215,0.20960179,0.22707364,0.113871,0.13744716,0.11558251,0.2254889,0.12399839,0.09639967,0.11533358,0.16241975,0.06651575,0.08792593,0.11837187,0.04076715
831,0.20201207,0.01592337,-0.00553723,0.26746248,-0.08193654,0.00437827,0.28203239,0.46457261,0.1601749,0.21918031,0.10483329,0.12580159,0.15291875,0.07699847,0.14286425,0.19463275,0.07578341,0.14605424,0.25687249,0.2639003,0.1589373,0.16739738,0.1363592,0.27100123,0.14989542,0.11434605,0.14355756,0.19438851,0.09107766,0.10468418,0.13483038,0.05684006
832,0.34177618,0.02234377,-0.02051755,0.2515881,-0.08391642,0.00576992,0.26753035,0.47115045,0.15570145,0.20537484,0.10696153,0.12731831,0.15859375,0.08605092,0.14510813,0.18778098,0.08956619,0.14500956,0.24034011,0.23934685,0.13824201,0.1630087,0.13691743,0.25427676,0.15688491,0.1299495,0.15176449,0.19504376,0.10543469,0.12291901,0.14762945,0.07928194
833,0.26567465,0.01076674,0.00033499,0.26343867,-0.08482817,-0.00033798,0.28917988,0.48866833,0.16074708,0.22271925,0.10728005,0.12842693,0.16054183,0.07247656,0.1453263,0.20156429,0.07868682,0.1467764,0.2498589,0.26002951,0.14224752,0.17325178,0.1456981,0.2716642,0.15929781,0.12443195,0.14819839,0.19875313,0.10023651,0.11156456,0.14649116,0.05939791
834,0.39918621,-0.00043237,-0.02614429,0.22392129,-0.07582132,0.0053787,0.21871302,0.46886515,0.1274126,0.18174651,0.07174459,0.08994963,0.1161227,0.04130626,0.10034431,0.15078805,0.03884946,0.11175218,0.19700261,0.21060058,0.09674772,0.13404944,0.10074725,0.21176514,0.1252101,0.08867294,0.11853556,0.16220891,0.06737015,0.0779997,0.10256807,0.03020318
835,0.31846157,0.02080214,-0.00607962,0.2592184,-0.08410964,0.00113748,0.28458635,0.45209437,0.13670208,0.19867953,0.07908925,0.11221867,0.14351571,0.05899446,0.1274765,0.18357526,0.05848332,0.12555257,0.22656381,0.24789234,0.1267604,0.14756604,0.12672111,0.2463809,0.1334158,0.10794207,0.12260614,0.17440021,0.0688802,0.09600521,0.12657553,0.04510077
836,0.37111646,0.01049188,-0.01383385,0.22913974,-0.08235575,0.00315265,0.24523157,0.46222805,0.11855654,0.17595935,0.06795646,0.09669455,0.12421136,0.04740739,0.10743011,0.15824873,0.04897743,0.10810403,0.20116664,0.217471,0.10007729,0.12532401,0.10672171,0.21564099,0.12612211,0.10160781,0.1164656,0.16389757,0.06776657,0.0896903,0.11901784,0.03954447
837,0.27793456,0.00451851,-0.00458825,0.24893352,-0.07822461,0.00387193,0.26597075,0.44492914,0.1550887,0.21313255,0.09812139,0.13438757,0.17051899,0.08276027,0.1474777,0.20058022,0.08189693,0.14631351,0.23055739,0.24411699,0.13835509,0.16542522,0.14868293,0.24815389,0.15164362,0.13278864,0.14318848,0.19391638,0.09318905,0.12209048,0.15213002,0.07248708
838,0.60414389,0.02629955,-0.03205074,0.3070031,-0.10107991,0.0075185,0.30656442,0.48067635,0.17037659,0.23610935,0.09641677,0.13233638,0.16469515,0.07797337,0.14447631,0.2056373,0.06586703,0.15083247,0.25989008,0.28504843,0.15984988,0.17750581,0.14209473,0.2743518,0.16602421,0.1257244,0.15601431,0.21323703,0.08561166,0.1163995,0.14624345,0.06424373
839,0.46283146,0.02543605,-0.01044552,0.27530938,-0.09033402,0.00718376,0.27323747,0.47330915,0.15431266,0.21305206,0.09561235,0.13385912,0.17411371,0.07852798,0.14816541,0.20222775,0.08443768,0.14631388,0.25215059,0.26510844,0.12455719,0.1635058,0.14574462,0.2690745,0.14859555,0.13003117,0.13933642,0.19050859,0.0851255,0.12248075,0.15465492,0.06865317
840,0.45236655,0.02624323,-0.02168588,0.28099411,-0.0978123,0.00878348,0.28878145,0.44795108,0.14422588,0.20407746,0.07777726,0.1353424,0.16717611,0.08419369,0.13945437,0.19266438,0.07291959,0.13655676,0.25194322,0.26660063,0.15723111,0.15059958,0.14337052,0.26388865,0.1345757,0.12555934,0.12884125,0.18076142,0.06676362,0.11396129,0.14182399,0.06478474
841,0.50122867,0.03115658,-0.00286617,0.29805088,-0.09930293,-0.00152573,0.32803548,0.48485805,0.18038693,0.24317769,0.1201049,0.13998197,0.17882255,0.08311354,0.16383845,0.21906968,0.09445318,0.16480501,0.26997564,0.28381064,0.1483115,0.19171904,0.15504866,0.29034745,0.17846211,0.13603559,0.16605963,0.21827231,0.1119842,0.1261343,0.16069597,0.07300611
842,0.28249113,0.01837478,-0.01909801,0.28588095,-0.08922658,0.0034344,0.30633085,0.47906925,0.17941054,0.23717349,0.12181381,0.15235296,0.18790606,0.10257594,0.16646144,0.21981122,0.10285513,0.16834959,0.27266136,0.28000973,0.16006405,0.18627693,0.16211934,0.28502135,0.17063068,0.14322591,0.16435349,0.21517319,0.1105557,0.13520356,0.16801717,0.0861112
843,0.4373794,0.02084049,-0.01627434,0.2802921,-0.09110532,0.00345959,0.28104735,0.46797959,0.16490416,0.22318429,0.10434971,0.13493805,0.17398931,0.08130003,0.1503885,0.206084,0.08439537,0.15152937,0.25439678,0.26947347,0.14301291,0.17302283,0.14646868,0.26946347,0.16015662,0.13046477,0.1505028,0.20227439,0.09558432,0.12131598,0.15481792,0.07046452
844,0.18875947,0.02752604,0.00432284,0.30335707,-0.0979218,0.0021782,0.33138806,0.4640064,0.18830013,0.24909934,0.12828359,0.16003807,0.19480148,0.10665963,0.17742055,0.2302629,0.1124665,0.17616933,0.30005389,0.29900845,0.17623995,0.1964833,0.16917345,0.31056045,0.18063919,0.15288251,0.17420696,0.22907171,0.11839973,0.14321054,0.17801614,0.09123038
845,0.29530803,0.01129906,-0.02428072,0.22252311,-0.07279243,0.00269529,0.24254735,0.42969041,0.12390753,0.18041899,0.0695436,0.09613835,0.12780648,0.04910053,0.10889898,0.15782369,0.0427756,0.11090579,0.19707465,0.20578585,0.10744679,0.13029313,0.10707963,0.21145201,0.12302964,0.09297168,0.11384761,0.16151911,0.06206154,0.08384825,0.11080199,0.03939493
846,0.29849448,0.01312172,-0.00862991,0.27251236,-0.08455799,0.00216614,0.28057227,0.48184472,0.16946127,0.22961663,0.11338998,0.14183523,0.17729697,0.08574882,0.15340707,0.2092941,0.08817855,0.15842871,0.26030538,0.26770274,0.14277046,0.17817322,0.15406281,0.27546458,0.16102952,0.13335917,0.15269116,0.20619171,0.0997454,0.12419749,0.16001812,0.06975607
847,0.54132623,0.01765254,0.01232813,0.31837503,-0.09664691,-0.00223125,0.3497863,0.48274646,0.20016603,0.26734658,0.13630328,0.16721841,0.20512041,0.10443253,0.18686834,0.24970173,0.11111849,0.18668042,0.30287771,0.32547405,0.19608397,0.21498621,0.1877642,0.32619421,0.18769603,0.15470375,0.17464391,0.23032739,0.12211102,0.13934466,0.17705099,0.08594724
848,0.29844268,0.03445717,0.00015444,0.28100873,-0.09803447,0.00556571,0.30408617,0.50902981,0.15922691,0.21727684,0.09960764,0.13175917,0.16560941,0.08279892,0.15045824,0.20092546,0.08940008,0.14602029,0.25796781,0.27501202,0.14427176,0.1688399,0.14240013,0.2744066,0.15957993,0.12921033,0.14954997,0.2005102,0.09348656,0.12177304,0.15513525,0.07169895
849,0.43673408,0.0131505,-0.0086767,0.27013313,-0.09119019,0.00747627,0.27176256,0.47168211,0.14809618,0.20103929,0.09291972,0.12651687,0.16293336,0.07689392,0.13823107,0.19111798,0.07759479,0.13867492,0.24928537,0.26252861,0.14392745,0.15488363,0.13651046,0.26063503,0.14219881,0.11928892,0.13675102,0.18260163,0.08727351,0.11042798,0.13906437,0.06481578
850,0.34000039,0.0147818,-0.0122765,0.272848,-0.08947671,0.00025544,0.29539156,0.49531196,0.16273658,0.2282928,0.09922571,0.13121108,0.16635178,0.07446222,0.14587127,0.20331944,0.07258228,0.14941993,0.2466987,0.26588889,0.14578329,0.17450889,0.14650241,0.26666741,0.15517156,0.12108566,0.14357082,0.199439,0.08781658,0.11024445,0.14367157,0.05579335
851,0.56662008,0.02059865,-0.02431756,0.2922254,-0.09482592,0.00473858,0.29895307,0.4925877,0.16323817,0.22462953,0.09725077,0.13608345,0.17460439,0.08142579,0.15107607,0.21085623,0.07946134,0.15123433,0.26172454,0.28186747,0.16354739,0.16981227,0.14702081,0.27537431,0.15407602,0.12641033,0.14709056,0.19773073,0.086447,0.11701789,0.14918956,0.06665282
852,0.31202483,0.03408275,-0.01454651,0.28471853,-0.09577605,0.00081039,0.30791031,0.4776728,0.15943928,0.22144436,0.09603565,0.12242111,0.15709494,0.06924787,0.14034876,0.19622318,0.06598804,0.14331256,0.2518404,0.26705386,0.141886,0.16674989,0.13362776,0.2676287,0.15359132,0.11461137,0.14323839,0.19592786,0.08350207,0.10562107,0.13615106,0.05461383
853,0.29759491,0.01336893,-0.01749226,0.21805002,-0.06962577,0.00067503,0.22330825,0.41426052,0.12921311,0.18653696,0.08195475,0.10792314,0.14196937,0.05479511,0.12065996,0.16891668,0.0615414,0.12197158,0.19953194,0.20062839,0.09960614,0.13739802,0.12055313,0.21615764,0.13306047,0.11247184,0.12418571,0.17295084,0.07752022,0.1009038,0.1318464,0.0492867
854,0.49845972,0.03299715,0.0159132,0.30636812,-0.10337951,0.00181333,0.33406999,0.50471096,0.16672079,0.23073775,0.10355961,0.14520044,0.18058926,0.08758777,0.162058,0.22176341,0.09023307,0.1561432,0.2823993,0.30489896,0.16562238,0.17950548,0.16194179,0.30357368,0.16175243,0.14020946,0.15212014,0.20424468,0.09705371,0.12649457,0.15940116,0.07419427
855,0.38117947,0.02232465,-0.02844736,0.29082796,-0.09472154,0.00610857,0.3068983,0.48151818,0.17148165,0.23037196,0.11561997,0.14538392,0.18112434,0.09201276,0.15863751,0.21164177,0.09336596,0.15882001,0.2727654,0.27982466,0.16268853,0.17898332,0.15711135,0.28676769,0.16317356,0.13740237,0.15560869,0.20578333,0.10338508,0.12519394,0.15723913,0.07639745
856,0.51935263,0.00807414,-0.03461007,0.28251521,-0.09426678,0.00805419,0.28991323,0.49462832,0.14343917,0.20434038,0.08379813,0.11940607,0.14898142,0.06887085,0.12866225,0.1849683,0.06231495,0.13049638,0.24869102,0.26456225,0.14707974,0.14956079,0.12862901,0.26123849,0.13909509,0.11212753,0.13182896,0.18132597,0.07648061,0.10148161,0.12982888,0.05375127
857,0.56905178,-0.00192283,-0.03976843,0.30630151,-0.09519462,0.00167035,0.31767467,0.47177539,0.18385532,0.25176366,0.11609464,0.14395353,0.18373321,0.08383681,0.15964682,0.22314916,0.0828485,0.16696223,0.27006179,0.29386852,0.17426447,0.19455376,0.15602243,0.28661236,0.17679935,0.13216152,0.1687695,0.22914623,0.10677812,0.12395312,0.15952448,0.06909374
858,0.44220673,0.01990015,-0.00773833,0.3034546,-0.09766113,0.00402099,0.31994554,0.49923673,0.18051489,0.24324603,0.11417444,0.14474895,0.18997002,0.0853864,0.16414259,0.22559335,0.09269706,0.16718411,0.27515622,0.29385381,0.14965155,0.18851209,0.1566976,0.2907916,0.17020472,0.13436671,0.16074527,0.21746227,0.10003358,0.12605049,0.16763073,0.07003793
859,0.33986327,0.02069809,-0.01094251,0.29616197,-0.09992191,0.00691008,0.32442535,0.44159861,0.17077338,0.23413592,0.10443368,0.13582773,0.17259912,0.07923581,0.15476758,0.21048841,0.08297397,0.15830559,0.26865142,0.27662377,0.15385972,0.17870508,0.14496752,0.28146412,0.16916276,0.1313671,0.16163115,0.2159539,0.09909165,0.12198023,0.15411282,0.06783715
860,0.42014196,0.01775475,-0.00118493,0.30696013,-0.09524888,-0.00129874,0.32487907,0.498932,0.18836292,0.25385637,0.12407948,0.15587557,0.19331601,0.09976236,0.17189696,0.23092601,0.10053276,0.17520722,0.28203325,0.29950596,0.16902507,0.19969805,0.17133047,0.30127987,0.17965554,0.14659041,0.16831768,0.2257989,0.11123548,0.13595076,0.17331702,0.08194053
861,0.33089809,0.00678279,-0.03563668,0.23985132,-0.07967728,0.00486956,0.24060143,0.46780358,0.14253123,0.20172078,0.08313968,0.11705269,0.15278336,0.0641903,0.1270225,0.18035174,0.06035686,0.13054297,0.2266045,0.23446188,0.12019107,0.1511689,0.12845469,0.24044161,0.13116814,0.10631562,0.12175369,0.17217206,0.06743469,0.09885739,0.12954528,0.04878729
862,0.3492707,0.01317477,-0.01232025,0.23302,-0.07821547,0.00501602,0.2455383,0.45790046,0.13320398,0.18934111,0.08438836,0.1034566,0.13056169,0.05297538,0.11685789,0.16781625,0.0559996,0.12146296,0.21312445,0.22839458,0.11222942,0.14101634,0.11575066,0.22880696,0.13355991,0.10230098,0.12422702,0.17110225,0.07798319,0.09145745,0.11928082,0.04167246
863,0.4553626,0.02166193,0.01172541,0.29585169,-0.09645794,0.00111084,0.32283636,0.48156787,0.1626421,0.22694699,0.10045756,0.14171497,0.18036986,0.08043002,0.1578188,0.21686192,0.08554548,0.15408429,0.2707954,0.29430468,0.15309874,0.1769957,0.1603557,0.29378243,0.15584377,0.13445772,0.14381891,0.19618805,0.08960992,0.12097256,0.1564201,0.06760928
864,0.36355102,0.01589179,0.02712635,0.29442497,-0.09136578,-0.00310203,0.32875996,0.46950986,0.16607621,0.22895323,0.11466757,0.14026434,0.16725476,0.08335208,0.15900248,0.21607608,0.09293652,0.15452276,0.27632743,0.28898993,0.16732136,0.18123274,0.16061984,0.30077592,0.16174504,0.13411856,0.15030072,0.20036502,0.10484038,0.1165558,0.15142277,0.06622609
865,0.4758288,0.0068751,-0.01555061,0.27605397,-0.09411641,0.0046022,0.30471693,0.48262002,0.17532841,0.23706955,0.11457581,0.14374804,0.18543787,0.08813558,0.15627726,0.21327509,0.08940322,0.16263441,0.26323062,0.27594016,0.13765931,0.18725062,0.15791958,0.28093592,0.16753357,0.1373502,0.15521186,0.2137139,0.10246889,0.12937428,0.16706047,0.07327001
866,0.16321751,0.008017,0.01688397,0.2634048,-0.08605635,-0.00193303,0.29990284,0.51928401,0.15526533,0.21570654,0.10520223,0.11607054,0.14391721,0.05833034,0.13823642,0.19278041,0.06920472,0.13846589,0.24866821,0.26551577,0.12569343,0.17064006,0.13680923,0.27602679,0.14955995,0.10713937,0.13552827,0.18450593,0.09288056,0.09298843,0.12822543,0.04174234
867,0.46960737,0.03624234,-0.01659133,0.31432431,-0.1039568,0.00221183,0.33967679,0.48301075,0.18152766,0.24759431,0.11367574,0.13799755,0.17861564,0.08043011,0.16003672,0.22134683,0.08445397,0.16163989,0.28644735,0.30338713,0.1617796,0.18990838,0.15085843,0.30418979,0.16877601,0.12546343,0.15684994,0.21566883,0.0952898,0.11668613,0.15493438,0.06348912
868,0.44396976,0.01594088,-0.02850724,0.26461969,-0.08953928,0.00594265,0.2677489,0.48221656,0.15177906,0.209935,0.09211996,0.12991112,0.1617019,0.082754,0.13734035,0.18851633,0.07406828,0.14117719,0.23846521,0.25422444,0.14826289,0.15868977,0.13911635,0.25043327,0.14957085,0.12586225,0.14209585,0.1923187,0.08880579,0.11661411,0.14419916,0.06960105
869,0.28535081,0.02894151,0.00855823,0.2805457,-0.09214903,-0.00111756,0.30938127,0.48838489,0.15732903,0.22128879,0.09865409,0.1263938,0.15903401,0.0711465,0.14602388,0.20244425,0.07668505,0.14509971,0.25676849,0.27273341,0.14269194,0.16888831,0.14236175,0.27909259,0.14954492,0.1193683,0.13822776,0.19131991,0.08620135,0.10740074,0.14047605,0.05421592
870,0.53063968,0.0109563,-0.03160995,0.29820282,-0.09725643,0.00634588,0.31367567,0.48270691,0.18206303,0.24447928,0.11749071,0.14066918,0.17630696,0.08653154,0.15752383,0.21541564,0.08298235,0.16551204,0.26699728,0.28802021,0.1545366,0.18949606,0.1510743,0.28105199,0.16933189,0.1291718,0.16111164,0.21677165,0.10106453,0.12147422,0.15637997,0.06846507
871,0.21967227,0.02683677,0.01083176,0.25244646,-0.08496161,-0.0004311,0.26210689,0.49131276,0.1342322,0.19320012,0.08200447,0.10707591,0.1362919,0.05520523,0.1258595,0.17664426,0.06226942,0.11995788,0.22777192,0.24484602,0.12332232,0.14381208,0.12174943,0.24843566,0.13335564,0.10489033,0.12113291,0.16858375,0.07694957,0.09271664,0.12359707,0.04326953
872,0.19511439,0.01865053,0.00689654,0.22689063,-0.07505922,0.00314484,0.23883875,0.44713466,0.1289813,0.19003566,0.07498936,0.10231318,0.13414594,0.04359394,0.11962993,0.17228849,0.05331665,0.12015128,0.20590903,0.21904627,0.09424039,0.14245661,0.12002395,0.23007103,0.13134076,0.10420693,0.11884707,0.16857673,0.07086209,0.09059139,0.1212967,0.03517357
873,0.33104547,0.02800093,-0.00479919,0.26121077,-0.08933731,0.0021052,0.27484975,0.48281549,0.13652319,0.19820127,0.07858423,0.1107919,0.1437804,0.05448551,0.12682356,0.18112455,0.05928206,0.1259165,0.23183657,0.25053965,0.11283426,0.14812797,0.12550411,0.25296386,0.13513466,0.10769024,0.123369,0.17423139,0.07043927,0.09679086,0.12686104,0.04167125
874,0.47125778,0.02719484,-0.01508736,0.29184055,-0.09326458,0.00125452,0.30327538,0.47230146,0.18263806,0.24559168,0.12257385,0.14534143,0.18219927,0.08858543,0.16296997,0.21680096,0.09468239,0.16805644,0.27865464,0.28553106,0.16766012,0.19161652,0.15778389,0.29387635,0.17479922,0.13730659,0.16487351,0.21567951,0.11181539,0.12833501,0.16037682,0.07659388
875,0.25105764,0.02939466,0.01139056,0.26340536,-0.08341996,-0.00132955,0.28463509,0.49371876,0.15130533,0.2120407,0.10100213,0.1236627,0.15190253,0.06770972,0.14149224,0.19475352,0.07854987,0.13906572,0.25424649,0.26479185,0.13238638,0.16386886,0.14044649,0.27728584,0.14398524,0.11606577,0.13383362,0.18147126,0.08805771,0.10339609,0.13541001,0.05026595
876,0.25475812,0.0075504,-0.00860336,0.25996023,-0.0832485,0.00353038,0.25494064,0.46245295,0.14226305,0.20507728,0.08311098,0.12495794,0.16258318,0.06755157,0.1383275,0.19625443,0.0697491,0.1347545,0.24514926,0.25489484,0.13508295,0.15224933,0.13708394,0.26036202,0.13328588,0.11680904,0.1270975,0.18093204,0.07291853,0.10709621,0.14134612,0.05358411
877,0.43968592,-0.00518689,-0.03465703,0.29604794,-0.10020325,0.00974545,0.3020263,0.4913692,0.16949078,0.22894853,0.10489073,0.14648965,0.17886635,0.09506567,0.15444645,0.2111014,0.08560914,0.15621512,0.27233601,0.29268596,0.16880383,0.1770677,0.15661162,0.2845829,0.16123888,0.13666203,0.15416773,0.20461455,0.0978513,0.12644756,0.15688866,0.07963683
878,0.42653348,0.00467625,-0.04657645,0.28975162,-0.09232199,0.00585721,0.29570833,0.49102434,0.17991419,0.23953858,0.12107224,0.14626047,0.18360201,0.09326941,0.15865554,0.21258984,0.09509851,0.16768681,0.26277754,0.27737477,0.15615537,0.18924859,0.15724749,0.27755527,0.17399331,0.1380666,0.16581468,0.21582015,0.11322957,0.1295552,0.15977149,0.07845974
879,0.45819777,0.01894526,-0.0056822,0.29055867,-0.08922155,-0.00055228,0.3034464,0.47667014,0.16784644,0.23531747,0.10226518,0.13598036,0.17475285,0.07405797,0.1518605,0.214121,0.07440609,0.15576036,0.25401877,0.28227102,0.1526029,0.18064713,0.15320766,0.27614156,0.16038448,0.12757214,0.14811724,0.20702764,0.08887263,0.11424905,0.15273616,0.05784286
880,0.32455165,0.02088925,-0.02292508,0.2439894,-0.08460048,0.00804037,0.26896889,0.4233378,0.13960754,0.19950801,0.07971207,0.11782464,0.14951473,0.06565312,0.127537,0.17796763,0.06004804,0.12894158,0.22706495,0.22934031,0.12812398,0.14750721,0.12805019,0.24037012,0.14320274,0.12061296,0.13540542,0.18795239,0.0789148,0.10997729,0.13638193,0.05904043
881,0.45227606,0.03633525,-0.00258208,0.29248516,-0.09864591,0.00425765,0.32878072,0.48034963,0.16031679,0.22063492,0.10261844,0.13090284,0.16350049,0.0817756,0.15206212,0.2057095,0.084589,0.14808226,0.26418321,0.2814772,0.1512225,0.16907607,0.14174196,0.28134821,0.1620368,0.13096092,0.15441001,0.20483897,0.09839074,0.12348479,0.15150848,0.0718132
882,0.40579424,0.0298336,-0.01373651,0.29902729,-0.09108314,0.00254531,0.32870363,0.48284876,0.18574459,0.24651892,0.12720071,0.14524744,0.17930283,0.09240425,0.16010481,0.21649648,0.09097062,0.16957344,0.27351424,0.28442448,0.16718118,0.19229571,0.15618055,0.28780616,0.18127755,0.13934593,0.1715316,0.22356186,0.11434478,0.13005312,0.16407758,0.0778363
883,0.32169348,0.00087726,0.02015637,0.29666804,-0.09127015,-0.00365428,0.30631739,0.51433307,0.16315977,0.23049145,0.09745555,0.13063523,0.16868978,0.06664742,0.14741767,0.21296774,0.06754228,0.14670837,0.25334774,0.2885967,0.14616429,0.17958564,0.15256599,0.28077586,0.1527457,0.11885668,0.13821552,0.19513395,0.08263519,0.10463507,0.14253285,0.04821296
884,0.30797129,0.01843098,0.0025558,0.27562622,-0.08547374,0.00042817,0.29310765,0.46727364,0.15387999,0.21844472,0.09388144,0.12709925,0.16146487,0.06795968,0.14426095,0.20455473,0.06941855,0.14284752,0.25366824,0.27055451,0.1474129,0.16679782,0.14374867,0.27530071,0.14563862,0.11690363,0.1353608,0.18930734,0.08111177,0.10450439,0.13982028,0.05133639
885,0.32057136,0.00514563,0.00972118,0.25431248,-0.07970442,-0.00421357,0.26335201,0.50307826,0.14600519,0.20971788,0.09062703,0.1094496,0.14138204,0.05085691,0.12791707,0.18467454,0.05693298,0.13095263,0.2284784,0.25132747,0.12047371,0.16025991,0.1283952,0.25350985,0.13730318,0.09851714,0.12489485,0.17635076,0.07671845,0.0874456,0.12337397,0.03426593
886,0.24072213,0.02018109,-0.00142588,0.28020531,-0.08643446,0.00259292,0.30356241,0.48710825,0.17790404,0.23506408,0.12873109,0.13908222,0.17203998,0.08577472,0.15889472,0.21317144,0.09607437,0.16087624,0.27674261,0.28174417,0.16445554,0.18351662,0.14840105,0.28794314,0.16461153,0.12699434,0.15943988,0.2084367,0.11244038,0.11993231,0.15418911,0.07001579
887,0.43610872,0.02191295,-0.00770914,0.27111442,-0.08629173,0.00328739,0.2915475,0.47352816,0.16051026,0.22027613,0.10395874,0.12770033,0.16551381,0.07528029,0.14376028,0.19872996,0.07809529,0.14648419,0.24142818,0.26029051,0.13353408,0.16756021,0.13907357,0.25664133,0.16074254,0.12607699,0.1493207,0.20072033,0.0972253,0.11878301,0.14888183,0.06714962
888,0.35497496,0.01039765,-0.00497894,0.25230406,-0.08507736,0.00570423,0.25827118,0.46543306,0.13346346,0.19447497,0.07657833,0.1117052,0.14031511,0.05877468,0.12383435,0.17779331,0.05689436,0.12165057,0.22775057,0.24560521,0.12478037,0.14314158,0.12471025,0.24601275,0.12946398,0.10924676,0.12202742,0.17002081,0.07062058,0.09833659,0.12430248,0.04760615
889,0.26685082,0.01214697,-0.00427254,0.2191999,-0.07311051,0.00309962,0.2230516,0.44007789,0.11879055,0.17622251,0.06873467,0.10021692,0.1306774,0.04737362,0.11273121,0.16285844,0.05188487,0.11176387,0.2041086,0.21283592,0.10127389,0.12852088,0.11306166,0.22145441,0.12255564,0.10066944,0.11405481,0.15883178,0.06705101,0.08942681,0.1182628,0.04004615
890,0.31262401,0.01906936,-0.01254304,0.25466185,-0.08631806,0.00172152,0.28709058,0.4199709,0.15099701,0.21330431,0.0951966,0.1217272,0.15100494,0.06621227,0.13936216,0.18960241,0.07155772,0.14099524,0.23763927,0.24289875,0.12782404,0.16160237,0.13543496,0.25730864,0.15291041,0.12256954,0.14330604,0.19448823,0.09324979,0.10871018,0.13734903,0.05502912
891,0.2424923,0.00653787,-0.00353906,0.26710341,-0.0862735,-0.00010659,0.296025,0.48550664,0.17051013,0.22891966,0.11546855,0.13069187,0.1576978,0.07928788,0.14994333,0.2028314,0.08412748,0.15511623,0.25868555,0.26617515,0.15115798,0.18149688,0.14578435,0.27800786,0.16391419,0.12335801,0.15660412,0.20335661,0.10853216,0.11232364,0.1391637,0.06330521
892,0.55890139,0.02206739,0.00610651,0.32158011,-0.10434874,0.00342103,0.34228542,0.47306956,0.18433949,0.25027508,0.11603534,0.16203814,0.20039732,0.10226226,0.17891938,0.23969413,0.10487783,0.17435028,0.29329209,0.31619589,0.18525503,0.19539447,0.17808291,0.31114007,0.17791885,0.15627129,0.16733402,0.22369829,0.10756521,0.14105032,0.17503568,0.08824468
893,0.24772969,0.02178277,-0.00330182,0.25969481,-0.0876626,0.00186365,0.29532054,0.44949149,0.15574607,0.22264597,0.09464741,0.12289516,0.15603976,0.0631372,0.14160049,0.19943936,0.06707052,0.14146931,0.24542386,0.25842936,0.13381914,0.16849885,0.13919907,0.26834871,0.14979597,0.11815745,0.1390443,0.19657515,0.08261193,0.10507084,0.13820658,0.04861245
894,0.45424599,0.00759608,-0.0307129,0.27552684,-0.09079668,0.00433195,0.27111785,0.47119785,0.14754493,0.20943143,0.08848403,0.11808278,0.14954853,0.06534231,0.12979842,0.18653496,0.06267178,0.13355294,0.2408945,0.24959347,0.13796229,0.15409816,0.12875365,0.25395153,0.14612824,0.11132464,0.14019787,0.18735758,0.0841258,0.09828072,0.12936174,0.05208005
895,0.2867827,0.00962057,-0.01338762,0.2143789,-0.07164667,0.00332279,0.21763552,0.4585887,0.10674229,0.15815017,0.06071958,0.0839409,0.10994747,0.0372623,0.09483897,0.14090887,0.03893028,0.09499537,0.19165522,0.2007125,0.0854572,0.11302376,0.09373441,0.20558579,0.10384209,0.0812863,0.09694383,0.13926119,0.05208174,0.07184174,0.09813498,0.02516895
896,0.40175473,0.02088037,0.00186872,0.28418991,-0.08648636,-0.00461549,0.29917543,0.49303917,0.16519353,0.22652867,0.10871104,0.12735217,0.16359195,0.06963502,0.14796674,0.20639131,0.07813012,0.14878925,0.25028216,0.26963357,0.13773252,0.17584198,0.14388712,0.27272141,0.16283074,0.12413846,0.15011354,0.20029883,0.09811698,0.11242505,0.1481808,0.05830979
897,0.50423332,0.00807383,-0.03431499,0.27380022,-0.09472799,0.00766443,0.30014059,0.47582751,0.17184377,0.227115,0.10865151,0.13615708,0.16663678,0.08940209,0.14614666,0.19624569,0.08231012,0.15621779,0.25186124,0.26321714,0.15197122,0.17923821,0.14662673,0.26467215,0.1721447,0.13162161,0.16265279,0.20881538,0.10911267,0.12170355,0.14713167,0.07697183
898,0.26544705,0.01232093,-0.01669541,0.25846045,-0.08396761,0.00628234,0.2664943,0.45951479,0.15161508,0.2077831,0.10035442,0.12115445,0.15333479,0.07002764,0.13546822,0.18423679,0.07432703,0.13992591,0.24163468,0.24826094,0.12575723,0.15929168,0.13035546,0.25408066,0.14713172,0.11564833,0.14076864,0.18822999,0.09133138,0.10717043,0.13749852,0.05619454
899,0.28747006,0.01587214,-0.00435235,0.2934396,-0.08873381,0.00042899,0.30127957,0.47824854,0.17335519,0.23744671,0.11559974,0.1450204,0.17791822,0.08915373,0.16133179,0.2193625,0.0948318,0.16348729,0.27254399,0.28635834,0.15982905,0.18486834,0.15884561,0.28991851,0.16907591,0.13680577,0.15959913,0.2127476,0.10646119,0.12504085,0.15966921,0.07135379
900,0.53218318,0.02110364,-0.02396191,0.31353754,-0.09962339,-0.00242433,0.32624145,0.47664421,0.1729845,0.24431787,0.10226938,0.14115565,0.18473143,0.07821769,0.1619391,0.22664078,0.08095618,0.15943734,0.26831007,0.29038529,0.16133979,0.1828488,0.15511294,0.28677228,0.15941106,0.12789959,0.14940234,0.21083951,0.08423345,0.11623064,0.1564273,0.05969355
901,0.35046675,0.02286955,-0.00628634,0.29017552,-0.09491307,-0.00051001,0.31290175,0.48426884,0.176172,0.23935636,0.12000278,0.14278754,0.17265617,0.09033369,0.16055626,0.21411138,0.09388406,0.1617958,0.27689777,0.2852826,0.16975151,0.18535504,0.15591896,0.29471086,0.16577937,0.13138892,0.15625159,0.20722395,0.10699872,0.11952535,0.15224974,0.06846815
902,0.50588847,0.01936646,-0.02528427,0.26886043,-0.09556909,0.00475356,0.29991009,0.48027453,0.15255289,0.20943599,0.09254576,0.11156052,0.14234089,0.06700896,0.12925343,0.18031152,0.05970663,0.13223992,0.24805111,0.26314319,0.147852,0.15676381,0.11865849,0.25813544,0.1465246,0.10234443,0.13866284,0.18868283,0.08235404,0.09688799,0.125475,0.05246763
903,0.33003519,0.02633553,-0.01755294,0.26228264,-0.09124372,0.01006757,0.29770049,0.46200718,0.17079089,0.22481852,0.11157187,0.13998857,0.17095462,0.09109016,0.15283572,0.19859846,0.088813,0.15891523,0.25096668,0.25720205,0.1433185,0.17942387,0.15067553,0.26752125,0.1693843,0.14019456,0.16055654,0.20561352,0.10720462,0.13096775,0.15449617,0.08082991
904,0.74126378,0.0091075,-0.02655668,0.29810568,-0.10537528,0.00751085,0.325791,0.48052234,0.15968469,0.22268833,0.09172718,0.12900402,0.1649626,0.07510397,0.14057194,0.20150798,0.06765416,0.14352215,0.26219093,0.28630326,0.16310121,0.16818573,0.14012135,0.27610784,0.15211882,0.12077911,0.14303267,0.19890661,0.08187389,0.11064001,0.14296551,0.06112707
905,0.38554987,0.01539413,-0.00594875,0.26184719,-0.08891039,0.00493442,0.27768486,0.48594317,0.12442417,0.18593116,0.06335402,0.10518924,0.13846705,0.05460802,0.12129634,0.17677979,0.05134318,0.1134877,0.22427307,0.25101069,0.12089986,0.13451674,0.11742283,0.24175105,0.12349836,0.1038968,0.11426847,0.16472766,0.0575052,0.09506766,0.12491287,0.04559566
906,0.34059309,0.01884384,-0.02545134,0.24367654,-0.07896001,0.00419628,0.27731131,0.41724117,0.14351599,0.20230963,0.09045415,0.12727567,0.16091729,0.07720872,0.13941827,0.18760222,0.07716924,0.13970304,0.22999138,0.23349065,0.13359511,0.15206036,0.13768043,0.24455126,0.14163047,0.12626236,0.1342499,0.18584906,0.08400787,0.11516391,0.14391076,0.06287237
907,0.27990449,0.02859335,-0.02773703,0.27798866,-0.09369024,0.00238035,0.31739569,0.49513963,0.16404045,0.22237601,0.10471339,0.1320507,0.16545945,0.08436991,0.14763159,0.19942361,0.08163215,0.1505447,0.25269221,0.26568843,0.14582424,0.1709896,0.14056859,0.26676393,0.16394574,0.12888611,0.15739613,0.21003215,0.10098267,0.12236544,0.15242207,0.07258064
908,0.54359985,0.02454298,-0.03295465,0.31497651,-0.10366578,0.00387514,0.33903077,0.47760824,0.17588417,0.24705614,0.10231461,0.14701523,0.18517717,0.08835719,0.1613488,0.22472821,0.08177885,0.16212104,0.27537332,0.30211344,0.17558741,0.1863377,0.16001252,0.29222566,0.16882426,0.13616817,0.15977882,0.21986752,0.09118842,0.12502719,0.15815348,0.07169998
909,0.51148557,-0.00132452,-0.02246317,0.22918963,-0.07892417,0.00359817,0.22397359,0.46961047,0.11793912,0.17401708,0.06530749,0.09846021,0.12958251,0.04800001,0.10651373,0.15773371,0.04443738,0.10898684,0.19932491,0.21693749,0.09642445,0.12813036,0.11226064,0.21759301,0.1158259,0.09669639,0.10642206,0.15180014,0.05980104,0.08588897,0.11238616,0.03822813
910,0.3384113,0.01500621,-0.00154039,0.22669749,-0.07666587,0.00270412,0.23387248,0.45869354,0.12123477,0.1792503,0.068988,0.09388888,0.12301567,0.04132235,0.10955076,0.15984087,0.04563429,0.10917963,0.20146371,0.21909152,0.09846251,0.13090865,0.10895183,0.22182416,0.1188259,0.09043089,0.10741715,0.15214621,0.0620462,0.07875139,0.10776298,0.02980046
911,0.35719811,0.04223473,-0.0094459,0.31512323,-0.10524961,0.0024393,0.36057394,0.48978972,0.20407079,0.26888464,0.13642986,0.16530281,0.20060647,0.1069839,0.18417366,0.24168101,0.11073472,0.18874444,0.31677543,0.31814442,0.19684074,0.21403261,0.17770708,0.33228249,0.18991463,0.15011099,0.17899656,0.23634529,0.11951786,0.13816257,0.17486537,0.08247429
912,0.50506162,0.02361406,-0.02921634,0.29374187,-0.09497399,0.00346343,0.304696,0.47194247,0.17174214,0.22974871,0.10803822,0.13171735,0.16403894,0.08247457,0.1469161,0.20191951,0.07756403,0.15474095,0.25467286,0.26700936,0.1623091,0.17567385,0.13927632,0.26446316,0.16887623,0.12505751,0.16349614,0.21522709,0.10226581,0.1157109,0.14525141,0.06988155
913,0.3709875,0.03051914,-0.01625067,0.29870274,-0.09761598,0.00662166,0.30769588,0.49702884,0.1766492,0.23293871,0.11486306,0.14483172,0.179893,0.09536765,0.16013593,0.21259892,0.09832462,0.1617641,0.27530829,0.28667656,0.16281125,0.18211524,0.15343513,0.2873664,0.16877963,0.13874054,0.16307079,0.21249232,0.1068524,0.12884515,0.1601097,0.08028047
914,0.3120383,0.01951452,-0.02579298,0.25154628,-0.08743415,0.00542216,0.28565406,0.42343468,0.15770226,0.21398309,0.09957745,0.12320055,0.15646329,0.07399806,0.13954829,0.18580366,0.07434447,0.14418108,0.2438812,0.24637995,0.13547682,0.16365905,0.13229188,0.25530588,0.14862143,0.11607579,0.14189984,0.1917359,0.08612418,0.10692201,0.13631948,0.0572093
915,0.65062328,0.00502571,-0.01956151,0.31451107,-0.10211967,0.00606694,0.31991294,0.50081752,0.17844412,0.23934266,0.11688509,0.15053917,0.18294369,0.09823089,0.16488616,0.22409407,0.09732481,0.16231753,0.28432288,0.31270374,0.18548985,0.18740959,0.16347661,0.29827649,0.17140705,0.13887583,0.16291697,0.21257799,0.10881138,0.1277527,0.15813351,0.08292553
916,0.27742835,0.01726593,-0.01498764,0.24437146,-0.08135471,-0.00093183,0.26913618,0.46742931,0.12845799,0.18749367,0.0747779,0.09613924,0.12863819,0.04582067,0.11554184,0.16632383,0.04852316,0.11336715,0.21429714,0.22646103,0.11395671,0.13611211,0.10853161,0.23138226,0.1270661,0.09249081,0.11702165,0.16770597,0.06717469,0.08300552,0.11470308,0.03550229
917,0.19346363,0.00902555,-0.03108026,0.22250202,-0.07637382,0.00557156,0.2601705,0.43073965,0.13988399,0.19972395,0.08409793,0.11155467,0.14270578,0.06081728,0.12353857,0.17377133,0.05650289,0.13150969,0.22243204,0.22089045,0.11997146,0.14918532,0.12137795,0.23616843,0.14193555,0.10944373,0.13493658,0.18800801,0.08189836,0.10180963,0.13153033,0.05120976
918,0.41031468,0.01516651,-0.01588102,0.23622999,-0.07805139,-7.251e-05,0.23391635,0.46254664,0.1287857,0.18816418,0.07445878,0.09632548,0.13181842,0.04323878,0.1112156,0.16408687,0.04541207,0.11652824,0.20234362,0.21583244,0.0910261,0.13846903,0.10951189,0.22171572,0.13454164,0.09925804,0.12296104,0.17216597,0.0713641,0.09031328,0.12154913,0.03806802
919,0.33871969,0.023347,-0.00339012,0.27964874,-0.08945463,0.00578921,0.28921975,0.47719744,0.16887258,0.22687137,0.10995347,0.13441704,0.16604578,0.08201444,0.15175065,0.2036704,0.08612742,0.15663627,0.2626088,0.2727473,0.15291979,0.17587165,0.14534352,0.27640228,0.16369765,0.12827357,0.15694842,0.20362833,0.10289967,0.1194883,0.14711461,0.0694719
920,0.35864148,0.02045112,-0.014754,0.2738405,-0.09311671,0.00783529,0.27998619,0.46111199,0.16119455,0.22030878,0.10257221,0.13791944,0.17693041,0.08351172,0.15111628,0.20334298,0.08705018,0.15265003,0.25700439,0.26512584,0.13655445,0.16914647,0.14715044,0.27026391,0.15972101,0.13688145,0.15121977,0.20273543,0.09773133,0.12848823,0.16022823,0.07452571
921,0.58740484,0.01859406,0.00139447,0.33327375,-0.10490942,0.00223327,0.35759084,0.46005362,0.19948454,0.26319308,0.13378826,0.17427146,0.21720504,0.11410051,0.19273429,0.2525906,0.12109956,0.18928329,0.3123206,0.33261306,0.20268814,0.20901847,0.18793473,0.32651773,0.19069786,0.1627518,0.18193091,0.23694289,0.12454957,0.15070267,0.18773486,0.09940979
922,0.47440214,0.04586624,0.00351075,0.30042155,-0.10085012,-0.00350586,0.32813182,0.4974958,0.16398334,0.23273149,0.10046618,0.13334479,0.16617725,0.07538889,0.15072873,0.20936274,0.07642543,0.1507829,0.26868227,0.29226392,0.15654336,0.17395068,0.14650997,0.28722877,0.15432341,0.1217584,0.14363515,0.20228277,0.08703478,0.10900296,0.1459334,0.05318823
923,0.36606014,0.01600475,-0.01780522,0.26205532,-0.09020389,0.00671777,0.26009492,0.47285112,0.14467866,0.20565558,0.07738051,0.11812558,0.14671301,0.06459411,0.12828293,0.18443556,0.0584246,0.13246691,0.23837055,0.2532867,0.13475234,0.15252534,0.12889954,0.25244116,0.13935925,0.11333553,0.13251937,0.18425692,0.07138295,0.10060927,0.12734147,0.0500742
924,0.34007822,0.0334261,-0.00636695,0.29008757,-0.09572109,0.00334837,0.31172256,0.43895586,0.18038194,0.24147328,0.11777889,0.15313168,0.1864107,0.09919209,0.16626229,0.21798209,0.09871765,0.1707195,0.27591152,0.27982365,0.17231153,0.18680362,0.16341897,0.28943725,0.1704188,0.14598681,0.16396052,0.21654441,0.10794865,0.13318385,0.16357546,0.08145027
925,0.55449899,0.03554274,-0.01643537,0.30465621,-0.1094812,0.00571268,0.32970501,0.51125634,0.16789879,0.22858066,0.09918022,0.14423052,0.17723686,0.09452696,0.157802,0.21050919,0.08901295,0.15470437,0.27249946,0.29582419,0.16584375,0.17523767,0.15378969,0.28651994,0.16203178,0.13869458,0.15349866,0.20505865,0.09205184,0.12834954,0.15794796,0.07914861
926,0.5289197,0.0201389,-0.02672531,0.25721335,-0.08953542,0.00629868,0.2566221,0.49263507,0.13001958,0.18733871,0.07203414,0.10956999,0.14464464,0.05834884,0.12040119,0.17345435,0.05875329,0.11954081,0.22113766,0.23969092,0.10492274,0.13833648,0.1199982,0.23778736,0.12969693,0.10872129,0.12180608,0.16917475,0.06563361,0.10023137,0.12932594,0.04962328
927,0.24292681,0.01391916,-0.00656849,0.28961981,-0.09309054,0.00498728,0.32792681,0.45596078,0.17582763,0.23860606,0.1200196,0.15684744,0.18830286,0.10509329,0.1688922,0.22356476,0.10257606,0.16737223,0.28659613,0.29199052,0.18141128,0.18439792,0.16776487,0.3001088,0.16826192,0.14972383,0.1618036,0.21547505,0.1109489,0.13863213,0.16814907,0.08748632
928,0.3279941,0.01983613,-0.01033537,0.24576232,-0.07650477,-0.00024312,0.25082347,0.47290777,0.12465675,0.183814,0.07484437,0.09625983,0.1313221,0.04664377,0.11321879,0.16683952,0.05088733,0.11335399,0.21178854,0.22680325,0.09773378,0.13198145,0.10658678,0.2269482,0.12192284,0.09245195,0.11316822,0.16305971,0.06236843,0.08608226,0.11896536,0.03626852
929,0.13223534,-0.00253352,-0.01109428,0.25281998,-0.08042186,-0.00046605,0.26624069,0.50471175,0.15279715,0.21594233,0.09514268,0.12114476,0.15084333,0.06898548,0.13660081,0.19143897,0.0677652,0.13771409,0.23529444,0.2500838,0.14254409,0.164286,0.13650145,0.25429032,0.14332683,0.10665928,0.13259027,0.18497797,0.08321896,0.09698247,0.13021244,0.04674488
930,0.50267912,0.0118744,-0.02556443,0.2883499,-0.09852513,0.00390863,0.30771016,0.48302886,0.17818511,0.23935185,0.11796345,0.14275804,0.18048903,0.088882,0.15769653,0.21557379,0.08858,0.16243029,0.2681396,0.2850382,0.15107113,0.18704736,0.15521277,0.28437987,0.17485804,0.13897796,0.16401208,0.21854709,0.11083439,0.12947686,0.16434312,0.0768008
931,0.42075836,0.01161419,-0.01200728,0.24403272,-0.08098927,0.00029898,0.25209399,0.49291526,0.1350458,0.19431792,0.07707383,0.10253808,0.13736556,0.04994947,0.11877868,0.17161306,0.05044907,0.12166774,0.21231873,0.22874294,0.1043579,0.14514374,0.11510654,0.23038207,0.13813567,0.10195159,0.12796196,0.17806691,0.07565183,0.09355195,0.12455458,0.04370286
932,0.56661046,-0.00243559,-0.02283488,0.26004098,-0.08888846,0.00806837,0.26602881,0.46600418,0.13241801,0.1914486,0.07489221,0.10379351,0.13254853,0.0526731,0.11409766,0.17007039,0.0470329,0.11662087,0.22351182,0.24597915,0.12274279,0.14100664,0.11641471,0.23870592,0.12699022,0.09906586,0.11816872,0.1652655,0.0667806,0.08740655,0.11252408,0.04005043
933,0.33109097,0.02366927,0.00927146,0.27022396,-0.08471653,-0.00063683,0.27861646,0.48043362,0.15428198,0.21745303,0.09846726,0.12578423,0.15964488,0.06732509,0.14239371,0.20001083,0.07318939,0.14174499,0.24975958,0.26252136,0.14198912,0.16449734,0.14239721,0.26984898,0.14669759,0.11696622,0.13531417,0.18699667,0.08587198,0.10304903,0.13844435,0.0490496
934,0.37624745,0.01115505,0.00310627,0.25875593,-0.08565968,0.00147248,0.28807169,0.44237211,0.14997215,0.21185085,0.08958117,0.12514899,0.16283987,0.06696565,0.14121529,0.19853777,0.07009483,0.13978549,0.23736423,0.25165482,0.13268715,0.16183098,0.14157614,0.2578548,0.14366116,0.12032505,0.13270211,0.18689207,0.07952793,0.10711,0.14149785,0.05263727
935,0.55123708,0.01018326,-0.0178628,0.27259863,-0.08598177,0.00403568,0.2812336,0.46691895,0.14508864,0.20679842,0.09049873,0.1197024,0.15194016,0.06675203,0.131595,0.18682068,0.06400135,0.13345323,0.23683974,0.25851846,0.13696059,0.15409871,0.13364346,0.25424993,0.14236774,0.11534772,0.13211879,0.18254535,0.08299844,0.10376983,0.1339723,0.05607696
936,0.50557441,0.02055069,-0.00869739,0.29837542,-0.09428538,0.00461634,0.31157412,0.46075493,0.19300741,0.25279165,0.13361552,0.16791862,0.20621128,0.11288806,0.18235855,0.23753983,0.11856225,0.18414701,0.28759851,0.29476599,0.1762908,0.20259184,0.18046032,0.30212797,0.19214136,0.16633003,0.18342902,0.23479698,0.1308045,0.15541568,0.18722286,0.10366487
937,0.48252079,-0.00210489,-0.03466265,0.27054022,-0.09316178,0.0086674,0.28153573,0.48088927,0.14546144,0.19895624,0.08529593,0.11987703,0.14803236,0.07480992,0.13373486,0.18274585,0.06910892,0.13058577,0.23853269,0.25461439,0.1451095,0.15080329,0.12941309,0.25137807,0.13889347,0.11356496,0.13223611,0.17605111,0.0797214,0.10237221,0.12787821,0.06201837
938,0.31055478,0.01751456,-0.01584166,0.23038086,-0.07723136,0.00682367,0.22871298,0.4419913,0.12363901,0.17711594,0.07413136,0.10318455,0.13284809,0.05445788,0.11577501,0.16171821,0.05701709,0.11684204,0.21084337,0.218167,0.10588095,0.13180439,0.11440523,0.22634396,0.12573353,0.10354164,0.11860953,0.16159831,0.0722934,0.09347914,0.11715061,0.04665637
939,0.54958423,0.00216148,-0.01055124,0.26733494,-0.09104259,0.00146672,0.27178678,0.51043647,0.12472705,0.18741878,0.05974443,0.10273274,0.13674111,0.04799548,0.11688691,0.17666905,0.04274408,0.1113685,0.21256094,0.25298491,0.11267602,0.13710653,0.11969559,0.23429713,0.11998608,0.09677194,0.10679459,0.15709598,0.05158783,0.08464977,0.11515168,0.03455959
940,0.29727665,0.00563961,-0.00511232,0.21574851,-0.07401145,0.00379943,0.21140585,0.46180401,0.09609255,0.15164826,0.03931816,0.08614864,0.11781091,0.03667245,0.09534207,0.14630778,0.0328283,0.08914212,0.18009895,0.20137457,0.09386128,0.10585782,0.09771397,0.19633432,0.09772029,0.08569269,0.09067751,0.1372563,0.03790436,0.07562305,0.10474399,0.02983677
941,0.44989388,0.04106429,-0.00479512,0.30993767,-0.10047694,0.00526761,0.34080715,0.48093591,0.19440128,0.2521475,0.13549209,0.16238115,0.19896547,0.11134858,0.17890551,0.23094669,0.11568608,0.18413993,0.29268736,0.30144952,0.17134445,0.20159939,0.17265157,0.30675856,0.19026467,0.15924748,0.18267347,0.23176832,0.12744537,0.15020408,0.17925546,0.09793821
942,0.3742369,0.01316188,-0.02442296,0.27835378,-0.09257059,0.00096543,0.29554477,0.48151451,0.16457465,0.22958016,0.10371372,0.12178316,0.15351857,0.06628934,0.13996323,0.19732473,0.06851335,0.14789057,0.2607188,0.27185586,0.14637677,0.17515624,0.1347923,0.27925117,0.1516571,0.11021944,0.14320157,0.19587696,0.08839139,0.10066591,0.13370522,0.04690416
943,0.52097044,0.02240511,-0.00109156,0.32748316,-0.10854358,0.00260702,0.33794987,0.50380907,0.18440074,0.25532677,0.10647287,0.15462105,0.19400714,0.09191214,0.17130002,0.23819509,0.08958293,0.168626,0.29751894,0.32518585,0.18530866,0.19587453,0.17082415,0.31810333,0.17341291,0.142449,0.16104694,0.22177678,0.09529052,0.13003841,0.16607062,0.07365757
944,0.3203791,0.02623972,-0.02361442,0.26193635,-0.08582369,0.00259301,0.27549824,0.47400559,0.16404293,0.22425177,0.10458845,0.13244587,0.16853062,0.07935869,0.14581497,0.19788035,0.07663363,0.15444967,0.24480846,0.2548699,0.13824932,0.1726944,0.14193833,0.2585734,0.15948574,0.12615475,0.15382523,0.20693706,0.09659661,0.11933006,0.15050554,0.0662045
945,0.41964971,0.01610894,0.00026415,0.33565747,-0.10354626,0.00052251,0.37079381,0.47032608,0.21200029,0.27646249,0.1460782,0.17437526,0.20704948,0.1173393,0.19482542,0.2539438,0.12157808,0.19409503,0.32296929,0.33330298,0.21151583,0.22188352,0.18928791,0.33958301,0.20124828,0.1626994,0.19026609,0.24303251,0.1328058,0.15061357,0.1830382,0.0999868
946,0.36271741,0.02460882,-0.02837333,0.29017502,-0.09722671,0.00610768,0.30998542,0.475623,0.16721361,0.22337877,0.10923358,0.13910814,0.16949917,0.09270415,0.15134561,0.20043742,0.08949256,0.15271382,0.26565186,0.27010737,0.15729802,0.1700498,0.14586059,0.27508157,0.15846542,0.12960112,0.15391998,0.19962121,0.09860634,0.11772877,0.14372052,0.07235875
947,0.52525008,0.00296676,-0.04194617,0.301086,-0.09923092,0.01093444,0.30181456,0.466243,0.18348987,0.24384808,0.11553835,0.15081181,0.18426882,0.09481052,0.16138099,0.21737515,0.09056595,0.16717859,0.28478175,0.29353329,0.17996682,0.18872068,0.1593652,0.29347301,0.1699316,0.13834368,0.16306653,0.21686003,0.10278649,0.12679302,0.15769939,0.07782845
948,0.35064974,0.01646841,-0.02002006,0.23635322,-0.07352456,0.00238357,0.24086671,0.47597964,0.14348987,0.20427307,0.09025961,0.11240228,0.14703464,0.05838667,0.12554543,0.1791556,0.06019318,0.13352017,0.2107714,0.22349218,0.10849638,0.15331353,0.12634991,0.23035404,0.14012076,0.10829909,0.13148542,0.1805304,0.08025551,0.09835488,0.13169332,0.04543959
949,0.4144757,0.01084884,-0.00735626,0.25927898,-0.0839134,0.00315432,0.276563,0.4506159,0.15567945,0.21421332,0.09977044,0.12802013,0.16762063,0.07369082,0.14539125,0.20014014,0.07920334,0.14581338,0.2408598,0.25283743,0.12553392,0.16763526,0.14398488,0.26068733,0.15535224,0.12766422,0.14299594,0.1933885,0.09326122,0.11777154,0.14805119,0.06721671
950,0.46754789,0.0216443,-0.01806833,0.27953344,-0.08822961,0.00078723,0.29034558,0.44720763,0.1698405,0.23109269,0.10679966,0.1321209,0.17018922,0.07734593,0.14623195,0.20305396,0.07691271,0.15548752,0.24823394,0.25587208,0.14740909,0.17608483,0.14249414,0.26208246,0.16890593,0.12933047,0.16119097,0.21434662,0.10059543,0.11940784,0.15242729,0.06736711
951,0.3072405,0.00457639,0.00233524,0.23328242,-0.07189317,-0.00041408,0.23633969,0.423592,0.13826231,0.1991645,0.08491337,0.11770219,0.14748112,0.0598866,0.13130108,0.18495665,0.06732965,0.12942451,0.22607123,0.23073464,0.13028692,0.14965087,0.13303202,0.24408542,0.1311091,0.1097909,0.12413697,0.1738068,0.076324,0.09590176,0.1282419,0.04484005
952,0.3523389,0.02215725,-0.01989519,0.27076746,-0.0858662,0.00160776,0.31199665,0.46406681,0.17667301,0.2365201,0.12243039,0.14581232,0.17891797,0.09390798,0.15946859,0.21361755,0.09453622,0.16544437,0.25875092,0.26248436,0.157184,0.18268192,0.15773053,0.27306794,0.17357823,0.14064422,0.16336429,0.21493788,0.11208774,0.12797051,0.16243611,0.07603311
953,0.25750847,0.02953312,-0.0213692,0.27177226,-0.08434314,0.00117433,0.28624188,0.48149228,0.15422848,0.22030988,0.0972702,0.13154159,0.16922683,0.07520643,0.14556441,0.20272711,0.0769074,0.14691949,0.24252219,0.25634617,0.13589341,0.16503882,0.14412892,0.26020697,0.14970609,0.12472703,0.14130345,0.1983849,0.08725112,0.11601143,0.15292215,0.06212106
954,0.46871386,0.03038549,-0.00571732,0.3093592,-0.10355903,-0.00053885,0.34446853,0.48494267,0.17982485,0.24588888,0.11314977,0.13506165,0.16950217,0.08099883,0.15807633,0.21580143,0.08175882,0.16169278,0.27517777,0.29257277,0.16349452,0.18853772,0.14719348,0.29259284,0.17085199,0.12544173,0.16207995,0.21713468,0.10188054,0.11575017,0.14884338,0.06280811
955,0.29473424,0.02512073,-0.01376293,0.28273684,-0.09444675,0.00966696,0.30888184,0.47880457,0.16729496,0.22191239,0.10864126,0.14437425,0.17548629,0.09603993,0.15581322,0.20690238,0.09282242,0.15560718,0.26674689,0.27118283,0.16033453,0.17350193,0.15429648,0.28052829,0.15983761,0.13771123,0.15362132,0.20219368,0.09997795,0.12647303,0.1556853,0.07944123
956,0.33623785,0.01888214,-0.02121143,0.27022839,-0.09230009,0.00632867,0.28900961,0.46278277,0.18327817,0.23641469,0.13149468,0.14326823,0.17859342,0.09480363,0.16107367,0.20690983,0.10159023,0.16837454,0.27166377,0.27165253,0.14452985,0.19009617,0.15176625,0.28241139,0.17817954,0.13905182,0.16952893,0.21579046,0.12277016,0.13359279,0.16049788,0.08434659
957,0.46745705,0.01052102,-0.04022886,0.25894299,-0.08788085,0.00639999,0.27198852,0.45243636,0.15136787,0.2069553,0.10019391,0.11066527,0.14254947,0.06382755,0.1249405,0.1720609,0.06382355,0.13607752,0.23058715,0.23482766,0.11670438,0.15668196,0.11869329,0.24103225,0.15697307,0.11146593,0.14777651,0.19404764,0.09770779,0.10396048,0.13101536,0.0565429
958,0.16342561,0.00825207,-0.01924185,0.24908636,-0.08040015,0.00420869,0.27886194,0.44202679,0.15366399,0.21341197,0.10315051,0.12661335,0.15421071,0.07446718,0.14084656,0.19184394,0.07804674,0.14284391,0.23999612,0.24400124,0.13739773,0.16061177,0.1385393,0.25544738,0.14792361,0.11921734,0.13919287,0.18777294,0.09263221,0.10750959,0.13776045,0.05665624
959,0.20188171,0.02484623,0.00584286,0.25086528,-0.07809371,-9.949e-05,0.26234933,0.46843364,0.15805047,0.21827217,0.10443427,0.13122556,0.16673683,0.07246292,0.14974164,0.20212801,0.08355266,0.15121358,0.237877,0.24837452,0.11700365,0.17098545,0.14810343,0.25986456,0.15619953,0.12984342,0.14557837,0.1946548,0.09786351,0.11772665,0.15135133,0.06234745
960,0.35779948,0.03106592,-0.00210239,0.28547388,-0.09116648,0.0015966,0.28468359,0.4934351,0.18103732,0.2430684,0.12095434,0.14576418,0.18604021,0.09079841,0.16634011,0.21898423,0.09974206,0.16699963,0.27917128,0.28461939,0.15569827,0.18954839,0.15663906,0.29489033,0.17519006,0.13867051,0.16522803,0.2176366,0.11204646,0.13284697,0.16868934,0.07892895
961,0.46560241,0.01370585,-0.0217792,0.25716488,-0.08920662,0.00533055,0.28201453,0.46299124,0.13965643,0.20011391,0.07770929,0.12142662,0.15680708,0.06878271,0.13312045,0.18875453,0.06371624,0.12924252,0.22908255,0.24786074,0.13428794,0.14942509,0.13491454,0.24717613,0.1346463,0.11766053,0.12460175,0.17860417,0.06851229,0.1060913,0.13688536,0.05395858
962,0.21682868,0.02069425,-0.01129931,0.25298111,-0.08342738,0.00517283,0.27929741,0.45037882,0.15785928,0.21471919,0.10772615,0.1280649,0.16034576,0.07696528,0.14459304,0.19319822,0.08197099,0.14725606,0.24709647,0.25143829,0.13244022,0.16732816,0.1404889,0.26305446,0.15136449,0.12313643,0.14260453,0.19182172,0.09543356,0.1141323,0.14414429,0.0635338
963,0.2206288,0.01170688,-0.02679104,0.26077305,-0.08654377,0.0028984,0.26698909,0.48249431,0.15257803,0.21244947,0.09293159,0.12235136,0.15572236,0.07276414,0.134114,0.18880769,0.06777181,0.13851917,0.24264997,0.25394982,0.13656098,0.1588712,0.13189338,0.25393018,0.14957637,0.11515982,0.13938672,0.18943157,0.08367864,0.1072877,0.13777218,0.05731409
964,0.45709311,0.01637057,-0.03378817,0.2688397,-0.08383674,0.0070743,0.26396306,0.45205505,0.15830926,0.2155569,0.10345083,0.12748671,0.16039905,0.07899412,0.13985258,0.1912625,0.07727872,0.14595891,0.2497105,0.24744939,0.14905564,0.16090729,0.13388593,0.25739252,0.15731285,0.12478332,0.15259829,0.20137593,0.09778133,0.11563835,0.14383299,0.06915267
965,0.34048904,0.01106935,0.0005601,0.26873334,-0.08515246,-0.00098593,0.27954314,0.5138689,0.16198774,0.22255685,0.10583777,0.12893358,0.16547365,0.07371136,0.14659698,0.20283874,0.0802031,0.14846054,0.2444034,0.26567661,0.13031223,0.1758625,0.14760901,0.26805027,0.15402969,0.1198504,0.14018992,0.1891633,0.09370849,0.11002649,0.14501206,0.05748432
966,0.51821996,0.01259671,-0.01082139,0.2847325,-0.0952967,0.00476595,0.28796086,0.47875705,0.14563188,0.20644602,0.07950375,0.11940481,0.15747111,0.06374293,0.13629861,0.1944342,0.06346652,0.13188854,0.24362671,0.268855,0.12980051,0.154515,0.13188696,0.26028628,0.13955433,0.11398895,0.12947419,0.18300124,0.06972304,0.10406899,0.13686981,0.05175363
967,0.61750049,0.02064146,-0.01049014,0.30520573,-0.10271415,0.00318366,0.31988382,0.48438436,0.18389753,0.24351237,0.12132276,0.14822361,0.18282844,0.09937693,0.16315265,0.21626541,0.09891846,0.16982284,0.27349713,0.28908046,0.15302456,0.1926952,0.15827611,0.28714447,0.18656074,0.14911369,0.17743325,0.22762294,0.12151399,0.14203124,0.16918443,0.09148341
968,0.61427893,0.01054325,-0.02779917,0.27955466,-0.09495404,0.00727367,0.31268425,0.44971452,0.1689077,0.22806088,0.11087063,0.13580739,0.17348859,0.08177656,0.15224718,0.20515085,0.08456057,0.15598504,0.25505939,0.26649628,0.1429838,0.17805413,0.14837077,0.27261862,0.16338114,0.1329148,0.15270748,0.20269842,0.10283396,0.12322723,0.15264727,0.07166937
969,0.34854402,0.00587269,-0.02638637,0.24102545,-0.08105219,0.00420621,0.24868801,0.46893824,0.13600297,0.19285106,0.08235051,0.1059155,0.13314199,0.05789146,0.11582241,0.16702699,0.05415166,0.12303255,0.22212592,0.23060354,0.12520433,0.14250927,0.11628332,0.23454156,0.12892995,0.09818197,0.12250292,0.16828337,0.07553741,0.08748793,0.11321548,0.04135511
970,0.32202684,0.00783844,-0.01962541,0.25598348,-0.08089748,-0.00111463,0.29053742,0.45799029,0.14828815,0.21293094,0.09242785,0.12363374,0.15598814,0.06700872,0.13705857,0.19268628,0.06737657,0.13781538,0.23823153,0.25210356,0.14094741,0.15863663,0.1368761,0.25702944,0.14117877,0.11380081,0.13093871,0.18523947,0.07896667,0.10212264,0.13848173,0.04955352
971,0.40240427,0.03019094,-0.00237923,0.2877644,-0.09137761,0.00123423,0.29316134,0.47376142,0.182451,0.2436193,0.11875373,0.14651287,0.18684,0.08872283,0.16247534,0.2179399,0.09324694,0.17036459,0.2656338,0.27759193,0.15319788,0.19220123,0.16061884,0.28332146,0.17823422,0.1419883,0.16822618,0.21985825,0.11065675,0.13181326,0.16324777,0.07745704
972,0.40328359,0.0286566,0.00592421,0.30454619,-0.09704264,0.00125431,0.31267225,0.4931891,0.18388612,0.24906933,0.11841484,0.14281438,0.17358081,0.08519001,0.16082964,0.22013916,0.08770494,0.16678098,0.28019357,0.29514459,0.16907831,0.19497382,0.15862272,0.3011812,0.17705918,0.13642419,0.16835663,0.22089942,0.1085962,0.12227289,0.15415878,0.06765746
973,0.22849624,0.01557993,0.00350628,0.2423481,-0.07987456,0.00025951,0.2574521,0.49108769,0.13697964,0.19640795,0.08556801,0.10634531,0.13878579,0.0511588,0.1264741,0.17870029,0.06311243,0.12511315,0.22449796,0.2362509,0.102172,0.14924638,0.12253996,0.24696872,0.13584675,0.10346545,0.1246913,0.17299438,0.07785396,0.09247704,0.12622416,0.03987137
974,0.41299357,0.01830215,-0.02995635,0.30896638,-0.10088538,0.00130859,0.33244415,0.47678635,0.1932159,0.25634511,0.12863589,0.15092278,0.18771651,0.09657118,0.1698274,0.22696917,0.09640803,0.17611078,0.2812588,0.29269877,0.17138325,0.19988016,0.16196785,0.29432503,0.18673002,0.14178178,0.17497328,0.23029175,0.11718686,0.13111324,0.16462445,0.07928525
975,0.28151122,0.0114611,-0.03206737,0.24782592,-0.08407413,0.0086369,0.24628114,0.4880033,0.15055104,0.205449,0.09716565,0.12829856,0.16400552,0.07903662,0.14050351,0.18985288,0.07993376,0.14000122,0.2343534,0.24199408,0.12217076,0.15829108,0.13878781,0.24884586,0.14784299,0.12581494,0.13987148,0.18814183,0.09185945,0.1190571,0.14879978,0.06808537
976,0.50759055,0.01321054,-0.00125886,0.27572751,-0.09047638,0.00066257,0.28383548,0.47009297,0.14143304,0.20284268,0.07958252,0.1192983,0.15493318,0.06204814,0.13744654,0.19511426,0.06547266,0.12899499,0.23495915,0.26455132,0.13552409,0.15327232,0.13665123,0.25638859,0.13621412,0.1133763,0.12529339,0.17606278,0.07161324,0.0998224,0.12981238,0.04993766
977,0.44456989,0.03669772,-0.00182758,0.35339961,-0.1158959,0.00413311,0.38171586,0.50637573,0.21072246,0.27699582,0.14163836,0.17446288,0.21414536,0.11458453,0.19278049,0.25539216,0.1160248,0.19408585,0.3257116,0.34380238,0.19254231,0.22073813,0.18847989,0.34478369,0.19972882,0.163623,0.18835789,0.24898181,0.12474996,0.15258982,0.18853833,0.09632998
978,0.46770402,0.0214755,-0.00544592,0.28789909,-0.09328301,0.00174561,0.30222984,0.47597055,0.18704001,0.2473794,0.12239217,0.14913774,0.18863616,0.09290643,0.16643203,0.2218267,0.09631309,0.1723258,0.26474122,0.28379464,0.15643311,0.19754482,0.1633838,0.28248906,0.18171478,0.14355586,0.17044715,0.22169492,0.11541288,0.13416247,0.16522628,0.08140269
979,0.34235273,0.01249719,-0.01869489,0.28432837,-0.09767209,0.00594275,0.29292817,0.49126664,0.16372851,0.22278682,0.10067496,0.13381403,0.16546526,0.08294659,0.14862587,0.20451717,0.08364057,0.14890285,0.26441916,0.27549411,0.15527783,0.17156206,0.14474222,0.27923988,0.15684684,0.12571814,0.1496094,0.19932702,0.09492451,0.11461738,0.14578051,0.06558572
980,0.39577696,0.00750582,-0.01370127,0.26764586,-0.09190416,-0.00052634,0.29658511,0.47720495,0.14415243,0.21090557,0.07682281,0.11167889,0.14654943,0.05459762,0.12718163,0.18882709,0.05139593,0.12793277,0.23558902,0.25746718,0.13494503,0.15615737,0.12726642,0.25666635,0.13577406,0.10020975,0.12545732,0.18153642,0.0657615,0.08811141,0.12338721,0.03569573
981,0.4175286,0.01887779,-0.0152905,0.26873819,-0.09217546,0.00520799,0.27844998,0.50573558,0.13724647,0.19606505,0.0790179,0.10725155,0.13598014,0.05689152,0.12494429,0.17812729,0.05931844,0.12289879,0.24062012,0.26119702,0.12189493,0.14596069,0.1193233,0.25703315,0.13456822,0.10280407,0.12501945,0.1711977,0.07090162,0.09334636,0.1216635,0.04508367
982,0.53217074,0.01147231,-0.01266083,0.26206038,-0.0897981,0.00497874,0.26371343,0.4742098,0.12348792,0.1872645,0.05804925,0.10061453,0.13423065,0.04396501,0.11232006,0.17196604,0.03864209,0.11150371,0.21229058,0.24198889,0.11108646,0.1339695,0.11575499,0.23168266,0.120219,0.09801862,0.10913108,0.16236388,0.0491722,0.08395884,0.11517547,0.03237701
983,0.28426456,0.00965699,-0.02415288,0.24178053,-0.07754874,0.00198817,0.24492662,0.44121574,0.14180491,0.20051806,0.08516123,0.11956043,0.1533757,0.06795909,0.12537452,0.17807389,0.05872794,0.13108775,0.22376705,0.22932819,0.12560281,0.14498227,0.12693798,0.23349581,0.13899036,0.1147126,0.13236093,0.18388962,0.07842302,0.10525596,0.1355954,0.05542716
984,0.45003452,0.01139459,-0.0402445,0.30365633,-0.09879546,0.00620376,0.31288173,0.4820307,0.18831891,0.25526087,0.12109037,0.1588931,0.19932889,0.10015292,0.17062792,0.23136031,0.09939618,0.17780692,0.29522112,0.29926783,0.18007379,0.19581161,0.16802986,0.30511308,0.1810696,0.1449661,0.17469527,0.23162072,0.11319942,0.13588179,0.17134061,0.08192956
985,0.3991063,0.01160139,-0.02851054,0.2663708,-0.08168829,0.00440255,0.26738878,0.49195876,0.15940515,0.21994841,0.10142243,0.12933446,0.16314819,0.07497215,0.14267222,0.19782176,0.07487248,0.14863949,0.24344055,0.25690432,0.13874524,0.16821004,0.14043046,0.25691097,0.15374856,0.11973351,0.14636,0.19626119,0.09161692,0.11110501,0.14421479,0.06016186
986,0.52385266,-0.00470996,-0.03512116,0.2833136,-0.09848036,0.0055623,0.28635528,0.50354669,0.14168568,0.20365709,0.07622495,0.10810505,0.14303403,0.05487133,0.12258426,0.1821718,0.05004965,0.12382944,0.24389722,0.26493444,0.13132091,0.15023361,0.12036482,0.25958567,0.13091568,0.0970925,0.12289384,0.17595571,0.06513445,0.0875422,0.12109278,0.03829266
987,0.516478,0.01456886,-0.04753911,0.2851364,-0.09543595,0.00577331,0.31500928,0.4436849,0.19120901,0.25266649,0.12612879,0.14588745,0.17838514,0.09466839,0.16197328,0.2148072,0.09278767,0.17633909,0.27618424,0.28019801,0.17580365,0.19728548,0.15250956,0.28651908,0.18134978,0.13112724,0.17564292,0.22421775,0.11475571,0.12473989,0.15233053,0.07483423
988,0.44620629,0.02633837,-0.02210657,0.32098123,-0.10464508,0.00258672,0.36338488,0.44504584,0.18739316,0.24999404,0.12617351,0.16066324,0.19544639,0.10455518,0.17504322,0.22959397,0.10367363,0.17546805,0.30096701,0.30473846,0.18369807,0.19526828,0.1723752,0.31536822,0.183568,0.15508638,0.17418045,0.22910071,0.11827683,0.1422364,0.17184817,0.09142527
989,0.46040139,0.00332729,-0.03091721,0.28787047,-0.09167812,0.00330529,0.30125882,0.49632716,0.18146898,0.24518009,0.11824864,0.14542154,0.18616186,0.08863217,0.15967797,0.22035038,0.08748097,0.16566824,0.27084186,0.28160173,0.15383241,0.19027292,0.15737237,0.28667234,0.17237064,0.13415944,0.16107909,0.21855938,0.10338984,0.12672723,0.16465925,0.07216413
990,0.55185418,-0.00846506,-0.0138126,0.23198722,-0.07978137,0.00547163,0.22110187,0.49026433,0.10234381,0.15407765,0.04799289,0.08417161,0.10681066,0.03890362,0.09026041,0.13979234,0.03172732,0.08702489,0.19634986,0.2202031,0.11111934,0.10801217,0.09461805,0.20958495,0.09302724,0.07515513,0.08681044,0.12774353,0.0399392,0.0629411,0.08930242,0.02162202
991,0.52029473,0.00492906,-0.03514332,0.28215913,-0.09469117,0.01126777,0.28995474,0.48453656,0.16140772,0.22074654,0.10012458,0.14112319,0.17578227,0.08922573,0.15042953,0.20610337,0.08360725,0.15057343,0.26219169,0.27375576,0.16680345,0.16657328,0.15030552,0.27251452,0.1550074,0.13484963,0.14925382,0.20013528,0.0932417,0.12384434,0.15427935,0.07548311
992,0.34688099,0.00793935,-0.02537788,0.25389003,-0.08533238,0.00469473,0.27973704,0.4486484,0.16260483,0.22475436,0.10532845,0.13254904,0.16528967,0.07638647,0.14520808,0.19695806,0.07644153,0.1508583,0.24306,0.24976505,0.1335892,0.17280016,0.14735099,0.26294961,0.15416465,0.12369846,0.14311039,0.19436451,0.0929509,0.11108728,0.14141441,0.05687229
993,0.58990855,0.01575628,-0.01578561,0.30772632,-0.10021647,0.00200941,0.31448816,0.47891331,0.16870966,0.22826462,0.10855631,0.14306044,0.18052991,0.09197115,0.15755203,0.2126572,0.09052016,0.15639151,0.28178759,0.29623388,0.17562456,0.17339303,0.15079092,0.29076475,0.16227946,0.13266005,0.15600006,0.20970226,0.10185305,0.12432655,0.15768057,0.0780102
994,0.51333937,0.01349981,-0.00526187,0.25014108,-0.0850725,0.00174786,0.26011879,0.4714912,0.12130753,0.18113508,0.06504478,0.0966769,0.12687332,0.04363622,0.11046498,0.16502198,0.04275783,0.10927217,0.20783533,0.23065231,0.10550983,0.13121152,0.11198543,0.22799118,0.12290782,0.096089,0.11070307,0.15678672,0.0613097,0.08267825,0.11101945,0.03528895
995,0.46777955,0.02123432,-0.00887594,0.30716435,-0.09793139,0.00292858,0.31152374,0.50116907,0.16146324,0.22221371,0.09879038,0.12918307,0.16885997,0.07563356,0.14991344,0.20727936,0.07903924,0.14612587,0.26368102,0.28553658,0.14626798,0.16844802,0.1413316,0.27898601,0.15412738,0.12151224,0.14487248,0.19545759,0.08765571,0.11229722,0.14566318,0.06200061
996,0.2558174,0.02654197,-0.00342508,0.23227692,-0.07286534,0.00454302,0.24057768,0.44225483,0.13694032,0.19433981,0.08917791,0.1200921,0.15268869,0.06893032,0.1318807,0.17959104,0.07256696,0.13129707,0.2177622,0.22209196,0.11331921,0.1450858,0.13307802,0.23469374,0.13433494,0.11983698,0.12706935,0.17282601,0.08107625,0.10857891,0.13698101,0.0585445
997,0.47098389,0.00650573,-0.01855022,0.275939,-0.09150184,0.00609409,0.30323711,0.46420958,0.16981454,0.22886258,0.10831714,0.14162767,0.1752157,0.09090756,0.15553241,0.21106594,0.08894184,0.15684191,0.26269853,0.27225599,0.16197322,0.17727339,0.15311967,0.27646857,0.16318879,0.13458642,0.1551321,0.2045271,0.09916013,0.12478482,0.15500288,0.07703641
998,-0.02221773,0.02282413,0.03036305,0.23807503,-0.07225153,-0.00588649,0.26141793,0.50235128,0.13309162,0.19250268,0.08387384,0.10470854,0.13262501,0.04951847,0.12563267,0.18017807,0.06118064,0.12058781,0.21979207,0.24066372,0.11338457,0.14871997,0.12599703,0.24754369,0.12953029,0.10005781,0.11596125,0.16276204,0.07257818,0.0864593,0.12122729,0.03452948
999,0.26868828,0.0178225,-0.00058204,0.25805044,-0.08235887,0.00191345,0.29552773,0.44798589,0.16197216,0.22216789,0.10822993,0.13127744,0.16214966,0.07591601,0.14805654,0.20150328,0.08244784,0.15041139,0.24563002,0.25086506,0.14037167,0.17161465,0.14663229,0.26522712,0.15659787,0.12617148,0.14711294,0.19591114,0.09831271,0.11185419,0.14323302,0.0597146
1000,0.41309532,0.02207878,-0.01452248,0.26585865,-0.09011629,0.00192113,0.27699308,0.48219168,0.15372714,0.21374425,0.09576275,0.12204011,0.15895316,0.06788831,0.14118496,0.19374619,0.07507955,0.14084216,0.24675201,0.25679901,0.1284693,0.16195565,0.13462587,0.26350251,0.14747331,0.11584843,0.13936137,0.18500118,0.08721605,0.10584161,0.13686577,0.05631752
1001,0.34372097,0.02275887,0.00156,0.29604649,-0.09658377,0.00280788,0.33681583,0.45481823,0.16966115,0.23447365,0.10329172,0.14587553,0.18409439,0.08992538,0.16367102,0.22137153,0.08774272,0.16039116,0.28124192,0.29655443,0.16950388,0.18128643,0.1588718,0.29756509,0.16450212,0.13829831,0.15683913,0.21395769,0.09393976,0.12878648,0.16213148,0.07624254
1002,0.03612064,0.01243057,-0.00943061,0.25749459,-0.08187075,0.00028111,0.26846144,0.48346941,0.15952562,0.21973927,0.10962048,0.13104058,0.15872354,0.07730128,0.14751281,0.199436,0.08484322,0.14776252,0.25188297,0.2583271,0.14298078,0.16965736,0.14539629,0.27105022,0.15391128,0.12237062,0.1443866,0.19092512,0.09927426,0.11042943,0.14154334,0.05917611
1003,0.44033684,0.00237601,-0.01211571,0.27713079,-0.08696437,0.00150784,0.28469267,0.4768935,0.16315856,0.22736285,0.10493601,0.13710578,0.16987603,0.07489712,0.14803379,0.20760908,0.07854166,0.15324307,0.25255522,0.27399903,0.14547342,0.17565392,0.1539325,0.27300619,0.15675532,0.12778685,0.14556308,0.19975445,0.09497607,0.11399303,0.14874092,0.05854501
1004,0.41191278,0.02585738,-0.01268298,0.271127,-0.09067295,0.00567061,0.28493129,0.47749567,0.17023552,0.22487088,0.11466516,0.13309413,0.17013548,0.08308366,0.15007283,0.20138452,0.08779781,0.15593033,0.26005464,0.26477904,0.13333807,0.17810994,0.14507878,0.27649198,0.16369727,0.12834174,0.1553951,0.20225701,0.10541111,0.11951845,0.1493331,0.07126973
1005,0.47145517,0.01182422,-0.02721864,0.27311773,-0.09211661,0.00361416,0.27316744,0.45146132,0.13786292,0.19974667,0.07334546,0.11682057,0.15101401,0.06177081,0.12828525,0.18540824,0.05663987,0.12794608,0.23553756,0.25272271,0.13733077,0.14554526,0.12783103,0.24942686,0.13456231,0.11062025,0.12748489,0.1799366,0.06787474,0.09839357,0.12750178,0.0490199
1006,0.33607999,0.01330987,-0.0224063,0.26890077,-0.0872238,0.00260023,0.30408653,0.4528327,0.16610621,0.22576764,0.11343086,0.13422876,0.16905117,0.08051711,0.15156117,0.20377358,0.0877139,0.15484626,0.25550216,0.26219291,0.14823692,0.17436852,0.14522856,0.26976729,0.16458864,0.12902419,0.1557573,0.20692936,0.10689731,0.11914164,0.15286339,0.06814856
1007,0.4499879,0.01296392,0.00261507,0.28888931,-0.09639988,0.00399149,0.31491549,0.48751328,0.15125501,0.21239684,0.0902867,0.12870906,0.15944,0.07243488,0.14207834,0.19973105,0.07304877,0.13738382,0.26341462,0.2822621,0.15887859,0.1616631,0.1437857,0.28241931,0.14215052,0.12182789,0.13292931,0.18333109,0.07989515,0.10719188,0.13817298,0.05651186
1008,0.27545883,0.02016706,-0.01361407,0.28525441,-0.08752985,0.00187046,0.29547133,0.50819007,0.18087931,0.24280302,0.12626537,0.14968804,0.18725926,0.0931685,0.16579104,0.22292436,0.09996571,0.16922763,0.26507986,0.27853006,0.14320042,0.19125154,0.16410247,0.28532106,0.17464943,0.14164103,0.16337829,0.21809142,0.11425063,0.1332419,0.17161345,0.07814802
1009,0.25722468,0.0151816,0.00503139,0.26937219,-0.08917253,0.00231352,0.28877449,0.47692025,0.14490389,0.20855702,0.0873389,0.11919924,0.1512588,0.06279017,0.13702912,0.19387753,0.06728769,0.13206132,0.24885207,0.25902985,0.13663071,0.15498675,0.13417184,0.26810289,0.13837371,0.11000851,0.12766527,0.17879593,0.07671813,0.09668234,0.13018497,0.04533028
1010,0.37436877,0.01996805,-0.00804296,0.25823924,-0.09219181,0.0039104,0.27988524,0.48782956,0.14079742,0.20214291,0.08179721,0.11354479,0.13953919,0.06219698,0.12592579,0.18013948,0.05809875,0.12631941,0.2386028,0.25752756,0.13325986,0.1511413,0.12799251,0.25763842,0.13646814,0.10953342,0.12608788,0.17679863,0.0735288,0.09637978,0.12561447,0.04560524
1011,0.38705349,0.02292907,0.00429076,0.28236006,-0.09298951,0.00249783,0.30105349,0.49128195,0.14837302,0.211737,0.09080763,0.12286137,0.1488636,0.06982018,0.13703645,0.19409038,0.06618309,0.13367363,0.25676208,0.27438559,0.15548916,0.15911764,0.13754286,0.27482695,0.14213224,0.11654156,0.13192803,0.18377615,0.07933865,0.10274858,0.13371948,0.05426522
1012,0.49861858,0.02455609,0.00962376,0.31831048,-0.10065812,0.00038562,0.34938863,0.48631972,0.18819359,0.25238964,0.12611803,0.16412753,0.20341649,0.10478229,0.18212873,0.2427289,0.10982469,0.17807414,0.29776592,0.31721163,0.18267525,0.2005483,0.18143216,0.31968325,0.18014578,0.15512136,0.16945343,0.22524557,0.11401642,0.14215804,0.18071351,0.08790664
1013,0.27276892,0.01407211,-0.00120662,0.25436482,-0.08251142,0.00053795,0.27042959,0.4653425,0.15267558,0.21455223,0.101292,0.13061935,0.16421001,0.07292133,0.14545954,0.19850479,0.08062396,0.14505403,0.24469684,0.25497807,0.13398235,0.16571263,0.14705711,0.26508245,0.14812579,0.12515895,0.13842229,0.18968012,0.09213681,0.1123392,0.14558463,0.05933108
1014,0.22955464,0.00587006,-0.02272537,0.21327955,-0.07512443,0.00953258,0.23354823,0.40970636,0.12880583,0.18132528,0.07683557,0.1100609,0.1384819,0.06238588,0.11958559,0.16487037,0.05973853,0.1215632,0.20494399,0.20680089,0.09877455,0.13655898,0.11841338,0.2166295,0.13342381,0.11586104,0.12711504,0.17375339,0.07838152,0.10806368,0.12830818,0.05779661
1015,0.27638937,0.00585577,-0.01695282,0.23701918,-0.07985643,0.00411508,0.25777467,0.4560719,0.13554613,0.18609902,0.08311461,0.11126915,0.14249385,0.06647628,0.12199003,0.1696344,0.06279737,0.12451532,0.21883401,0.22912608,0.12648631,0.14101207,0.12075005,0.23028423,0.13138854,0.10596017,0.12412412,0.16805309,0.07640166,0.09721239,0.12520125,0.05354363
1016,0.35236581,0.01311954,-0.03871476,0.25773283,-0.0837607,0.00556413,0.24984617,0.49565613,0.15134658,0.20817904,0.09919151,0.11786175,0.15246629,0.06612911,0.13212635,0.18198049,0.07103889,0.13936799,0.2254163,0.23662555,0.11107209,0.1617049,0.1293811,0.24191098,0.15363976,0.11469754,0.14529285,0.19303021,0.09538984,0.10747118,0.13906297,0.05876281
1017,0.40236594,0.00596349,-0.01149928,0.26261532,-0.08919552,-9.825e-05,0.28816727,0.48771442,0.15692891,0.2157656,0.10114629,0.12772203,0.15901376,0.07910872,0.14220852,0.19340186,0.07623851,0.14408711,0.24756158,0.25809788,0.13732019,0.16706872,0.14049477,0.26409846,0.15241619,0.12299451,0.14287491,0.19460518,0.09465244,0.11500623,0.14446322,0.06629171
1018,0.12292496,0.01857289,-0.02719493,0.24209473,-0.07794752,0.00173589,0.27623588,0.44071058,0.14996458,0.2067619,0.10067899,0.12443436,0.15611047,0.07526823,0.13824981,0.18637745,0.07980499,0.1414179,0.23795612,0.23664625,0.13622548,0.15586509,0.13121329,0.24883934,0.14525283,0.11945752,0.13993146,0.18999543,0.09042695,0.1115565,0.14382828,0.06033226
1019,0.44464511,0.01656995,-0.00563613,0.28390821,-0.09182748,-0.00023473,0.3040508,0.4924934,0.15638,0.22138794,0.09210448,0.12869804,0.16767776,0.06830285,0.14511756,0.20659229,0.07057509,0.14416512,0.25078479,0.27334486,0.13585696,0.16792529,0.14590073,0.27178245,0.15020004,0.12191642,0.1375827,0.19188642,0.08107662,0.10890754,0.14409498,0.05445667
1020,0.33314843,0.00621125,-0.02777968,0.26651519,-0.0871198,0.00443078,0.27503743,0.47401505,0.16420176,0.22248445,0.10592492,0.12551264,0.15811851,0.07070706,0.14248508,0.19819761,0.07418216,0.14619012,0.25736425,0.26221046,0.14616492,0.17249799,0.13828168,0.27388158,0.1519359,0.11292502,0.14303702,0.1931566,0.09112506,0.10279513,0.13579182,0.05389316
1021,0.34515528,0.00686203,0.00118691,0.23714753,-0.08049558,0.00429349,0.24420672,0.46784023,0.12398304,0.1819375,0.06914797,0.10572869,0.13602615,0.05316891,0.11699655,0.17104963,0.05309201,0.11396748,0.21110151,0.23125378,0.11003267,0.13419755,0.12022599,0.22960998,0.12281379,0.10459368,0.11349418,0.16146839,0.06614978,0.09231969,0.12013698,0.04294675
1022,0.27960369,0.03122304,0.01081117,0.28035623,-0.09669816,-0.0002357,0.31467577,0.4796636,0.16142983,0.21956263,0.1001406,0.13071729,0.1602613,0.07897584,0.14690698,0.20066835,0.07973511,0.14654225,0.25622915,0.27334471,0.15315646,0.17006612,0.14269051,0.2729249,0.1600196,0.12894828,0.14974288,0.20044001,0.09667548,0.11744048,0.14717474,0.0668488
1023,0.33254706,0.00579074,-0.01964509,0.23258584,-0.076448,0.00428163,0.25155274,0.44938027,0.13548818,0.18942324,0.0838759,0.12136844,0.15646062,0.07316728,0.12961842,0.17777885,0.07082998,0.13008037,0.21863355,0.22465166,0.12139311,0.14449427,0.13296579,0.23362957,0.13045338,0.11826853,0.12431102,0.17071636,0.07858067,0.10895256,0.13675952,0.0619997
1024,0.40990804,0.03093362,0.00044506,0.26591846,-0.08570074,0.00028415,0.28114353,0.46819072,0.14335661,0.20325267,0.08820016,0.11967273,0.1524607,0.06862636,0.13582884,0.18747433,0.06970503,0.13321073,0.23375408,0.25105029,0.12964714,0.15228923,0.13254832,0.2504324,0.14125306,0.11811252,0.13281998,0.18214874,0.08109826,0.10759222,0.13607925,0.05893569
1025,0.54150331,0.01093448,-0.02463172,0.25553245,-0.09145412,0.00606533,0.24883426,0.49644846,0.11902896,0.1767584,0.06150581,0.09609164,0.12619939,0.04799372,0.10912278,0.16043133,0.04399463,0.10646243,0.21036079,0.23825695,0.10804753,0.12715946,0.10640501,0.22606848,0.12076714,0.09297891,0.11254564,0.15889657,0.0602521,0.08402499,0.11245876,0.03682135
1026,0.5000892,0.00548022,-0.03120459,0.26427363,-0.09057159,0.00773867,0.27724386,0.50624691,0.14290466,0.20281543,0.08544331,0.11362724,0.14503014,0.0641521,0.12291115,0.1794382,0.05744665,0.12805448,0.24075311,0.25501456,0.12870085,0.14957318,0.12347445,0.25418854,0.13745051,0.10590903,0.12941148,0.17805242,0.07542601,0.0972913,0.1296472,0.04921728
1027,0.28129605,0.01153211,-0.01452177,0.22669327,-0.07449385,0.00025621,0.25160423,0.46686556,0.13298489,0.1922233,0.07980805,0.10413036,0.13227234,0.05308878,0.11646329,0.16644094,0.05439299,0.1220471,0.20750304,0.21815936,0.1064885,0.14208572,0.116265,0.22481499,0.13183318,0.10091945,0.12294104,0.17183739,0.07293493,0.09055086,0.1218298,0.03927425
1028,0.52462305,-0.00064605,-0.03045005,0.24309086,-0.08640197,0.00525992,0.24939998,0.48343367,0.10814971,0.16836324,0.04734124,0.08405803,0.11494629,0.03160658,0.09497205,0.15202177,0.0243806,0.09506928,0.19791684,0.21972655,0.10246458,0.11928431,0.09859542,0.21641944,0.10584367,0.07904953,0.09626958,0.14575207,0.041183,0.06686588,0.09610686,0.01954617
1029,0.28168208,0.00667591,0.01138511,0.27317046,-0.08476913,-0.0024948,0.29564021,0.50440628,0.16030793,0.22534329,0.10866739,0.12798725,0.15433717,0.0684683,0.14406586,0.20272936,0.07660142,0.14455594,0.26161905,0.27445325,0.14348771,0.17355641,0.1461641,0.28698288,0.15333231,0.12003672,0.14213572,0.1933414,0.09732672,0.10500377,0.13969388,0.04897861
1030,0.39689055,0.02426067,-0.00496252,0.28670649,-0.09170818,0.00381245,0.30139749,0.49756512,0.18001494,0.23940877,0.12419147,0.14737494,0.185517,0.09216433,0.16449673,0.21802926,0.10069895,0.1666313,0.27199945,0.28408596,0.13777865,0.19033081,0.16135176,0.29043601,0.1744877,0.14272955,0.16234743,0.21367943,0.11198757,0.13400188,0.16795521,0.07940587
1031,0.1248416,0.0321529,-0.02492308,0.27135844,-0.09132226,0.00484358,0.28884558,0.45660291,0.168445,0.22622187,0.11367966,0.13897416,0.17002406,0.09208998,0.15360073,0.20203234,0.0901734,0.15594488,0.26280929,0.25792819,0.15055213,0.17334237,0.1455632,0.27311732,0.17160806,0.14170141,0.16570215,0.21669808,0.11330949,0.13431245,0.16113713,0.08540558
1032,0.44743422,0.01469209,-0.00209625,0.31986699,-0.10519063,-0.00235234,0.35734167,0.50470825,0.18036198,0.24708374,0.11299166,0.14664246,0.18583739,0.08774988,0.17127803,0.23515763,0.09400083,0.16510347,0.29167642,0.31396657,0.1721216,0.19306857,0.16387801,0.31226673,0.17252232,0.13577711,0.16210534,0.21673375,0.10226906,0.1233451,0.15818131,0.07074838
1033,0.41201458,0.00955605,-0.01733217,0.27668832,-0.08763301,0.00141066,0.27845269,0.46705394,0.16263492,0.2265477,0.09979591,0.12372409,0.15974142,0.06626603,0.14051066,0.19987266,0.06728309,0.14713751,0.25364182,0.26428008,0.13901973,0.1703016,0.13527976,0.26783001,0.1557915,0.1153634,0.14609856,0.2019502,0.08643227,0.10512512,0.14078668,0.05155573
1034,0.32472187,0.02261093,-0.01643399,0.25037261,-0.08492882,0.00347811,0.2786703,0.44933364,0.14736104,0.20427093,0.09234096,0.12023738,0.15683407,0.06824331,0.13534927,0.18630696,0.07144624,0.13561336,0.22522426,0.23923303,0.11523461,0.15516118,0.13115051,0.24078853,0.14358574,0.11806765,0.13267145,0.18424628,0.07999121,0.10947089,0.14080639,0.05678317
1035,0.52757974,0.0036179,-0.00199542,0.29346134,-0.09480411,-0.00016654,0.30269932,0.51016439,0.14904882,0.21041168,0.08859302,0.11710699,0.14783721,0.0636222,0.13629932,0.19422492,0.06575756,0.13209249,0.25118327,0.27730258,0.13737901,0.16091806,0.1340472,0.27349817,0.14271776,0.11075892,0.13214564,0.18035462,0.08021576,0.09878523,0.12755819,0.0512929
1036,0.27386499,0.03086739,-0.00542458,0.27712909,-0.08776982,0.00093432,0.303777,0.49104247,0.16601279,0.23103598,0.10851254,0.13441502,0.16957228,0.07597181,0.15437266,0.21234448,0.08516385,0.15478439,0.25968117,0.27197339,0.14239854,0.17853732,0.14935829,0.27976462,0.16228861,0.12995578,0.15284332,0.2082296,0.09904796,0.11905768,0.15478179,0.06319715
1037,0.31976106,0.0231262,-0.01869567,0.25568909,-0.08316688,0.00635477,0.29147929,0.43571653,0.15938628,0.21672905,0.10587911,0.13871432,0.17095656,0.08968479,0.15080965,0.19968305,0.08925868,0.15252287,0.24710659,0.24814692,0.1472622,0.16777665,0.150927,0.26312059,0.15875495,0.13933094,0.14927892,0.19978361,0.09671441,0.12766487,0.15523727,0.07793158
1038,0.33267043,0.00986805,-0.0031444,0.22054489,-0.06915796,-0.00041707,0.21857235,0.47119641,0.13134564,0.1920632,0.07913955,0.1043989,0.13953604,0.04858085,0.11808272,0.1689152,0.05489673,0.12261132,0.20009405,0.2136473,0.08772465,0.14532521,0.12088899,0.22265984,0.13409935,0.10602528,0.12250376,0.17315468,0.07601203,0.09765072,0.12793651,0.04381409
1039,0.25504235,0.02031216,0.00636266,0.26180846,-0.08502222,-0.00332679,0.27448123,0.50283398,0.14589181,0.20957422,0.08676611,0.1150749,0.15435421,0.05468856,0.13682254,0.19518476,0.06403848,0.13282249,0.23279652,0.25594994,0.11658949,0.15910631,0.13098022,0.25604164,0.13959977,0.10724477,0.12845814,0.18207281,0.07663667,0.09810164,0.13553187,0.04149453
1040,0.51934002,0.00904757,-0.0118477,0.27157042,-0.09352024,0.00444758,0.25693231,0.5039138,0.12696047,0.18545268,0.06581799,0.10872835,0.14195464,0.05681577,0.121208,0.1762763,0.05509483,0.1153274,0.23096265,0.26103734,0.12376183,0.1358861,0.12029462,0.24696288,0.11783838,0.09986922,0.10976422,0.15855948,0.05570062,0.0901598,0.12175975,0.04296457
1041,0.45047721,0.0201455,-0.0124975,0.26852461,-0.08998379,0.00228409,0.28981285,0.46576761,0.16661888,0.22415292,0.11088502,0.12648163,0.15790649,0.0775379,0.13966877,0.19034858,0.07702644,0.14791666,0.25431868,0.25626577,0.14547635,0.17011225,0.13401685,0.26528736,0.15704333,0.11747531,0.14925276,0.19763171,0.09644603,0.10781462,0.14108442,0.05832594
1042,0.42605313,0.01474456,-0.03357113,0.26909768,-0.0905637,0.00347563,0.26914259,0.46893437,0.14650604,0.2083378,0.08596784,0.11828437,0.15477912,0.06478519,0.13124118,0.18598498,0.0626684,0.13421118,0.23941198,0.24740649,0.12874338,0.15311637,0.12787622,0.25254819,0.1413169,0.11125939,0.1348477,0.18701247,0.07641271,0.10157578,0.13227344,0.05235103
1043,0.47872872,0.01192262,-0.00320289,0.27593989,-0.0869655,0.00313979,0.28960604,0.455186,0.14946315,0.21378281,0.08904256,0.12777436,0.16265886,0.07079547,0.14123078,0.20017324,0.07019424,0.13990301,0.24005003,0.25964534,0.14329657,0.16012748,0.14306087,0.25882718,0.15094242,0.12655812,0.14066614,0.1926321,0.08490316,0.11277238,0.14397933,0.06161677
1044,0.44094227,0.01065259,-0.0346017,0.28884714,-0.09501357,0.00643305,0.30547422,0.48815329,0.17236721,0.23090244,0.11283277,0.13948288,0.17469399,0.08708741,0.1547321,0.21033821,0.09139735,0.15780413,0.26454988,0.27850195,0.15174922,0.17862817,0.1483389,0.27799139,0.16649869,0.13140371,0.15852118,0.20782228,0.10242259,0.12247909,0.15629023,0.07114929
1045,0.39502381,0.01193914,-0.02484875,0.25388114,-0.0899715,0.00435584,0.29030455,0.45886271,0.15381378,0.21239468,0.09960465,0.11914453,0.15165956,0.06650424,0.13698906,0.1894396,0.07124361,0.14013824,0.23133861,0.24294911,0.12306745,0.16522427,0.13346865,0.25271289,0.15147117,0.11856274,0.14132759,0.19276919,0.09332097,0.10712143,0.13661665,0.05552425
1046,0.35388759,0.00891594,-0.008435,0.25515784,-0.08353297,0.00122106,0.26287497,0.49145852,0.14244908,0.20430984,0.0859716,0.11146147,0.14378277,0.0576847,0.12712972,0.18216141,0.06005887,0.13015222,0.23046125,0.24803648,0.10784678,0.15431912,0.1257549,0.25009963,0.13989328,0.10798126,0.12824392,0.18002091,0.0767608,0.09989012,0.13204326,0.04597226
1047,0.4048332,0.0169118,-0.00862735,0.23181604,-0.07834869,0.00202792,0.21638315,0.46369602,0.11298628,0.1759583,0.0513678,0.09505273,0.13018373,0.03750497,0.10763921,0.16338972,0.03665205,0.10329075,0.19450023,0.21617421,0.08939858,0.12482689,0.11116255,0.21590478,0.11181913,0.09445457,0.10072642,0.15285372,0.04554834,0.08228911,0.11260333,0.02911059
1048,0.32881239,0.02274459,-0.01573994,0.24322674,-0.07772493,0.00254153,0.25888351,0.45330715,0.14390459,0.19848829,0.0944526,0.11747562,0.14796275,0.07022514,0.13044706,0.17722777,0.07094274,0.13281579,0.22135917,0.22635431,0.13231511,0.15004737,0.1279138,0.23533782,0.14378501,0.11545773,0.1374209,0.180367,0.09086338,0.10511172,0.13367536,0.06054466
1049,0.39753907,0.01654436,-0.00750533,0.2762611,-0.0911523,-0.00201403,0.30478714,0.51121675,0.14452743,0.20796246,0.08666843,0.11530433,0.14515895,0.06256068,0.13021299,0.1880488,0.06178799,0.12822942,0.24175022,0.26738876,0.13981964,0.1554306,0.1306209,0.26222922,0.14056895,0.10924268,0.12893587,0.18065876,0.07656772,0.09747884,0.12878097,0.04753195
1050,0.27925666,0.02503388,0.00317044,0.26446358,-0.08547055,-0.00068543,0.28541415,0.46704444,0.1359467,0.19341491,0.07887994,0.11853191,0.15033105,0.06664451,0.13319869,0.18669629,0.06949287,0.12574635,0.23020815,0.25638227,0.13028679,0.14584026,0.13300746,0.24844855,0.1281077,0.10934424,0.11781186,0.16667634,0.06535142,0.09637668,0.1269774,0.04795845
1051,0.38588827,0.01239678,-0.03462162,0.30019082,-0.09420087,0.00946108,0.32152108,0.46436578,0.18457686,0.2454002,0.12889251,0.15433436,0.1899351,0.10119248,0.16991047,0.2242797,0.10356436,0.17337056,0.27764904,0.28884407,0.16583186,0.19207577,0.16585246,0.29106169,0.18130141,0.1500555,0.17335262,0.22514896,0.12026381,0.13884137,0.16750007,0.08771735
1052,0.38577024,0.00200693,-0.01727921,0.27791731,-0.08716168,0.00524365,0.27145194,0.48374674,0.16683864,0.22785848,0.10326497,0.13389113,0.16729675,0.07679644,0.14586172,0.20493706,0.0744433,0.14985859,0.25660919,0.27647198,0.15167386,0.17449157,0.14608837,0.27027867,0.15942529,0.12414926,0.14982763,0.20200575,0.09355499,0.11326824,0.14468685,0.06295631
1053,0.43216342,0.02325648,-0.01416803,0.2691873,-0.08995459,0.0034758,0.27970498,0.45489658,0.15610529,0.21435377,0.09744255,0.13352378,0.16827389,0.08224083,0.14544117,0.1960284,0.08260695,0.14776503,0.24652329,0.25565001,0.13299328,0.16466397,0.14488157,0.26262005,0.15361452,0.13201386,0.14518761,0.19658437,0.09057465,0.12180151,0.15118045,0.0719155
1054,0.40614504,0.02478106,0.01118833,0.30031127,-0.09381806,0.00090932,0.30281436,0.50039588,0.1900667,0.24950754,0.13098538,0.1583236,0.19948605,0.10199215,0.17722782,0.23240411,0.1104813,0.17636619,0.29077495,0.30582379,0.16786446,0.2015573,0.1731606,0.308292,0.18168818,0.1488094,0.17070681,0.2218628,0.11883552,0.1418063,0.17718232,0.08990737
1055,0.56856329,0.003231,-0.02782128,0.30607153,-0.09761045,0.00833079,0.30631132,0.48514146,0.16446378,0.22467035,0.09746139,0.13257558,0.16550944,0.07920316,0.14730017,0.20580223,0.07579525,0.14832441,0.26789893,0.29103305,0.16624474,0.17247848,0.14536773,0.28385268,0.15278854,0.12168323,0.14435466,0.19488873,0.08410332,0.11028449,0.1397791,0.06251589
1056,0.31326388,0.0089174,-0.00618746,0.27197842,-0.08526876,0.0031019,0.30288496,0.46091378,0.1723306,0.2334095,0.11593233,0.1426795,0.17709736,0.08560179,0.15981891,0.21309675,0.0910666,0.16211234,0.25812843,0.26809062,0.1553291,0.18379652,0.15814305,0.27738722,0.17137134,0.13862226,0.16102948,0.21279033,0.11110444,0.12647529,0.15839317,0.0730988
1057,0.59119943,0.00653181,-0.01595069,0.29678905,-0.09263702,0.00345374,0.29452799,0.50335148,0.17489514,0.23296043,0.11886572,0.14378046,0.17699579,0.09014754,0.15856906,0.21491559,0.09549863,0.16034667,0.27702713,0.29155924,0.16740405,0.18421954,0.15883825,0.29327513,0.16366466,0.13091361,0.15521773,0.20125187,0.10724089,0.11894433,0.15315081,0.07430612
1058,0.61173401,-0.00137353,-0.01838139,0.29106778,-0.10124798,0.00356218,0.30700829,0.49947457,0.1651595,0.22114805,0.10809756,0.12481925,0.15661732,0.07979736,0.14114298,0.19571419,0.07641064,0.14526849,0.26620995,0.27785088,0.15339589,0.1717483,0.13445893,0.27712124,0.15848182,0.11404881,0.15100755,0.20052209,0.10057004,0.10789709,0.13694131,0.06628852
1059,0.42242165,0.02297418,-0.01838038,0.29282135,-0.09499665,0.0057202,0.32239943,0.48680876,0.16937404,0.232162,0.10176534,0.14117341,0.17921409,0.08400927,0.15796184,0.21693177,0.08095036,0.15726585,0.26089535,0.27983232,0.15743285,0.18006389,0.15705426,0.28101172,0.15914847,0.13135025,0.14925336,0.20199263,0.08866928,0.11865443,0.15208299,0.06645861
1060,0.33218181,0.00980852,-0.00035333,0.23224989,-0.07735424,-9.16e-05,0.25106149,0.47642955,0.11798111,0.18044073,0.06428812,0.10025654,0.13095036,0.04289577,0.11545407,0.1719978,0.04693395,0.10890558,0.20617768,0.22821212,0.10723213,0.1310035,0.11817137,0.2295551,0.11548577,0.09778284,0.10417847,0.15479722,0.05691353,0.08346137,0.11435651,0.02987288
1061,0.24680125,0.02341476,-0.04385029,0.27815627,-0.09360258,0.00976569,0.30782627,0.43782171,0.1720356,0.23101591,0.11517467,0.14283009,0.17140182,0.09391889,0.15632548,0.20775339,0.08895277,0.16060363,0.27804442,0.26629963,0.16578601,0.1774922,0.15122735,0.28880271,0.16448749,0.13575046,0.15972094,0.21212899,0.10520517,0.12574273,0.14923204,0.07637946
1062,0.46582819,0.03345388,0.01350384,0.30064345,-0.09520071,-0.00010142,0.30447063,0.48965077,0.15691651,0.21859654,0.09021233,0.13842222,0.18011667,0.07990512,0.15515362,0.21299165,0.08466583,0.14852727,0.25781588,0.28620664,0.14062856,0.16973569,0.15521929,0.27882584,0.14768728,0.13083853,0.13718713,0.18903429,0.07879357,0.11850228,0.15325143,0.06675145
1063,0.44269763,0.01576633,-0.01831943,0.29066476,-0.09234894,0.00655104,0.28914577,0.48050969,0.17193985,0.23309053,0.11035311,0.15107491,0.18612065,0.09670657,0.15814556,0.21551131,0.09131629,0.16331774,0.26768505,0.27626141,0.16538116,0.18163471,0.16279906,0.28111954,0.1690914,0.14451716,0.16291307,0.21718972,0.10671914,0.13303975,0.16599981,0.08266132
1064,0.29766013,0.01828978,0.0085146,0.25645051,-0.08219235,8.037e-05,0.27351763,0.4969578,0.15888521,0.21456381,0.10871997,0.12380242,0.15010268,0.0716735,0.13994454,0.19171371,0.07871967,0.14357184,0.2489648,0.25739533,0.1400403,0.17051366,0.13967927,0.26950618,0.15216681,0.11868678,0.14273009,0.18752085,0.09934991,0.10622901,0.13678036,0.05814266
1065,0.43470611,0.00902929,-0.02123283,0.2039418,-0.07389822,0.00791476,0.20138071,0.43942101,0.09661108,0.15312613,0.04208482,0.08522721,0.1169215,0.03568551,0.09303954,0.14196653,0.03073533,0.09130673,0.17529843,0.18873286,0.08010296,0.10475004,0.09605683,0.19062838,0.10036565,0.08882994,0.09311654,0.14057629,0.04260602,0.07883393,0.10341803,0.02934359
1066,0.41275373,0.02045156,-0.00567521,0.26018391,-0.08349008,0.00358522,0.27753209,0.46206033,0.15255445,0.21168393,0.1015622,0.12732634,0.15763408,0.07425897,0.14331247,0.19572939,0.08029546,0.14178304,0.24340426,0.25485625,0.13898183,0.162822,0.14177663,0.26221193,0.14925644,0.12407076,0.14063526,0.18913797,0.09418654,0.11223704,0.14273843,0.06196952
1067,0.42487158,0.05406756,0.00942939,0.32361545,-0.11002826,0.00409916,0.34194764,0.4991653,0.17356984,0.23526594,0.10288073,0.1465432,0.18268751,0.09502692,0.16423185,0.22042194,0.08937899,0.15916443,0.28114956,0.30435288,0.17982917,0.18135234,0.15825336,0.29749905,0.16315935,0.13581103,0.15437218,0.21027222,0.09070461,0.12413993,0.15751738,0.07588283
1068,0.47498145,0.02184834,-0.01549751,0.29572653,-0.09517085,0.00477075,0.28674839,0.48012534,0.16947195,0.22628524,0.10971437,0.14312099,0.17839563,0.09101849,0.15435254,0.20677065,0.09150971,0.15678486,0.26335018,0.27496445,0.1557685,0.17581041,0.15448258,0.27640521,0.16636004,0.14055166,0.15874909,0.20553309,0.10603101,0.12803807,0.15550838,0.08028098
1069,0.35547212,0.00689391,-0.01350948,0.26014478,-0.08826192,0.00539639,0.27162707,0.45775611,0.1441376,0.20608294,0.08389359,0.12087833,0.15599719,0.06347149,0.1357888,0.19218354,0.06482273,0.1334083,0.23981214,0.25102604,0.12626187,0.15431107,0.13518441,0.25829046,0.14445511,0.11966596,0.13329381,0.18571302,0.07962048,0.10733115,0.13792273,0.05444541
1070,0.40324189,0.00958518,-0.01024979,0.30008042,-0.09603834,0.00202315,0.32818562,0.49913729,0.18239218,0.24306237,0.11884236,0.1510939,0.19187493,0.09639464,0.17028311,0.22739443,0.09922841,0.16871577,0.26845137,0.29108061,0.16533084,0.19387213,0.16659272,0.28818408,0.17560839,0.14141113,0.16336967,0.21669825,0.10944486,0.1318246,0.16590241,0.08093684
1071,0.37158493,0.01782245,-0.03998197,0.28806105,-0.10255692,0.00425925,0.33651803,0.46621383,0.1689204,0.23221193,0.11019506,0.13424319,0.16685311,0.08104981,0.15385507,0.2084138,0.08224298,0.15389105,0.27787002,0.28234197,0.16498131,0.17558621,0.14421977,0.29085664,0.16043647,0.12605608,0.15299915,0.20771482,0.09805759,0.11475903,0.14747909,0.06338051
1072,0.4247915,0.00970173,-0.02657593,0.26635939,-0.08625757,0.0039965,0.28869968,0.43158727,0.14129513,0.2031343,0.08446888,0.11399989,0.14197761,0.06385725,0.12883028,0.1805463,0.06127937,0.12881173,0.2434415,0.2514749,0.13997755,0.14818839,0.12360455,0.25721691,0.13588926,0.10730377,0.12910863,0.18135953,0.07452492,0.09736197,0.12583955,0.04805606
1073,0.32004389,-3.662e-05,-0.00296232,0.22534948,-0.07229874,-0.0004479,0.22562087,0.4533968,0.1310581,0.18835097,0.08037429,0.10575383,0.13248992,0.05444969,0.11765469,0.16927046,0.05668364,0.11838432,0.21104862,0.21981395,0.11953392,0.1414003,0.11962367,0.22845423,0.13241234,0.10503535,0.12357518,0.17159323,0.07674268,0.09317339,0.12266789,0.04417909
1074,0.66261669,0.01807094,-0.00960193,0.29188523,-0.09468742,0.00208276,0.29666087,0.47939602,0.14369223,0.20993086,0.07328301,0.12016566,0.15745548,0.06132204,0.13523468,0.19707559,0.05827229,0.13018269,0.24035747,0.27570712,0.14840885,0.15464455,0.13457654,0.25932843,0.13708474,0.11213724,0.12707122,0.17978275,0.06386443,0.09999963,0.13454719,0.04879188
1075,0.30520219,0.0223242,-0.00227971,0.26257493,-0.09073711,0.00149249,0.31179924,0.44228122,0.16367364,0.22504656,0.10824283,0.13228881,0.1635845,0.07468264,0.14963018,0.20165782,0.08193607,0.15092737,0.25695458,0.26105715,0.13937433,0.17524179,0.14743571,0.27685199,0.16202696,0.13017065,0.15057348,0.20198383,0.10289663,0.11665192,0.14712799,0.06245744
1076,0.3969159,0.01243353,-0.01703777,0.27212971,-0.08898888,0.00679227,0.29400335,0.47885709,0.17318451,0.23002253,0.11207012,0.14146332,0.17314983,0.0943499,0.15365404,0.20389405,0.08950011,0.15938738,0.25393166,0.26290843,0.14940095,0.18074638,0.15221313,0.26949245,0.16665902,0.13891082,0.16016686,0.20803784,0.10436532,0.12926943,0.15533521,0.07976405
1077,0.40647245,0.01246351,-0.00772226,0.27274417,-0.08478304,0.00288566,0.28964867,0.43789499,0.16786533,0.23113186,0.11124665,0.13825677,0.17497756,0.07851442,0.1544451,0.21042751,0.08468137,0.15738086,0.2593344,0.26577901,0.14867802,0.18049055,0.15482936,0.27818694,0.15950087,0.12900302,0.14970859,0.20350818,0.09870037,0.11642595,0.15074382,0.06371992
1078,0.39515242,0.00828111,-0.01414472,0.279619,-0.09474396,0.00127858,0.29545664,0.47975358,0.14646344,0.21140451,0.07990138,0.11891687,0.15306854,0.06243828,0.13347695,0.19207298,0.05974454,0.13219911,0.24444454,0.27040874,0.13797641,0.15614871,0.13328826,0.26424754,0.13281329,0.10544083,0.12092689,0.17568771,0.06317985,0.09295217,0.12750901,0.04058907
1079,0.43191697,0.03191136,-0.00145263,0.28204875,-0.09324642,0.00907737,0.29415305,0.48073414,0.16274753,0.21652279,0.10483713,0.13514359,0.16808087,0.08878157,0.15033686,0.20041947,0.08815791,0.15004125,0.26025606,0.27555801,0.14928385,0.17033884,0.14462563,0.27336361,0.16251208,0.13426951,0.15599597,0.20149282,0.10298696,0.12665191,0.15392147,0.08108456
1080,0.15768401,0.02598179,-0.00088466,0.24436609,-0.08023392,0.00179621,0.27450286,0.44488714,0.14221833,0.20092413,0.09113362,0.1149934,0.14226157,0.06291999,0.13163433,0.18103205,0.06688469,0.13233298,0.23173851,0.23886567,0.12887077,0.15425814,0.1301528,0.25306666,0.1450232,0.11261814,0.13340146,0.18254361,0.08503975,0.10120637,0.12967232,0.05055376
1081,0.5211203,0.0040061,-0.01691,0.2825836,-0.09196647,0.00380916,0.30475929,0.50608651,0.16038625,0.21863932,0.10272079,0.13344165,0.16395523,0.08308101,0.14575048,0.202325,0.0811059,0.14545008,0.25471822,0.27924883,0.15170217,0.16931881,0.14732365,0.27176281,0.15227472,0.12463494,0.14176162,0.19059621,0.08838254,0.11417769,0.1448159,0.06577566
1082,0.41357177,0.02272327,-0.01043387,0.28670659,-0.10040035,0.00656807,0.30247566,0.49624718,0.16512389,0.2249947,0.10270689,0.13346175,0.16559602,0.08425832,0.15010675,0.2029451,0.08288098,0.15099524,0.26454847,0.28201886,0.15792936,0.17088152,0.14236889,0.27706912,0.16271589,0.13044408,0.15510561,0.20498985,0.10040451,0.1205282,0.14909055,0.07049974
1083,0.21585407,0.014173,-0.03322715,0.2483442,-0.08147685,0.00546148,0.28276516,0.43874651,0.14068093,0.19989181,0.08338127,0.11316181,0.14839843,0.06421584,0.12786088,0.18028306,0.0635956,0.12882414,0.23338328,0.23893098,0.13687414,0.1452514,0.11920371,0.24264361,0.13140072,0.10611585,0.12617233,0.17949361,0.06920932,0.10003283,0.13231856,0.05144824
1084,0.34268971,0.01917266,-0.04258049,0.25980394,-0.08390736,0.00183503,0.28546977,0.45283907,0.16136312,0.22401531,0.10224067,0.12764177,0.16369575,0.07492601,0.1407894,0.19687425,0.07262007,0.14729266,0.23961448,0.24311741,0.14091946,0.1682378,0.13869227,0.25479014,0.15875986,0.12325631,0.14930439,0.20259878,0.09259557,0.11191546,0.14666792,0.05961056
1085,0.25388587,0.03285656,-0.02287505,0.29703175,-0.1001559,0.00697716,0.29766687,0.50653138,0.16427854,0.22796151,0.09721513,0.14113785,0.17672759,0.08813134,0.15310422,0.21048631,0.08216568,0.15193385,0.26422276,0.28492503,0.16116758,0.17197401,0.1518591,0.27784971,0.15951053,0.13378906,0.15127601,0.20885012,0.09034614,0.12385674,0.15745907,0.07237789
1086,0.46966889,0.0028248,-0.02839013,0.29723103,-0.09888406,0.00595872,0.31267083,0.46163637,0.17422057,0.24005106,0.10017008,0.14047133,0.18037287,0.07877371,0.15546785,0.22003617,0.07334907,0.16184287,0.26983611,0.28721835,0.17084625,0.18415437,0.15191205,0.28239389,0.17282929,0.13300489,0.16477615,0.22441344,0.09651223,0.1218174,0.15632342,0.06681439
1087,0.38800492,0.01684853,-0.00348905,0.29306769,-0.0913441,0.00143302,0.29197947,0.49647355,0.18559798,0.24703627,0.12055853,0.14933808,0.18437726,0.09084666,0.16726911,0.22450595,0.09750337,0.17183085,0.28323783,0.29544892,0.16390157,0.19743027,0.16410803,0.30039593,0.1745801,0.13833833,0.16468364,0.2193418,0.10755915,0.12836332,0.16341526,0.07380434
1088,0.36916392,0.02988585,-0.00459897,0.32473628,-0.10179519,0.00418909,0.33927921,0.49786708,0.20052498,0.26076558,0.13635396,0.16338826,0.20252143,0.10725334,0.18107868,0.2401131,0.10943417,0.1838154,0.29696515,0.31181125,0.18438611,0.20819587,0.17606916,0.31154132,0.19328967,0.15423105,0.18171332,0.23697271,0.12420797,0.14288695,0.17903244,0.09155268
1089,0.33813838,0.01347319,-0.03906549,0.22517482,-0.07977386,0.0105875,0.22883342,0.4491146,0.12486639,0.18103472,0.0692621,0.10355274,0.13491771,0.05449981,0.11292446,0.161944,0.04836536,0.11670725,0.20673831,0.2175989,0.10415084,0.13360485,0.11403854,0.22209994,0.12332134,0.0996453,0.11578833,0.16420637,0.06202854,0.09062905,0.11765616,0.04104689
1090,0.37976221,0.01653148,-0.04711935,0.2779477,-0.0907534,0.00318697,0.32493239,0.50413662,0.18224753,0.24575627,0.12029786,0.148015,0.18242496,0.09602771,0.16034612,0.21680842,0.08950724,0.16712526,0.26468647,0.27320918,0.16387809,0.19186144,0.16084592,0.28185219,0.1769716,0.13982069,0.16553617,0.22132103,0.1065479,0.12978958,0.16397839,0.0769605
1091,0.36000425,0.02313461,-0.0153428,0.26975881,-0.09581969,0.00931265,0.29589165,0.49109601,0.14552892,0.20304294,0.08627067,0.12255094,0.15013983,0.07322839,0.13640424,0.18937945,0.07081865,0.13460377,0.25117152,0.2633547,0.14522307,0.15416969,0.13290741,0.26675633,0.14092771,0.11984297,0.13546668,0.18335723,0.08074654,0.10982172,0.13537161,0.06053262
1092,0.32015236,0.03256843,0.01292276,0.31749078,-0.10126423,0.00114987,0.33447331,0.50308371,0.19755995,0.26107501,0.13135672,0.15629444,0.19398842,0.09700695,0.17641011,0.23688506,0.10211112,0.18213501,0.29264789,0.31347993,0.17394354,0.20753625,0.17013357,0.31056506,0.19042135,0.14791968,0.17945852,0.23500174,0.11949087,0.13764449,0.17328678,0.08104491
1093,0.28674258,0.02528729,-0.00149319,0.23711806,-0.07759198,0.00190262,0.2482708,0.45726653,0.12536156,0.18569273,0.07225716,0.10083897,0.13384981,0.04532081,0.11458312,0.16795295,0.04879209,0.1147109,0.20686338,0.2264386,0.10029044,0.13735474,0.11665715,0.22839082,0.12557224,0.10120555,0.11441871,0.16416681,0.06613104,0.0894534,0.11958758,0.03591787
1094,0.45717769,0.02359412,-0.0139976,0.2723821,-0.08932035,0.00414655,0.27784398,0.44215986,0.14272645,0.20097237,0.08314777,0.11945343,0.15101571,0.06940748,0.13102957,0.18361053,0.06509352,0.13312313,0.23153444,0.24781963,0.13842915,0.14973948,0.13004534,0.24524632,0.14525318,0.11972534,0.13723582,0.18746037,0.08025431,0.10656332,0.13511292,0.05844868
1095,0.47155742,0.02727703,-0.00524182,0.28111996,-0.09220043,0.00479017,0.29309507,0.49108164,0.15790468,0.2210149,0.09559772,0.1287225,0.16610292,0.07191702,0.14349888,0.20155334,0.07342156,0.14718882,0.24502314,0.26777612,0.12976582,0.16910231,0.14360875,0.26523317,0.15595788,0.12710209,0.14455261,0.19722961,0.08720582,0.11632016,0.14920683,0.06101924
1096,0.61249393,0.03400078,-0.01676612,0.29233194,-0.10461797,0.00737678,0.30332187,0.51840465,0.13059211,0.19089593,0.06862831,0.11222379,0.1389272,0.06396211,0.12380413,0.17835088,0.05500624,0.11714723,0.25194283,0.27894124,0.15721906,0.13763045,0.12252265,0.26621449,0.12653648,0.10468103,0.11921866,0.16741533,0.06248058,0.09241134,0.12035925,0.04949064
1097,0.36048016,0.01816852,-0.00567672,0.27800801,-0.0896188,0.00066478,0.30436293,0.48703011,0.14756871,0.21175752,0.0912274,0.120326,0.1469003,0.06699321,0.13456139,0.1904662,0.06499321,0.13439402,0.2486768,0.26610245,0.14899889,0.15805095,0.13367475,0.26645055,0.14141263,0.11214813,0.13244565,0.18496684,0.0818124,0.09851752,0.13009089,0.04838899
1098,0.32146725,0.0133445,-0.02678251,0.29224345,-0.09952622,0.00908558,0.33263215,0.47021772,0.18068363,0.23844303,0.12273989,0.14749894,0.18129128,0.09879425,0.16425447,0.21759386,0.10093861,0.16609666,0.28051151,0.28742909,0.16678304,0.1872381,0.156429,0.29240697,0.17526286,0.14186624,0.16810692,0.21686449,0.11379046,0.13351934,0.16054837,0.08305051
1099,0.28300075,0.0140271,-0.0243576,0.26519092,-0.08407714,0.00129962,0.26927908,0.47490256,0.1566729,0.21268826,0.10620984,0.12380692,0.15480761,0.07328945,0.14018938,0.18941759,0.07921661,0.14120203,0.24157682,0.25027778,0.13032509,0.16615135,0.13713282,0.25909123,0.14641291,0.11507862,0.13950764,0.1859041,0.09163732,0.10387384,0.13604759,0.05639702
1100,0.41522807,0.01668687,-0.00553445,0.29599303,-0.09323422,-0.00011056,0.3220608,0.47598275,0.19761529,0.25566483,0.14096817,0.15060097,0.18654798,0.09660388,0.17112104,0.22415786,0.10468598,0.18168436,0.28717347,0.29046584,0.16745882,0.20706965,0.16541229,0.30507428,0.19382941,0.14346932,0.18331376,0.23048204,0.13349106,0.13278922,0.1646408,0.0828242
1101,0.42363807,0.00107623,-0.0058353,0.2474605,-0.09084667,0.00167302,0.27251169,0.52351508,0.12782245,0.18514132,0.07314036,0.09917252,0.12332763,0.04895109,0.1093354,0.16368406,0.04567028,0.11129655,0.22204564,0.24407672,0.11574235,0.13840147,0.11303425,0.23963841,0.12268017,0.09064471,0.11093822,0.16022978,0.06422902,0.07970208,0.11150679,0.03140885
1102,0.25097402,0.0122312,-0.01795462,0.28647787,-0.09469194,0.0027656,0.30938821,0.49779497,0.1768599,0.23792749,0.11373209,0.13394251,0.16909935,0.07884348,0.15266904,0.21043455,0.07938544,0.1578769,0.26610302,0.28269783,0.15337522,0.18718427,0.1488772,0.2865416,0.16762469,0.12394216,0.15491708,0.20666049,0.10013354,0.1149758,0.14843811,0.06315802
1103,0.20376689,0.02106648,-0.01668393,0.2474229,-0.08372444,0.00172725,0.28670942,0.47668192,0.14072421,0.20053899,0.08831052,0.11463247,0.14294092,0.06336277,0.12943715,0.17914938,0.06326186,0.12891346,0.23297261,0.24289986,0.12590677,0.15068665,0.12790902,0.25108393,0.13945743,0.11280151,0.12894221,0.1780696,0.08037123,0.10094653,0.12986996,0.05087356
1104,0.28006143,0.02705022,-0.0317342,0.2730187,-0.08842568,0.00649723,0.28935419,0.49839339,0.15990642,0.22026479,0.09710189,0.13534525,0.16961512,0.08501534,0.14695867,0.20065469,0.07769594,0.14739244,0.25421456,0.26629054,0.15524607,0.16333334,0.14179516,0.26179648,0.15296433,0.12816767,0.14574555,0.19751732,0.0873759,0.12050625,0.15013883,0.07003003
1105,0.50764452,0.01865401,-0.04564349,0.28459108,-0.0965128,0.00339865,0.29676338,0.4923342,0.1529958,0.21522639,0.09148537,0.12272073,0.15581591,0.07166711,0.13469092,0.1899433,0.06604745,0.13722448,0.24714492,0.27005683,0.15121586,0.15831269,0.13166388,0.2600401,0.14629237,0.11287581,0.13662562,0.18800834,0.07823381,0.10282854,0.13543381,0.0536278
1106,0.53423105,0.00328545,-0.04749701,0.27246748,-0.09937556,0.00607233,0.28952469,0.47492711,0.138958,0.19687631,0.08484635,0.10867121,0.13347637,0.06218051,0.12240168,0.1731689,0.05419051,0.12137555,0.242047,0.2537695,0.14402221,0.14351464,0.11623562,0.25304865,0.13008213,0.10005918,0.12539062,0.17166928,0.07498943,0.09004822,0.11534345,0.04702093
1107,0.36015325,0.01980908,-0.0139606,0.30314973,-0.10054121,0.0031067,0.33632269,0.49396394,0.18625415,0.24992256,0.12389073,0.1450631,0.18023507,0.08905847,0.16378949,0.22111535,0.09280011,0.16739638,0.28808226,0.30007523,0.16421774,0.19540835,0.15819646,0.30456943,0.17802204,0.13473846,0.16654837,0.22051866,0.11056491,0.12442843,0.15813647,0.07205021
1108,0.38799825,0.0141465,0.00017275,0.2469114,-0.08296279,0.0007207,0.25831958,0.49172204,0.13068835,0.19518197,0.07292552,0.10771818,0.13665792,0.05141693,0.12154611,0.17771904,0.05128102,0.12064397,0.21560572,0.24135059,0.11767678,0.14328837,0.12436335,0.23791947,0.12882911,0.10337351,0.11702012,0.16988828,0.0663649,0.09025369,0.12201209,0.03609412
1109,0.53859627,0.01458345,0.00018853,0.3041731,-0.09582654,0.00109272,0.32570582,0.48777026,0.17596657,0.24117829,0.11016317,0.14387805,0.18407541,0.08360022,0.16144708,0.2241883,0.08512552,0.16407388,0.27175401,0.29839143,0.16897011,0.18711351,0.16078646,0.29099967,0.16650345,0.13316512,0.15431309,0.21076899,0.09685366,0.12068381,0.15727699,0.06742058
1110,0.61785955,0.00664794,-0.024805,0.30731496,-0.0992124,0.00676616,0.29769344,0.48570091,0.18445306,0.24617252,0.12148801,0.15519523,0.19074621,0.10226231,0.16762992,0.2254389,0.10083,0.17018304,0.27966288,0.29750517,0.18698807,0.19130068,0.16512096,0.29109563,0.17039462,0.140631,0.16461959,0.21652839,0.10731064,0.13020849,0.16266073,0.08264382
1111,0.39355975,0.01127149,-0.00147201,0.30702883,-0.1011227,0.00407866,0.35457645,0.47907912,0.19194467,0.25192028,0.13568702,0.15420333,0.18004436,0.10282718,0.17198413,0.22635334,0.10603948,0.17547095,0.29587516,0.31159217,0.18676478,0.20453283,0.17013728,0.31715378,0.1809355,0.14197828,0.16846516,0.21727176,0.1203902,0.1299759,0.16064983,0.08158414
1112,0.16714626,0.02231612,-0.0068417,0.26853739,-0.08521928,0.00415568,0.28158889,0.46249782,0.17112933,0.22844195,0.1126683,0.15030293,0.18717871,0.09789539,0.16112118,0.21512721,0.09493763,0.1633646,0.26491959,0.27143728,0.16486449,0.18060833,0.16266967,0.2769839,0.16688565,0.14375622,0.15972459,0.21023856,0.10738791,0.13415621,0.16463417,0.08448318
1113,0.46695427,0.02604508,-0.01548716,0.28001323,-0.09445018,0.00593049,0.28041862,0.49714554,0.16062273,0.21470846,0.1051939,0.13087168,0.16787808,0.08174356,0.14869701,0.19770989,0.0879887,0.14677525,0.24682541,0.26562845,0.13191649,0.16778447,0.14157381,0.26211007,0.15765028,0.12959669,0.14850915,0.19297373,0.09915433,0.12176069,0.14972596,0.07395112
1114,0.24907413,0.01872095,-0.01174516,0.26719097,-0.08607567,-0.00096232,0.27889338,0.47334961,0.15035479,0.2086592,0.09226981,0.12040101,0.15246458,0.06907146,0.1372189,0.1884931,0.07080464,0.13628941,0.24103829,0.2501056,0.13786087,0.15976139,0.13412405,0.25898461,0.14645196,0.11564707,0.1383254,0.18553147,0.08497543,0.10402438,0.13497479,0.05699365
1115,0.32588014,0.02301033,-0.026914,0.29113571,-0.09857917,0.0059225,0.33514502,0.45590021,0.18029984,0.23809876,0.11996318,0.148674,0.18444585,0.09871552,0.16396995,0.21532006,0.09944401,0.16778954,0.28318175,0.27576469,0.16837015,0.18608805,0.15778899,0.29534743,0.17300685,0.14259747,0.16647087,0.21766678,0.110718,0.13176232,0.16226402,0.08309107
1116,0.33243113,0.00484735,-0.01261337,0.22758264,-0.07462969,0.00360673,0.24067028,0.4322924,0.13195594,0.18875138,0.07967814,0.10738051,0.13766921,0.05586997,0.11886453,0.16899677,0.05585763,0.12148018,0.20315828,0.21489099,0.10869468,0.14096465,0.12178836,0.22053277,0.13302585,0.10788108,0.12222694,0.16907673,0.07556979,0.09499629,0.12151406,0.04676105
1117,0.36891551,0.01200111,-0.01100291,0.27184618,-0.08925255,-8.41e-06,0.29123134,0.45218081,0.16278427,0.2238309,0.09789999,0.14111728,0.17583675,0.08726259,0.15372247,0.20867885,0.08478569,0.15484819,0.2560233,0.26846847,0.16061144,0.17372443,0.15325884,0.27174794,0.15291437,0.13221856,0.14816949,0.20182683,0.09165671,0.12109471,0.15257138,0.06997777
1118,0.49560013,0.02758399,-0.00103081,0.28449155,-0.09587273,-0.00043192,0.30908782,0.49454985,0.17862204,0.23972009,0.11870741,0.1424807,0.18328419,0.08536141,0.16216009,0.21759045,0.09522659,0.16459412,0.27132205,0.2839529,0.14162145,0.19084811,0.15830636,0.29152841,0.17282266,0.13757757,0.16027541,0.21285379,0.10949526,0.12807233,0.16426375,0.07338729
1119,0.19633179,0.01607914,0.0020411,0.24119991,-0.08243605,0.00051429,0.27292756,0.43551101,0.13705486,0.1975866,0.08444231,0.10820413,0.13987328,0.05501207,0.12764012,0.17873331,0.06010803,0.12632107,0.23044165,0.24009052,0.12158536,0.14728014,0.12223593,0.2482613,0.13233531,0.10288939,0.12338434,0.17510793,0.07544538,0.09202664,0.12347474,0.04091803
1120,0.15423071,0.01483966,-0.00490712,0.21429101,-0.07017868,9.4e-05,0.23190865,0.44247091,0.11515767,0.17147171,0.0669369,0.08949548,0.12223679,0.03683573,0.10780037,0.15707193,0.0453484,0.10492068,0.19660306,0.20561054,0.08773908,0.12545842,0.10412235,0.21633003,0.10913252,0.08347488,0.09931412,0.14571697,0.05517998,0.07352632,0.10478246,0.023215
1121,0.37276681,0.01819441,-0.00720978,0.27156631,-0.08263512,0.0034924,0.27160028,0.47001933,0.16825271,0.22678874,0.11145815,0.13612405,0.1757188,0.07982733,0.1524496,0.20710115,0.08365557,0.15752935,0.24975993,0.26532619,0.13899065,0.17813747,0.15090064,0.26782394,0.16012773,0.1268874,0.14947502,0.19963978,0.09925606,0.11811812,0.15121204,0.06652777
1122,0.18038515,0.01274248,-0.00724115,0.25176756,-0.08222465,0.00125403,0.29355258,0.4690542,0.14836248,0.21173162,0.09309343,0.11859507,0.14901527,0.0640768,0.13299897,0.18951559,0.06312844,0.13706157,0.25031925,0.2558839,0.1443179,0.15678563,0.12878581,0.26465922,0.13858641,0.10606878,0.13348702,0.18675157,0.07881339,0.09658724,0.13073201,0.04362352
1123,0.22841299,0.01604909,-0.0116088,0.27206101,-0.08646377,-0.00162336,0.30051033,0.45568898,0.16106989,0.22362071,0.10847444,0.1293555,0.15951238,0.07257676,0.14884027,0.20301492,0.0821832,0.14832332,0.2589128,0.26744454,0.14475833,0.17145038,0.14483398,0.27916284,0.15465422,0.11995121,0.14284553,0.19451522,0.09492778,0.10558426,0.13934761,0.05265469
1124,0.17483304,0.01530943,-6.705e-05,0.25867391,-0.08311313,0.00111877,0.29496265,0.46105409,0.15921841,0.22183956,0.10641459,0.12836711,0.15986891,0.07256984,0.14688068,0.2022166,0.07910825,0.14704684,0.25986113,0.2631781,0.14582611,0.16979223,0.14253646,0.27757775,0.15337891,0.12024762,0.14330978,0.19801654,0.09364218,0.1096973,0.14639019,0.05657264
1125,0.32867463,0.01989277,-0.03085992,0.30942107,-0.0989003,0.00152734,0.34305047,0.47432712,0.20356002,0.26834662,0.13721096,0.16543391,0.20428949,0.10828141,0.18144403,0.23979106,0.10939548,0.1875977,0.29999453,0.30624176,0.19649918,0.21123677,0.1754468,0.31135187,0.20036052,0.15607324,0.19155537,0.24783336,0.13065143,0.14653841,0.18090798,0.09377779
1126,0.34396453,0.01064513,-0.01706398,0.22300941,-0.07688284,0.00193864,0.24247583,0.44277636,0.11586193,0.17548708,0.05780983,0.0950501,0.12633232,0.04183648,0.10435913,0.15602817,0.03535021,0.1080447,0.19387923,0.21040812,0.09995157,0.1262927,0.10809646,0.21199349,0.11531792,0.09297605,0.10531342,0.15455245,0.05283971,0.08294207,0.10948805,0.03256026
1127,0.47112806,0.01195256,-0.0140398,0.28465935,-0.09556025,0.00292872,0.28491765,0.4984581,0.14736219,0.20688746,0.08352962,0.11480036,0.14681127,0.06245288,0.12806494,0.184891,0.05810996,0.12820297,0.23930192,0.26620131,0.14044833,0.1549969,0.1273818,0.25543686,0.14459041,0.10873115,0.13279089,0.18123584,0.07842972,0.09759235,0.12710492,0.05105595
1128,0.28403316,0.01770703,-0.00090713,0.2715189,-0.08659081,0.00058204,0.28377011,0.48087273,0.15550272,0.21852522,0.09261771,0.13193088,0.17005281,0.07358505,0.1477659,0.2049651,0.07625614,0.14565218,0.24243259,0.26400746,0.13777947,0.16731156,0.14705014,0.26235746,0.15313187,0.12800586,0.14177639,0.19512853,0.08706454,0.11759803,0.14909439,0.06258304
1129,0.34844432,0.01935609,-0.00888973,0.23765128,-0.07762774,0.00349283,0.26685611,0.42200121,0.13180021,0.18988711,0.07913505,0.11802926,0.14921512,0.06450064,0.12587196,0.17464419,0.05990911,0.12606585,0.21637016,0.22928338,0.12758858,0.14217414,0.13167469,0.23428339,0.13008664,0.1161967,0.11959388,0.16991868,0.07314076,0.1027403,0.13097444,0.05266868
1130,0.17132053,0.0123189,0.00173854,0.24937292,-0.0770828,-0.00158919,0.26294294,0.48825183,0.15334925,0.21038499,0.10477646,0.11718859,0.14569692,0.06587792,0.13518146,0.18588714,0.07406652,0.13834913,0.23810976,0.24782553,0.12721706,0.16356475,0.13128446,0.25704372,0.14839549,0.11072456,0.13942402,0.18500069,0.09630949,0.10110315,0.1323471,0.05088543
1131,0.32774663,0.03383659,-0.00028723,0.30288091,-0.0988547,0.00240185,0.324016,0.47959041,0.18834833,0.24907301,0.12716258,0.15888618,0.19724601,0.10318395,0.17500435,0.2280859,0.11130093,0.17679849,0.29377351,0.30169184,0.16434166,0.19670433,0.17014264,0.30925655,0.18108886,0.15287012,0.17083169,0.22289492,0.11721381,0.14407961,0.17824893,0.08790047
1132,0.37289837,0.01449781,-0.01534518,0.2337629,-0.07901696,0.00561825,0.2328863,0.44610315,0.13206839,0.18817338,0.07932432,0.10647263,0.14047284,0.0561311,0.11984536,0.16831709,0.05542238,0.12229439,0.21021279,0.21456445,0.11054692,0.13772366,0.11609821,0.22139569,0.13234057,0.10760356,0.12576513,0.17555108,0.07694416,0.09742234,0.1259839,0.04800685
1133,0.59244985,0.01016745,-0.00928856,0.31530029,-0.10816622,0.00614273,0.33237254,0.48288934,0.18789796,0.25169648,0.12125747,0.15982882,0.19705943,0.10218665,0.17204466,0.23341479,0.10175403,0.17504287,0.29887121,0.31474278,0.18341067,0.19746867,0.17306279,0.31449163,0.17661401,0.15015426,0.16748605,0.2226057,0.11060226,0.13807647,0.17324369,0.08529967
1134,0.50726723,0.02950104,-0.01947027,0.30301977,-0.09818054,0.00119962,0.31013447,0.50045583,0.18012902,0.24228266,0.12190198,0.14573902,0.18488138,0.09003854,0.1619807,0.21835848,0.09610397,0.16649665,0.27772254,0.28798781,0.16206929,0.18795194,0.1565262,0.29178803,0.1770579,0.13883324,0.16899714,0.21975182,0.11564765,0.12948416,0.16547514,0.07828679
1135,0.62598822,0.01194538,0.00457731,0.29284921,-0.0959089,0.00091502,0.28722637,0.51448557,0.15416237,0.21696856,0.09098723,0.13303543,0.16822133,0.07476251,0.14606177,0.20705424,0.07520764,0.14116166,0.25902342,0.29170235,0.15184223,0.16484034,0.14946528,0.27884853,0.14283797,0.12153783,0.13106105,0.18146602,0.07641506,0.10777046,0.14290355,0.05718444
1136,0.30516898,0.01828833,-0.01200188,0.26691915,-0.08373649,0.00089001,0.27273055,0.48798031,0.14817853,0.20640214,0.09407714,0.1207534,0.15375111,0.07350351,0.1387594,0.18894388,0.07452545,0.13646838,0.24191468,0.25702631,0.14376323,0.1557433,0.13094658,0.25586777,0.14151453,0.11113936,0.13466579,0.18283441,0.08390021,0.10479356,0.13655065,0.05964293
1137,0.33800262,0.01516381,-0.02443291,0.264755,-0.0899021,0.00382569,0.28238958,0.47028589,0.14217388,0.20496093,0.08250915,0.11622222,0.14774903,0.06117041,0.12735785,0.18514109,0.0575317,0.13050104,0.23183885,0.24219412,0.13092759,0.15105425,0.12920716,0.24886853,0.13770308,0.11204186,0.12961732,0.18134106,0.07543899,0.09823489,0.12903069,0.04765071
1138,0.34712918,0.027852,-0.01312792,0.25291768,-0.08222418,0.00284143,0.24560989,0.4863322,0.15440604,0.21023996,0.10001445,0.125814,0.16218564,0.07633507,0.14058823,0.18801665,0.07929244,0.14422417,0.22999437,0.24199587,0.11793234,0.16200479,0.13557521,0.24514543,0.15322833,0.12526394,0.14465104,0.19032374,0.09545401,0.11862508,0.14718776,0.06684979
1139,0.51316426,0.013496,0.00258008,0.315978,-0.09695694,-0.00344522,0.33813767,0.4770262,0.18150691,0.2458963,0.11761134,0.15030265,0.18942756,0.09179899,0.16858721,0.23081114,0.09463113,0.16627283,0.28126643,0.30824805,0.17678347,0.19152198,0.16478147,0.29901074,0.16678562,0.13474823,0.15518341,0.21251088,0.09958857,0.12271445,0.16292802,0.0704257
1140,0.28861729,0.00194906,0.00342262,0.28391856,-0.09259526,0.00195352,0.30285514,0.47994392,0.16776926,0.2243386,0.10581458,0.13883611,0.17134167,0.08740727,0.15744733,0.21087085,0.09024118,0.15345277,0.25963229,0.28348702,0.16285545,0.177505,0.15258639,0.27617355,0.16434718,0.1327288,0.15424689,0.20152768,0.10318168,0.12216794,0.15086144,0.07438072
1141,0.49520235,0.01967163,-0.03235472,0.26293919,-0.09436869,0.00950487,0.25190587,0.48322707,0.12059792,0.18054832,0.05729576,0.11013891,0.13742616,0.06043688,0.11225298,0.16707034,0.04488209,0.11195761,0.22786596,0.24715361,0.12854201,0.12704014,0.11929472,0.24079387,0.11860726,0.1045711,0.11258603,0.16224116,0.05418507,0.09237457,0.11750778,0.04615695
1142,0.22468729,0.01358207,-0.00742754,0.23531528,-0.07651811,-0.00242544,0.25866139,0.45660677,0.13287898,0.19341501,0.08287992,0.09786169,0.12609745,0.04473019,0.11520883,0.16666205,0.04941915,0.11801602,0.21678801,0.22210829,0.11003327,0.14174283,0.11129938,0.23573026,0.13066149,0.09315543,0.12107335,0.1697132,0.07376643,0.08073247,0.1105968,0.03076697
1143,0.39017448,-0.00156062,-0.0318216,0.2646494,-0.08967424,0.00750846,0.28076126,0.47124104,0.16027813,0.21984713,0.10209286,0.12899715,0.16541829,0.07683572,0.14418595,0.1975308,0.07575016,0.14682281,0.24992628,0.25956205,0.13295662,0.1679314,0.13980485,0.2638211,0.15124781,0.12138524,0.14185262,0.19309223,0.0887174,0.11351858,0.14514501,0.06090899
1144,0.35733961,0.01124494,-0.0159308,0.30009668,-0.10663877,0.00611693,0.33184242,0.4865209,0.17238855,0.22975602,0.10423957,0.13526541,0.16334117,0.08862649,0.15403135,0.20617949,0.08245283,0.15547632,0.27672846,0.28919895,0.16565752,0.17964663,0.14620968,0.29272872,0.16552184,0.12690531,0.1578904,0.20414724,0.0992453,0.11636745,0.13901786,0.07152094
1145,0.31610868,0.02021202,-0.00054272,0.23233282,-0.07625199,-0.00079647,0.23693569,0.50169167,0.13382624,0.19044786,0.08753885,0.10461587,0.13712731,0.05346521,0.12202761,0.17142981,0.06422242,0.12267176,0.21558773,0.22880951,0.09171731,0.14577906,0.11889306,0.23566098,0.1341012,0.10438291,0.12412825,0.16914266,0.08114565,0.09781974,0.1293938,0.04657675
1146,0.42475315,0.0299671,-0.00402544,0.28903928,-0.09314909,3.989e-05,0.33244901,0.48404646,0.17788042,0.24305042,0.11604595,0.13716607,0.16934786,0.07990218,0.15803862,0.21330969,0.08429642,0.15915675,0.27417854,0.28620618,0.15935274,0.18969816,0.15187904,0.29557761,0.16858205,0.12709199,0.15879074,0.21178822,0.10292025,0.1172179,0.14867586,0.06444381
1147,0.18010057,0.01375053,-0.01798334,0.26384961,-0.08817822,0.00304646,0.29206361,0.44784977,0.16891921,0.22769905,0.10996292,0.13878483,0.17545866,0.0864614,0.15290932,0.20396997,0.08655034,0.15495061,0.26503259,0.2647166,0.15343836,0.17853022,0.14956448,0.27652634,0.16330084,0.13049896,0.1547897,0.20913765,0.10117916,0.1225671,0.15210023,0.07320085
1148,0.42999538,0.00709624,-0.0114883,0.25623709,-0.08681393,0.00176137,0.26587565,0.48021577,0.12152427,0.18386275,0.06720799,0.09681895,0.12412912,0.04001531,0.11055155,0.16586269,0.04109647,0.1086425,0.22548502,0.23979481,0.12053228,0.13174049,0.11249322,0.24579453,0.11580081,0.0889752,0.10656872,0.15327968,0.05817886,0.0734281,0.10376031,0.02543007
1149,0.54555915,0.01643349,-0.01250205,0.28267464,-0.09421126,0.00182754,0.28900091,0.49016509,0.14535394,0.20801148,0.08078305,0.11986665,0.15528303,0.06513107,0.13574811,0.19196548,0.06569685,0.13489781,0.24031846,0.26554823,0.12975163,0.15618391,0.1337287,0.2596387,0.14432176,0.1173298,0.13452605,0.18359311,0.07682018,0.1061022,0.13595309,0.05561206
1150,0.31909584,0.01470446,0.00192147,0.27286707,-0.08785562,-0.00047155,0.28559184,0.51515136,0.1516611,0.21412608,0.09230315,0.12186123,0.15541451,0.06650494,0.13917401,0.19763936,0.07061367,0.13786648,0.23987332,0.2644343,0.12180829,0.16529783,0.13916363,0.26428256,0.15133818,0.11919953,0.13871941,0.19239337,0.08607101,0.1091288,0.14442791,0.0549114
1151,0.46519673,0.01767319,-0.03313824,0.27756228,-0.09307226,0.00797755,0.29981861,0.47233512,0.17394812,0.23377058,0.11128942,0.14369405,0.17798044,0.08897183,0.15278265,0.20882797,0.08466058,0.160641,0.26724033,0.27016908,0.15594288,0.18213363,0.15448728,0.28092414,0.164293,0.13608166,0.15792588,0.20983718,0.10217479,0.12558229,0.15513255,0.07464839
1152,0.44891489,0.01951047,0.00499786,0.28908195,-0.09049732,-0.00094455,0.30113576,0.47009781,0.17160587,0.23539453,0.11343847,0.14451313,0.18111237,0.08660023,0.16253387,0.21986944,0.09353274,0.16071859,0.27737633,0.29080959,0.16024037,0.18117416,0.15781358,0.29391693,0.15507543,0.13039008,0.14697974,0.20057201,0.09450889,0.11987351,0.15722736,0.0662553
1153,0.3979263,0.01140196,-0.02123413,0.26729219,-0.08628367,0.00324214,0.2836785,0.49192163,0.16514183,0.22130639,0.11329981,0.13448082,0.16400304,0.08375639,0.14690615,0.19943411,0.08475995,0.15137706,0.25523137,0.26547683,0.15352998,0.17328659,0.14745047,0.27003425,0.1547321,0.12249536,0.14541542,0.19088554,0.09937823,0.11180934,0.14270157,0.06579385
1154,0.67579578,0.01550794,-0.0463343,0.29489238,-0.1017186,0.00851922,0.31982956,0.45996632,0.15589565,0.21728595,0.09512513,0.12413762,0.15640448,0.07337209,0.13751336,0.19177334,0.068225,0.13919842,0.26230392,0.2746206,0.15793628,0.16023076,0.13103187,0.27212239,0.15080326,0.11824543,0.14610606,0.195622,0.08894871,0.10743679,0.13531162,0.06093626
1155,0.58592954,0.01720122,0.00091481,0.33476529,-0.1111005,0.00317073,0.37106845,0.47185896,0.19516292,0.26176356,0.12570674,0.16560672,0.20744858,0.10492003,0.18374111,0.24719364,0.10614551,0.18317996,0.30740798,0.32689671,0.18533729,0.20674875,0.17966687,0.32413846,0.18963497,0.15983364,0.17908527,0.23934586,0.11681954,0.14886977,0.18600691,0.09320695
1156,0.32222112,0.01309974,-0.03750883,0.29993585,-0.09810015,0.00464495,0.31953634,0.49106187,0.19872678,0.2613808,0.13634117,0.15963051,0.19206971,0.10793715,0.17354965,0.2267954,0.10618202,0.18376641,0.28606597,0.29340938,0.16766595,0.20770247,0.17001093,0.30220033,0.19396144,0.15419848,0.18522635,0.24030814,0.12758515,0.14622401,0.17644076,0.09178243
1157,0.36186756,0.01532554,-0.02288111,0.31255575,-0.09146801,0.0047055,0.3243851,0.48562682,0.20457645,0.25951339,0.15451288,0.17339548,0.21120002,0.1215117,0.1875954,0.23960904,0.12733437,0.19215848,0.3011496,0.30535849,0.18599481,0.20945594,0.18395063,0.3121814,0.19088837,0.15752297,0.18291453,0.22850808,0.13622397,0.14860729,0.18392325,0.10107298
1158,0.54878042,0.01498956,-0.03316863,0.31891594,-0.11503899,0.0057861,0.36092417,0.49391867,0.19928829,0.26265856,0.13207143,0.15247947,0.18980176,0.09756318,0.17233227,0.23082436,0.09959624,0.177987,0.30074073,0.31235839,0.17619768,0.20740177,0.16383789,0.31559376,0.1896678,0.14265264,0.17840044,0.23411572,0.11959598,0.13362904,0.16569782,0.0798733
1159,0.45967471,0.01601219,-0.03663407,0.25229031,-0.09219078,0.00853446,0.2593285,0.47716029,0.12332701,0.17566496,0.06545132,0.09867838,0.12945371,0.05325426,0.11231539,0.16112642,0.05133251,0.10990401,0.21649824,0.23438809,0.11789887,0.12928136,0.10637905,0.22817027,0.12281229,0.09791931,0.11721738,0.16161679,0.0630564,0.08851924,0.11269104,0.04484643
1160,0.39068102,0.01209066,-0.00131947,0.29734405,-0.0977083,0.00472105,0.31293925,0.47425552,0.18264608,0.24330654,0.12027754,0.1520296,0.18671107,0.09526228,0.16801047,0.22608103,0.09957286,0.1700825,0.28393444,0.29902317,0.16850634,0.19218639,0.16607117,0.30091717,0.17527291,0.14457898,0.16601641,0.21582361,0.1109037,0.13202084,0.16178379,0.07919927
1161,0.39334983,0.00481501,-0.02793349,0.24812476,-0.08035368,0.0018784,0.25163212,0.48463556,0.13378978,0.19259988,0.07910229,0.1149874,0.15255457,0.06132159,0.12570116,0.18165978,0.06216959,0.12429107,0.21477089,0.23697749,0.11050935,0.14209957,0.12705068,0.23085822,0.12913239,0.10996496,0.11900596,0.17181341,0.06901922,0.10158182,0.13597483,0.04889739
1162,0.34771042,0.01480917,-0.02041993,0.27425151,-0.08657424,0.00346422,0.30598528,0.45252955,0.16410263,0.22317586,0.10843654,0.1354391,0.17030699,0.08434464,0.15094011,0.20281501,0.0863043,0.15270007,0.25234889,0.26302698,0.14189422,0.17102563,0.14663651,0.26645545,0.1548285,0.12734422,0.14667654,0.19824526,0.09452128,0.11710218,0.14971118,0.06681369
1163,0.43870769,0.02658852,-0.01945521,0.29987156,-0.09627804,0.00420845,0.3384376,0.46797805,0.18042712,0.24352569,0.12167007,0.15226609,0.18974321,0.09919237,0.16991636,0.22731981,0.10170254,0.17028756,0.27347106,0.28754228,0.16705266,0.18837605,0.1643823,0.28936209,0.17356283,0.14542565,0.16485653,0.21854241,0.10944151,0.1346456,0.1689231,0.08140375
1164,0.43800646,0.01062647,-0.01927445,0.28352871,-0.09113751,0.0036139,0.29458565,0.47956359,0.15387468,0.21344989,0.09186245,0.12885437,0.16657686,0.07455391,0.14550454,0.20293093,0.07755892,0.14313057,0.24644658,0.2719805,0.13757683,0.1660454,0.14395218,0.26621258,0.14687537,0.12115412,0.13712129,0.18951859,0.0803371,0.11110069,0.14426254,0.05995436
1165,0.23924917,0.01576773,-0.00524642,0.27849773,-0.08915914,0.00394115,0.31168728,0.49284554,0.17095743,0.22929665,0.11997919,0.14424084,0.17707744,0.09113824,0.15773345,0.21269325,0.09542211,0.15981814,0.2706221,0.2787994,0.16165407,0.18073124,0.15752794,0.28605517,0.16660604,0.13683545,0.1582761,0.20538569,0.11220641,0.1261558,0.15887292,0.0760436
1166,0.28128437,0.01529292,-0.03334568,0.24101434,-0.07666946,0.00564621,0.23942455,0.44211481,0.14262521,0.1999414,0.09176005,0.11860775,0.15106619,0.06752725,0.13086932,0.17797388,0.06855504,0.13495654,0.21714479,0.22369562,0.11749692,0.14976754,0.12980381,0.2314992,0.145922,0.11991426,0.13856332,0.18641286,0.09062842,0.10882848,0.13619625,0.06057157
1167,0.56201322,0.01438813,-0.02627682,0.29176432,-0.09849824,0.00538886,0.30579133,0.48880694,0.17976797,0.23829603,0.1178523,0.14341094,0.1782969,0.09416423,0.15903147,0.21175299,0.09447751,0.16280592,0.27658208,0.28623815,0.16248964,0.18580271,0.15156226,0.28747163,0.17296492,0.13607797,0.16417976,0.21537668,0.11060696,0.13000279,0.16121293,0.08360234
1168,0.33654716,0.00363033,-0.00356156,0.26841176,-0.08454517,-0.00083997,0.2850412,0.48804417,0.15203873,0.21400448,0.09115568,0.12566034,0.16233533,0.06913866,0.14203694,0.20035046,0.07241393,0.14131511,0.23631314,0.2585343,0.1401258,0.16153,0.13992082,0.25420711,0.14825775,0.11856613,0.13873004,0.18958616,0.0857139,0.1071292,0.14070245,0.05477027
1169,0.4144626,0.03387981,-0.02517351,0.31520718,-0.10828773,0.01015024,0.34454333,0.49859827,0.18315238,0.24273951,0.11562997,0.15436694,0.18567773,0.10654666,0.16620521,0.21921654,0.09570848,0.16988629,0.28612255,0.30288208,0.18643849,0.1923747,0.16414394,0.30030902,0.17851389,0.14892095,0.17218882,0.22184386,0.11133007,0.14040332,0.16511398,0.09394042
1170,0.2113857,0.0185711,-0.02308173,0.26923652,-0.08544208,0.0019258,0.29529882,0.49113848,0.17361356,0.2321676,0.11802138,0.13776895,0.17100439,0.08591842,0.15362987,0.20661294,0.08711047,0.16050174,0.25518211,0.26473702,0.14640913,0.18277223,0.15018769,0.27277753,0.16766934,0.12950742,0.1580688,0.20894717,0.10495255,0.12089254,0.15429455,0.06847109
1171,0.51587618,0.02573844,0.01262942,0.32650328,-0.10018874,-0.00199465,0.34931228,0.5050814,0.19542111,0.26128452,0.1347477,0.16699973,0.20163994,0.10713154,0.18596222,0.24546875,0.11430024,0.18284984,0.3089989,0.32573579,0.20021656,0.21058066,0.18453156,0.33058586,0.1858543,0.15722778,0.17605194,0.23071598,0.12390677,0.14376544,0.17957716,0.09215007
1172,0.27105448,0.02167631,-0.00922248,0.26556968,-0.08384556,0.00363238,0.29498342,0.48356054,0.16085857,0.21759265,0.10638043,0.12012725,0.14549807,0.07397977,0.14007906,0.18889094,0.07628482,0.14376602,0.25063848,0.25943403,0.15873619,0.16830764,0.13227491,0.26733346,0.15478095,0.11312352,0.14753131,0.19111978,0.09779067,0.10294437,0.12918724,0.06047731
1173,0.38956382,0.01552486,0.02012374,0.27012535,-0.08196332,-0.0036959,0.28232467,0.49740158,0.14633022,0.21124982,0.0909214,0.12735744,0.16012861,0.06569568,0.14399588,0.20483927,0.07333326,0.1373014,0.24008219,0.269293,0.13918735,0.16276122,0.15017432,0.26836774,0.14087497,0.11896591,0.12684082,0.17847412,0.07986573,0.10225578,0.13907274,0.0490176
1174,0.45414037,0.01417463,-0.01823319,0.25736052,-0.0926134,0.00661367,0.26613187,0.47887844,0.14382016,0.20190266,0.07922259,0.11340333,0.14554343,0.06374955,0.12414822,0.17477205,0.05369064,0.13140662,0.22885958,0.24808618,0.11956335,0.15264353,0.12492929,0.24489741,0.1414941,0.1101062,0.12966104,0.18154605,0.07342095,0.10243625,0.12936793,0.05234554
1175,0.34283941,0.02270312,-0.01722351,0.26948096,-0.09185059,0.00556466,0.29359203,0.45278076,0.14733256,0.20633461,0.09200065,0.12362549,0.15539505,0.07109788,0.13616377,0.18836208,0.07249608,0.13602178,0.2450529,0.25191905,0.13662498,0.15380968,0.13457236,0.25835671,0.14428465,0.12031122,0.13550804,0.18579902,0.08330915,0.10718479,0.13814489,0.05771699
1176,0.60321854,0.02821233,-0.0031091,0.3361258,-0.10795989,0.0050963,0.3520795,0.47091442,0.20456923,0.26864609,0.13778434,0.17599613,0.21685456,0.11811377,0.19059698,0.24919228,0.11982966,0.19335489,0.3140482,0.32823212,0.19629203,0.21327619,0.18878492,0.32863644,0.19699452,0.16791594,0.18761307,0.24185937,0.12981217,0.15602042,0.1902252,0.1041582
1177,0.30449988,0.01167371,-0.02472209,0.21003985,-0.07140926,0.00726712,0.21187264,0.46299427,0.1128724,0.16954952,0.06073795,0.10071273,0.1331476,0.0501681,0.10723796,0.15552743,0.04621014,0.10948937,0.18644145,0.19650221,0.08701782,0.12456302,0.11493602,0.20610417,0.11232799,0.1009655,0.10407271,0.15236194,0.05566276,0.090205,0.11856856,0.04010292
1178,0.29594747,0.01080077,-0.005636,0.28316073,-0.08607413,0.00098459,0.30117148,0.46194035,0.17931379,0.24246618,0.11569884,0.14389665,0.1825396,0.08469685,0.161765,0.22167349,0.08754016,0.16286144,0.27078168,0.28008419,0.16610247,0.18903371,0.1591085,0.28832867,0.16225298,0.12654921,0.15153964,0.20510563,0.09614638,0.1153429,0.15435027,0.06301631
1179,0.43574913,0.00956864,-0.00633825,0.25056969,-0.08714106,0.00082162,0.28058472,0.46418176,0.12236441,0.18167853,0.06172926,0.09335116,0.12477839,0.04419139,0.10899976,0.16472118,0.03818196,0.10619912,0.21215385,0.23636951,0.11714547,0.13249275,0.10710332,0.23248826,0.11947368,0.09133009,0.10942001,0.16052678,0.05388755,0.08062715,0.11049673,0.03336809
1180,0.5314877,0.03092865,0.00998683,0.32604788,-0.10971635,0.00348469,0.3589939,0.48032806,0.19862175,0.26113734,0.13342035,0.17324681,0.21397953,0.112739,0.19160024,0.2513024,0.12021452,0.18771018,0.31137922,0.32876631,0.18752208,0.21005443,0.18961669,0.33097701,0.18827289,0.16369908,0.17561175,0.22972181,0.11923639,0.15030476,0.18711037,0.09519219
1181,0.27887177,0.00669931,-0.02490404,0.29747249,-0.10327813,0.00314958,0.33215917,0.48412523,0.1864659,0.24582536,0.12686942,0.14816707,0.17789587,0.09769923,0.16193365,0.21557985,0.0980606,0.16883403,0.29177338,0.29292663,0.17441818,0.19358829,0.15794546,0.30407655,0.17952883,0.14070082,0.17050329,0.22264808,0.11956489,0.13098339,0.15842682,0.08067415
1182,0.3607581,0.0257323,-0.00665737,0.27219674,-0.09243902,0.00309809,0.27815597,0.47806006,0.15622727,0.21702284,0.09376162,0.12154785,0.15629373,0.06449903,0.13948431,0.19374671,0.06822796,0.14074851,0.24162749,0.26206913,0.12403721,0.16589427,0.13600701,0.26136333,0.15184776,0.11708784,0.13874679,0.18939824,0.08437467,0.10487077,0.13649876,0.05203005
1183,0.3157427,0.0240866,-0.01085228,0.30846881,-0.09620856,0.00842142,0.33058389,0.4966118,0.1954447,0.25682606,0.13240843,0.1660484,0.20391535,0.10979964,0.18151555,0.23914346,0.11141824,0.18342994,0.2889174,0.30262984,0.17813222,0.20711228,0.18054626,0.30641435,0.19059552,0.15905008,0.17965335,0.23595549,0.12264267,0.14931042,0.18248028,0.09508338
1184,0.71304335,0.01120179,-0.01238646,0.30973848,-0.09959984,0.00363208,0.32848191,0.51134133,0.17942343,0.24044846,0.11517689,0.14878614,0.18768341,0.09280487,0.16305072,0.22248146,0.09076301,0.16489175,0.27228173,0.3013471,0.16565327,0.19061896,0.16554618,0.29192744,0.17317208,0.14068519,0.15972184,0.2126292,0.10300702,0.12870846,0.16348578,0.07875404
1185,0.38949284,0.01321345,-0.03610193,0.25758236,-0.08708047,0.00534595,0.27722357,0.46993502,0.14742569,0.20188113,0.09394699,0.11861749,0.14564876,0.07550584,0.13331131,0.18209797,0.0712958,0.13339757,0.24326834,0.24835494,0.14274377,0.15180681,0.12522613,0.25348468,0.14756868,0.11824244,0.14233264,0.18943891,0.09209322,0.11131882,0.13241316,0.067405
1186,0.38801274,0.01871341,-0.01835605,0.26689601,-0.09305435,0.00627625,0.26795198,0.50080977,0.15180878,0.21222055,0.09238515,0.12448693,0.15744831,0.07219146,0.13722476,0.19156456,0.07045123,0.1394969,0.24446787,0.25940712,0.13663221,0.15844659,0.135214,0.25867385,0.1420823,0.11514092,0.13427312,0.18282207,0.0807434,0.10574508,0.13522143,0.05520622
1187,0.64015479,0.00457336,-0.01920227,0.32407002,-0.10795422,0.00502109,0.34550326,0.48514833,0.1819837,0.24477916,0.11775056,0.1581695,0.19641198,0.10437171,0.17112472,0.23221216,0.09922974,0.16928934,0.30251416,0.314738,0.19766636,0.18920674,0.1689572,0.3129203,0.17147295,0.14563922,0.16572325,0.21987956,0.10945986,0.13481986,0.16877563,0.08740906
1188,0.38458373,0.02412632,-0.01572452,0.27207012,-0.09298115,0.00550161,0.29956799,0.47816839,0.15448063,0.21542937,0.09044112,0.12368131,0.1568586,0.07141446,0.1374038,0.19213831,0.06633118,0.14102705,0.23324359,0.25269946,0.13917832,0.16492519,0.13760929,0.25298725,0.1530328,0.12136478,0.14171773,0.19515895,0.08364781,0.10850234,0.13741228,0.05834272
1189,0.27683616,0.01881491,0.00069583,0.25543841,-0.08520449,0.00363764,0.28434966,0.46108734,0.1463978,0.20137808,0.09456473,0.12249491,0.15090361,0.07274609,0.14007908,0.18816108,0.07843944,0.13580248,0.23241901,0.24601586,0.13339839,0.15595953,0.13710426,0.25274013,0.14240875,0.11956885,0.13249905,0.1777886,0.08866534,0.10576484,0.13270394,0.0574971
1190,0.31742058,0.00955647,0.00022441,0.26344893,-0.08802418,0.00132297,0.28597735,0.45085815,0.14760856,0.20955241,0.0888697,0.12073895,0.1551568,0.06357495,0.13755994,0.19455999,0.06664641,0.13566318,0.24463095,0.25554588,0.13215613,0.15758251,0.13526932,0.26274565,0.14486293,0.11660573,0.13423557,0.18731906,0.08237212,0.10336425,0.13602719,0.05107727
1191,0.42854392,0.01426844,-0.00236408,0.276117,-0.09378984,0.0035022,0.29958426,0.47885976,0.16078149,0.22339325,0.10198367,0.13511237,0.16863725,0.07890279,0.15083569,0.2069782,0.08152575,0.14928898,0.2551227,0.27401829,0.14088236,0.173016,0.15089197,0.27575456,0.15783964,0.13145802,0.14606126,0.19842917,0.09392848,0.11934063,0.1509771,0.06491366
1192,0.21195933,0.00394457,-0.00376846,0.21802024,-0.07299559,-0.00051609,0.24729996,0.47323584,0.12828278,0.18730127,0.07795203,0.09835555,0.12443047,0.04626123,0.11287084,0.16270065,0.04989166,0.11604972,0.20666187,0.2194507,0.10562532,0.14202105,0.11536543,0.22977706,0.12610609,0.09247492,0.11364139,0.16178438,0.06885206,0.08129738,0.11440839,0.03157291
1193,0.39007012,0.01062888,-0.00834182,0.27118711,-0.08598636,0.00183929,0.28551247,0.47053899,0.16669583,0.2281627,0.10605193,0.13620793,0.17410865,0.08209887,0.15469085,0.20913708,0.08680021,0.15393813,0.25615454,0.26822876,0.14220108,0.17567567,0.14858661,0.27355887,0.16214718,0.13205613,0.15378243,0.2055472,0.10037631,0.12465545,0.15542052,0.07245164
1194,0.32424296,0.0173138,-0.00736722,0.23239696,-0.07752916,0.00207125,0.2430979,0.46080769,0.11871401,0.17836716,0.06350879,0.10060325,0.1334393,0.0470186,0.11430432,0.16793583,0.04748901,0.11109213,0.19456097,0.21344518,0.09332953,0.13073781,0.11725477,0.21742898,0.11903143,0.10241438,0.10854929,0.15711037,0.05865457,0.08881424,0.11829247,0.03697198
1195,0.20090694,0.01584231,-0.03331766,0.25387572,-0.08410964,0.00384923,0.2953423,0.44992622,0.15560935,0.21138385,0.10243305,0.12421075,0.15437237,0.07797641,0.13811837,0.18596393,0.07527193,0.14297737,0.23869777,0.2354082,0.13995618,0.16050972,0.13329529,0.25094712,0.1564101,0.12237847,0.14842815,0.19540061,0.09940315,0.11312966,0.14019507,0.06613621
1196,0.35014778,0.01821011,-0.01343133,0.25783585,-0.08558143,0.00361168,0.28105382,0.46623736,0.14291668,0.2032983,0.08786688,0.12167154,0.15633258,0.06796005,0.13661986,0.19089118,0.06977527,0.13185722,0.23420814,0.24790444,0.12689953,0.15331994,0.13635592,0.25327428,0.14219085,0.11990038,0.13146711,0.18417268,0.08015249,0.10802683,0.14031415,0.05627256
1197,0.37015246,0.02190847,-0.00040943,0.26817465,-0.07943936,-0.00190091,0.26010752,0.49277975,0.15138088,0.21710183,0.09008642,0.1202679,0.16053795,0.0610172,0.1351373,0.19558014,0.06339033,0.13953298,0.2264286,0.24850909,0.12357463,0.1631419,0.13631214,0.24651221,0.14815443,0.11427214,0.13657962,0.19035988,0.08165122,0.10418453,0.1407645,0.04911469
1198,0.30486281,0.0251233,-0.00224641,0.2896147,-0.0950327,0.00424734,0.29572901,0.4720382,0.17558495,0.23083457,0.11893025,0.14528074,0.17620018,0.09499704,0.16079689,0.21213811,0.09658159,0.16076157,0.28087439,0.28342063,0.16909383,0.18025193,0.1543515,0.29087814,0.16640656,0.13644511,0.16082485,0.20803374,0.10955051,0.12608448,0.15305758,0.07985159
1199,0.27376528,0.00510016,0.00992667,0.26130011,-0.08714798,-0.00138472,0.29484472,0.49629524,0.14714293,0.21314764,0.08761515,0.12078441,0.15679067,0.06016643,0.13687917,0.19785178,0.06304186,0.13515767,0.23750761,0.26015251,0.12528037,0.1625451,0.14099901,0.26307001,0.13954266,0.11198375,0.12557779,0.18285001,0.07611748,0.09785102,0.134638,0.04243811
1200,0.29661834,0.0350109,-0.00658453,0.28552444,-0.09447453,-0.00062728,0.3214191,0.49337984,0.18154002,0.24542529,0.12135695,0.14194774,0.17133815,0.08545317,0.15994545,0.21555599,0.08807552,0.16467855,0.27283153,0.2849029,0.16271766,0.1920873,0.15736906,0.29305013,0.17099714,0.13177298,0.15958676,0.21362935,0.10552084,0.11872203,0.15231707,0.06383133
1201,0.50571559,0.0058243,-0.01781141,0.28607512,-0.09316514,0.00783183,0.28332916,0.48958579,0.18567538,0.24866727,0.11983542,0.1434521,0.17332626,0.08928058,0.15402028,0.21194606,0.08101342,0.16907185,0.26591424,0.28430417,0.16682961,0.19345919,0.15474576,0.27983223,0.17763603,0.13326804,0.1695724,0.22238456,0.11019107,0.12375057,0.1546984,0.07140865
1202,0.54222984,0.01149563,-0.0234903,0.30552404,-0.10352736,0.00360864,0.31184858,0.46944768,0.15692098,0.22367582,0.08588749,0.12619052,0.16156834,0.06943964,0.1394315,0.20278419,0.06152893,0.14058048,0.26086257,0.28534015,0.1555368,0.16389554,0.13730445,0.27660811,0.15107184,0.11656743,0.14033204,0.19730098,0.07457571,0.10458358,0.13907002,0.05191884
1203,0.42494072,0.01517096,-0.03919927,0.30270861,-0.09801925,0.00487454,0.33155403,0.4935463,0.19304228,0.25718009,0.12649082,0.15543196,0.19128107,0.09869103,0.17219424,0.23016719,0.09986986,0.17788946,0.2891709,0.29713821,0.17756851,0.20384814,0.16834997,0.30631666,0.17959241,0.14342896,0.17201979,0.22899604,0.11019261,0.13330624,0.1687726,0.07789645
1204,0.32038878,0.02084874,-0.0325396,0.27167952,-0.08621587,0.00127497,0.29681693,0.44780921,0.17019094,0.23161338,0.10745564,0.12542868,0.15864102,0.07331999,0.14125017,0.19499735,0.06704112,0.15264504,0.24196556,0.24780671,0.14632226,0.17668565,0.13536489,0.25621415,0.16766536,0.12171435,0.16093329,0.21295929,0.09969811,0.11348594,0.13943361,0.06327101
1205,0.5377046,0.00980949,-0.03981353,0.30349555,-0.10440394,0.00350732,0.31433576,0.47966721,0.17633635,0.24546283,0.1040287,0.14184732,0.18100389,0.08171122,0.15482657,0.21665739,0.0734462,0.15862498,0.26258849,0.29099339,0.16596051,0.18431785,0.15254199,0.27740004,0.16649186,0.13025171,0.15673983,0.21515299,0.09371266,0.11897489,0.15352808,0.06308326
1206,0.28993262,0.00765331,0.00020337,0.30406808,-0.09716989,0.00339757,0.33328708,0.46457967,0.19334205,0.24926455,0.13726481,0.16348318,0.19355017,0.11302409,0.17779075,0.23010686,0.11901047,0.18066596,0.30336731,0.29936616,0.18163795,0.20075057,0.17298642,0.31565539,0.18404447,0.15480381,0.17853761,0.22973041,0.1264504,0.1437031,0.17578719,0.09304899
1207,0.30809238,0.00541331,-0.02336662,0.23313517,-0.07289542,0.00270329,0.23204261,0.45371967,0.12863734,0.18743284,0.07785605,0.10231666,0.12638787,0.05099014,0.11376348,0.16429623,0.04931972,0.11758427,0.20818908,0.21635966,0.11439524,0.13801034,0.11472714,0.22492774,0.12914728,0.09922007,0.12152144,0.16731435,0.07100245,0.08729007,0.11579739,0.03846654
1208,0.42118301,0.01797757,0.00166452,0.29337511,-0.09210914,0.00261744,0.31491595,0.48132902,0.17279903,0.23274214,0.11142356,0.14296625,0.17299131,0.09470568,0.15963826,0.21402073,0.089656,0.1574988,0.27610772,0.28868923,0.18299901,0.17960347,0.15408659,0.28962425,0.16553245,0.13378565,0.15749738,0.20693562,0.10177559,0.12457734,0.15224371,0.07977949
1209,0.25618113,0.02000801,-0.02277292,0.21629315,-0.07395777,0.00624828,0.22903307,0.44783826,0.12921274,0.18395838,0.07829506,0.110501,0.14428531,0.0611223,0.12121603,0.16667745,0.06129206,0.12406269,0.20286096,0.20796398,0.0931277,0.13860894,0.12146201,0.21863407,0.1356119,0.11550738,0.12543412,0.17251904,0.07643451,0.10791284,0.13359953,0.05666022
1210,0.28309588,0.01167693,0.00987841,0.24219931,-0.07409506,0.00104572,0.25352872,0.4803183,0.14462899,0.19861203,0.09487413,0.12168321,0.15444491,0.06808157,0.13753715,0.18830082,0.0774873,0.13510583,0.22347049,0.23817547,0.11884658,0.15561639,0.138034,0.2448306,0.14087776,0.11748785,0.13132549,0.17647435,0.08701657,0.10589573,0.13713086,0.05495481
1211,0.42026084,0.02112054,-0.01657724,0.26909331,-0.08429307,0.00061807,0.28272791,0.4715489,0.15174528,0.21582256,0.09362541,0.12203153,0.15860773,0.06601867,0.13551395,0.19413467,0.064186,0.1386572,0.23738031,0.24646054,0.13449533,0.16144449,0.13671945,0.25556885,0.14687607,0.11721224,0.13681458,0.19117592,0.08200913,0.1048563,0.14010207,0.05300369
1212,0.43362467,0.02881847,-0.02905341,0.31744451,-0.10346636,0.01108402,0.33193194,0.46540014,0.1913595,0.25313479,0.12123642,0.15048556,0.18162787,0.09961674,0.16380805,0.21954692,0.09194531,0.17465692,0.29117313,0.30828051,0.18911435,0.19566823,0.15622359,0.29869884,0.18004143,0.14022035,0.17604981,0.23059742,0.1093654,0.13189704,0.15832392,0.08179514
1213,0.32049851,0.01632441,0.00826575,0.27724823,-0.09043633,0.00125777,0.31270741,0.49474615,0.16002975,0.22472619,0.1004012,0.13027559,0.16517281,0.07273316,0.15076121,0.20868247,0.07713588,0.14714844,0.25944206,0.27669671,0.14852569,0.17401207,0.14852191,0.28292516,0.15124496,0.12196457,0.13949627,0.19378505,0.08708345,0.11073276,0.14617821,0.05564271
1214,0.50325557,0.00467846,-0.0382587,0.26402795,-0.09212665,0.00238161,0.27182468,0.49254622,0.14504905,0.2054035,0.07970169,0.11532668,0.14830193,0.06362585,0.12614692,0.18211956,0.05687924,0.12990995,0.22956608,0.25002564,0.12668188,0.15367604,0.12706376,0.24596334,0.13864926,0.10747985,0.1300318,0.18083368,0.07200302,0.09756812,0.12541688,0.04747251
1215,0.32596892,0.00988287,0.00294944,0.22469095,-0.07487693,0.0029769,0.23707056,0.46257061,0.11770324,0.17097281,0.06761939,0.09370987,0.12124006,0.04688761,0.10814957,0.15585559,0.04866669,0.10595452,0.20264538,0.21710703,0.09837046,0.12799868,0.10753336,0.22211357,0.12177079,0.09668296,0.11188168,0.15516802,0.0659099,0.0866801,0.111477,0.04113005
1216,0.37994225,0.02028564,0.00170577,0.26084744,-0.08213234,0.00205256,0.2995845,0.47242217,0.15240077,0.21484636,0.097996,0.12940449,0.16183056,0.07515938,0.14537177,0.20036922,0.07964943,0.14381359,0.23716685,0.25599009,0.13462091,0.16605399,0.14657024,0.26100845,0.14903373,0.12620337,0.13799228,0.18725581,0.09051343,0.11385721,0.14371585,0.06071907
1217,0.41381777,0.01966841,-0.02145049,0.299271,-0.09553427,0.00551901,0.30802185,0.4543797,0.18147216,0.23687464,0.12170406,0.14192564,0.17225874,0.09650226,0.15552308,0.20598159,0.0929405,0.16508344,0.2713263,0.27819452,0.17374093,0.18408439,0.1482941,0.27834395,0.17927504,0.13683796,0.17272723,0.2183357,0.11704623,0.1284513,0.15288078,0.08503235
1218,0.38683077,0.01926275,-0.01947385,0.27707836,-0.08896805,-0.00029431,0.30528177,0.43930011,0.16272914,0.22559749,0.10733384,0.12641561,0.15545463,0.07233991,0.1416957,0.19647262,0.07325266,0.14879152,0.25360998,0.25887344,0.15488185,0.17079042,0.13805035,0.26911264,0.16290409,0.12388359,0.1562852,0.20804668,0.10398793,0.1105505,0.14271911,0.05957951
1219,0.16862482,0.00562767,-0.02167887,0.22378911,-0.0721254,0.00381494,0.24895635,0.43590772,0.13794627,0.19771828,0.08947135,0.11869059,0.15127013,0.06527033,0.13078344,0.18102178,0.06856898,0.1321546,0.21895941,0.21718603,0.11441393,0.14783416,0.13261872,0.2364094,0.13727102,0.11813389,0.12892765,0.1788184,0.08319138,0.10572244,0.1354996,0.05409389
1220,0.37168809,0.0041373,-0.00836876,0.24639847,-0.081142,0.00602134,0.26464828,0.45117921,0.1272092,0.18706984,0.07122899,0.10793051,0.13689792,0.05595191,0.11818004,0.17317721,0.0522639,0.1178352,0.22483745,0.23817308,0.12674684,0.13506845,0.12094134,0.24057797,0.12240859,0.10268677,0.11371852,0.16149364,0.06344124,0.0890744,0.11757034,0.04056196
1221,0.3934404,0.01940261,-0.01427111,0.27704187,-0.08565996,0.00377991,0.28649804,0.4956502,0.18361865,0.23922597,0.12700324,0.14830969,0.18955841,0.09268678,0.16458998,0.21549089,0.10170661,0.17127702,0.25989998,0.27325657,0.13706975,0.19479854,0.16365278,0.27943333,0.17709983,0.14171038,0.16623337,0.21280572,0.11807309,0.13393386,0.16604614,0.0810512
1222,0.48558792,0.01372937,-0.03653856,0.25529425,-0.08746295,0.00784264,0.26233996,0.4538578,0.13331201,0.1914258,0.07781166,0.1156218,0.14688719,0.06555182,0.12633769,0.17828418,0.06288385,0.12448503,0.22092453,0.23538377,0.12529171,0.13818397,0.12559436,0.23387647,0.13019686,0.11207037,0.12254909,0.16933062,0.07108155,0.0993716,0.12660386,0.05224506
1223,0.69635844,0.01444115,-0.03026681,0.31502167,-0.10442445,0.00671143,0.33338016,0.49990856,0.17487428,0.24005535,0.10417953,0.14710454,0.18254364,0.09303186,0.15923303,0.21963135,0.08439604,0.16132511,0.28028634,0.29759166,0.18422523,0.1834392,0.15870359,0.29450108,0.16712001,0.13674629,0.16009648,0.21384284,0.09733731,0.12418978,0.15727885,0.07602861
1224,0.43604022,0.02120595,-0.01529458,0.27287569,-0.08460018,0.00023075,0.30168847,0.4438865,0.15764957,0.22082126,0.09870041,0.12788739,0.16217939,0.07161198,0.14243886,0.2004789,0.07303462,0.14593027,0.2445935,0.25398289,0.14069817,0.16790771,0.14265574,0.26380864,0.15585445,0.12453949,0.14552744,0.19799421,0.08777719,0.1112041,0.14233449,0.05889934
1225,0.33591494,0.0032441,-0.01299655,0.29249659,-0.09373697,0.00122441,0.3386252,0.47887203,0.18021333,0.24453876,0.12290295,0.13069051,0.1603201,0.07715829,0.15282372,0.2122592,0.08422963,0.1610189,0.27876693,0.29375237,0.15236471,0.19341243,0.14724157,0.30179292,0.17262291,0.12005609,0.1605628,0.21308377,0.10733035,0.11061637,0.14348779,0.05715001
1226,0.30412659,0.00230937,-0.0297239,0.24983573,-0.07974821,0.0035242,0.28298998,0.44533925,0.14805414,0.20314146,0.09745095,0.11525627,0.14180733,0.07058752,0.12928795,0.17719426,0.06862672,0.13240699,0.23804828,0.23852977,0.14611314,0.15102497,0.12111223,0.24708575,0.1441024,0.10854007,0.1388408,0.18626612,0.09072339,0.10130145,0.12748321,0.05636482
1227,0.41833129,0.01064667,-0.00950563,0.30130014,-0.09659549,0.00318903,0.30814161,0.48325543,0.1887842,0.2504466,0.12464226,0.15905825,0.19926442,0.10172413,0.17358099,0.23216927,0.10496244,0.1762893,0.28352965,0.29846268,0.16871498,0.19966931,0.17254193,0.29981468,0.18335468,0.15087019,0.1724813,0.22832868,0.11500685,0.14196662,0.17838958,0.08833647
1228,0.54983603,0.024689,-0.00830301,0.31059278,-0.09823782,0.0003713,0.32898822,0.48888091,0.17935098,0.24417172,0.10767528,0.15188337,0.19126935,0.09563399,0.16770502,0.22704639,0.09151744,0.16497132,0.27084148,0.29894676,0.17697291,0.18853302,0.16496744,0.28760231,0.16843062,0.14031981,0.15740814,0.21220896,0.0938055,0.1303957,0.16564563,0.07869538
1229,0.39117389,-0.0021634,-0.00517546,0.26181542,-0.08277788,0.00075793,0.26860174,0.46381046,0.15559277,0.21616047,0.10065151,0.12492175,0.15844952,0.06900833,0.13981389,0.19390732,0.07577199,0.14252888,0.24511469,0.25239923,0.13994954,0.16536287,0.13874177,0.2625426,0.15272212,0.11860292,0.1429485,0.19262561,0.09382937,0.10714545,0.14101092,0.05684093
1230,0.43814966,0.00954081,-0.02030817,0.26453051,-0.09436318,0.00753324,0.26511244,0.51775638,0.14519695,0.20115514,0.0834187,0.12182014,0.15097204,0.07351566,0.12984185,0.18164708,0.06560726,0.13147157,0.24309365,0.25856179,0.14208079,0.1510251,0.13130148,0.25528775,0.140816,0.11665318,0.13333965,0.17823598,0.08177896,0.10643421,0.132449,0.06133749
1231,0.47675262,-0.00695286,-0.03133716,0.29761138,-0.09660768,0.00756074,0.30249101,0.47510205,0.18068539,0.24239355,0.11448036,0.148233,0.18286727,0.09484888,0.1617055,0.21888349,0.09018834,0.16544493,0.27531938,0.2901397,0.16684972,0.18941354,0.16066363,0.29012831,0.16594911,0.13401621,0.15716162,0.210649,0.09977687,0.1235925,0.15656865,0.07326141
1232,0.49359711,0.02355658,-0.02956549,0.25717297,-0.08091431,0.00121408,0.26891113,0.47106492,0.16047609,0.21683882,0.10635715,0.12730631,0.16506518,0.07565008,0.14049061,0.18851621,0.07527506,0.14719565,0.2360488,0.25042493,0.13019527,0.1672988,0.13666753,0.25049624,0.14921819,0.11273307,0.14042631,0.18596267,0.08928466,0.1075633,0.13838733,0.05840246
1233,0.31413828,0.02091967,-0.01026961,0.26521671,-0.0853421,0.00335975,0.28902104,0.4586715,0.13723284,0.19817847,0.07701967,0.11617578,0.14792443,0.06347552,0.13014777,0.18306752,0.06016585,0.12739129,0.23374297,0.2511221,0.13439698,0.14557009,0.12904532,0.25150338,0.1255759,0.1066945,0.11715405,0.16623706,0.0607753,0.09428585,0.12403881,0.04464107
1234,0.36388941,0.01967911,-0.02485781,0.2490249,-0.08334425,0.00300489,0.26837673,0.49068641,0.14633679,0.20435489,0.09288641,0.11740336,0.15083386,0.06888882,0.13316632,0.18150463,0.07079364,0.13556815,0.23416873,0.24327169,0.12356,0.1541273,0.12882543,0.24978119,0.13964863,0.11079155,0.13244825,0.17925777,0.08565131,0.10239769,0.13201982,0.05426212
1235,0.40874511,0.01865408,-0.00718281,0.27832111,-0.09524935,0.00436981,0.29211389,0.49260522,0.15949826,0.22093613,0.096481,0.12888633,0.16303643,0.07354625,0.14438698,0.20066007,0.07389194,0.14556584,0.25436322,0.2701318,0.14310069,0.16802328,0.14254745,0.2726473,0.15015835,0.11871409,0.1396765,0.19000021,0.08488422,0.10787731,0.14011443,0.05677357
1236,0.34494559,-0.00361177,-0.04235732,0.25800262,-0.08472166,0.00169471,0.26664979,0.4852467,0.15157116,0.21822973,0.09312193,0.11519039,0.15139881,0.05822496,0.12846258,0.18730734,0.05709968,0.13637556,0.23860631,0.24971099,0.12944892,0.16076765,0.12808938,0.25415057,0.13784915,0.09907581,0.12666722,0.18331895,0.07377895,0.09032287,0.12917304,0.03588055
1237,0.19942672,0.01423362,-0.00169142,0.24790718,-0.07551402,-0.00511007,0.26461605,0.49937517,0.13126469,0.19218637,0.08029531,0.10187464,0.13449876,0.04650298,0.12075257,0.1763144,0.05452366,0.11866414,0.21297252,0.22700734,0.10635171,0.14287424,0.11832542,0.23538188,0.12905346,0.09642185,0.11766349,0.16720744,0.06883246,0.08482854,0.12211018,0.03250244
1238,0.34986699,0.00988719,-0.00400085,0.26463915,-0.08807434,0.00146635,0.27518981,0.48256915,0.15473915,0.21186395,0.09987257,0.12191449,0.15757777,0.0687974,0.14230098,0.19578184,0.07686532,0.14056339,0.2392771,0.2554678,0.1330376,0.16482649,0.13523898,0.25713043,0.15034944,0.11576989,0.13980411,0.19028977,0.09169628,0.10684563,0.13931447,0.05721588
1239,0.37358692,0.02117736,0.00481029,0.26149097,-0.08478251,-9.204e-05,0.28013072,0.48199837,0.14594546,0.20511263,0.09316095,0.12091247,0.15170978,0.06443284,0.13451583,0.1919841,0.06950877,0.13200823,0.24028793,0.25624214,0.13923435,0.15681454,0.13737673,0.25968591,0.14092465,0.11517888,0.13089333,0.17972275,0.08425203,0.10102389,0.13394173,0.05068795
1240,0.51839006,0.02227519,-0.02171086,0.32106586,-0.11388356,0.00651648,0.367415,0.46781861,0.20591203,0.26773266,0.13778374,0.16732153,0.20059597,0.11318221,0.18484098,0.23927554,0.11329436,0.18883137,0.3144647,0.31819695,0.19355005,0.21371202,0.17846594,0.32700554,0.20461825,0.16445058,0.19410745,0.24886885,0.13533121,0.15251517,0.18128313,0.10036234
1241,0.35369653,0.01357374,-0.0099743,0.25222318,-0.08374274,0.00283071,0.25737053,0.45785078,0.13151087,0.19224014,0.07676747,0.1026966,0.13317737,0.04870007,0.11710533,0.17261298,0.05087065,0.11847003,0.21652151,0.23795015,0.11660368,0.14111796,0.11574432,0.23428095,0.13238519,0.10071746,0.12303685,0.17228728,0.07004862,0.08994586,0.12025592,0.03931078
1242,0.39999298,0.01249935,-0.02024902,0.26780045,-0.08492174,0.00429083,0.28778426,0.4563218,0.1650286,0.22467985,0.10968794,0.13818512,0.17360841,0.0837127,0.15140883,0.20669113,0.08620786,0.15348679,0.25276452,0.26020754,0.14980883,0.17451524,0.15151897,0.26798992,0.1600167,0.13194467,0.15014876,0.20179158,0.10031416,0.12073402,0.15397467,0.07124066
1243,0.44968656,-0.00010055,-0.04285607,0.27286493,-0.09216937,0.00927626,0.27965731,0.45818744,0.15081409,0.20812139,0.09260442,0.12370033,0.1543123,0.0764903,0.13457647,0.18563532,0.07187951,0.1373011,0.24367516,0.25360888,0.1536724,0.15436638,0.13031721,0.25128151,0.14502568,0.11771425,0.14011661,0.18719248,0.08833326,0.10670618,0.13470998,0.06297787
1244,0.41776618,0.01312628,-0.0247558,0.29384239,-0.10024601,0.00389577,0.30425304,0.45280906,0.17759402,0.24034977,0.11006861,0.13814298,0.17612624,0.0830437,0.15786201,0.21186042,0.08586067,0.16313602,0.27375599,0.28592001,0.15278464,0.18720429,0.14758975,0.287875,0.17035839,0.12941991,0.1635931,0.21550277,0.10289636,0.12318714,0.15347149,0.06967197
1245,0.24351509,0.02315387,-0.00225701,0.20543949,-0.07019562,0.00338116,0.22180379,0.44623847,0.10892712,0.16584335,0.06161848,0.08959046,0.12015555,0.03865996,0.10405905,0.15237142,0.04250159,0.10224889,0.18412298,0.19773769,0.08078913,0.11941711,0.10316385,0.20454143,0.11399216,0.09240737,0.10297592,0.14958448,0.05693187,0.0832549,0.11171194,0.0328772
1246,0.5087349,0.01969229,0.00184894,0.30374862,-0.0918077,0.00051892,0.32053536,0.48024231,0.18844145,0.24983393,0.13274782,0.16122493,0.19682688,0.10323362,0.17627814,0.23353917,0.11231417,0.17846853,0.29096464,0.30326818,0.1821561,0.19956088,0.17770209,0.30885097,0.17653875,0.14952098,0.16656536,0.21636009,0.12026324,0.13509807,0.17118339,0.08420908
1247,0.09732737,0.01432145,0.00833983,0.22189015,-0.07111076,-0.00222929,0.26039495,0.45243778,0.14347749,0.20212602,0.09935536,0.11105905,0.13581529,0.05771544,0.12733747,0.17868137,0.06640678,0.13141656,0.22566431,0.2273228,0.12120776,0.15424729,0.12625887,0.24684985,0.14331564,0.10943768,0.13328436,0.18059009,0.09269077,0.09666116,0.12675387,0.04318111
1248,0.29826214,0.02557685,0.02737022,0.29974352,-0.09788495,-0.00496047,0.35660176,0.48180679,0.17768063,0.2445132,0.11777767,0.15004798,0.18251537,0.09128575,0.16960314,0.22859736,0.09619626,0.16568836,0.29392598,0.3062727,0.17977627,0.1913771,0.16744345,0.31600712,0.17063126,0.14005475,0.15873918,0.21505507,0.10539828,0.12600846,0.16401175,0.07128646
1249,0.35623257,0.01938703,-0.0160801,0.27312202,-0.0875159,0.00060566,0.27951428,0.49648657,0.16358748,0.22521801,0.10824311,0.13102953,0.16532886,0.07718909,0.14932135,0.20390498,0.08462802,0.149337,0.25725374,0.26696178,0.14302427,0.1741498,0.144268,0.27567355,0.15483478,0.12176031,0.14674013,0.19641627,0.09579643,0.11321006,0.1460894,0.0611046
1250,0.45099265,0.0027763,-0.00128061,0.26305785,-0.09307183,0.00338228,0.27476932,0.48971693,0.11133281,0.17469447,0.04982956,0.09273881,0.12259491,0.03919766,0.10593828,0.16357413,0.03339227,0.09969707,0.21416452,0.24351986,0.11703667,0.12256578,0.10676355,0.23373653,0.11143321,0.08784892,0.10202427,0.15272444,0.04795773,0.07568405,0.10448118,0.02771222
1251,0.45864613,0.01803385,-0.01899285,0.25297724,-0.0815827,0.00301972,0.26429476,0.46244127,0.14460292,0.20284891,0.09204165,0.1209049,0.15466512,0.06640853,0.13537907,0.18741186,0.07374897,0.13498385,0.22795203,0.24289534,0.11564895,0.15555622,0.13574479,0.24819436,0.14469336,0.12064392,0.1343296,0.18250569,0.08515885,0.10940236,0.13959582,0.05690405
1252,0.38531979,0.02097177,0.00317819,0.26418016,-0.08751565,-0.00038162,0.2784757,0.50260132,0.15130336,0.21267678,0.09076221,0.12231558,0.15354001,0.06567063,0.13810498,0.19489,0.06868172,0.13741832,0.24876872,0.26807872,0.14395438,0.16191599,0.13707114,0.26855561,0.14461714,0.11509657,0.13355385,0.18352806,0.08001647,0.1033467,0.13628478,0.04997341
1253,0.46196007,0.02368114,-0.01566543,0.28533781,-0.0927872,0.00357995,0.29456005,0.4925722,0.16321981,0.22151922,0.10231822,0.12929097,0.16297035,0.07571043,0.14427383,0.20103106,0.08026619,0.14861751,0.25848665,0.27276543,0.14657882,0.17170449,0.14191388,0.27508305,0.15767212,0.1234617,0.15011761,0.20001757,0.09361429,0.11210946,0.14518144,0.06074251
1254,0.38352831,0.01743443,-0.03558596,0.24821805,-0.08322837,0.00710675,0.25687289,0.43867234,0.14589369,0.20286279,0.09319257,0.11778585,0.14883967,0.06861126,0.12871064,0.17938333,0.06802806,0.13502532,0.23077768,0.23471459,0.12421091,0.1497795,0.12437289,0.24012729,0.14193143,0.1147723,0.13572511,0.18711609,0.08392887,0.10524106,0.13523099,0.05534313
1255,0.13083582,0.02932826,-0.01249337,0.26070999,-0.08457305,0.00286425,0.28653528,0.47050201,0.16741355,0.22590779,0.11056416,0.13520647,0.166104,0.08507153,0.1514185,0.20093561,0.08683011,0.1532855,0.25330348,0.25611454,0.13946653,0.17497513,0.1441874,0.26702353,0.16843263,0.13476918,0.16030714,0.20852861,0.10743003,0.12797054,0.15519345,0.07669936
1256,0.4359757,0.01331342,-0.014309,0.27406631,-0.08989231,0.00225895,0.2825744,0.48747671,0.15068121,0.20851097,0.08769452,0.11871374,0.15717342,0.06703792,0.13574128,0.19298073,0.06504349,0.133642,0.23603223,0.26436539,0.12768762,0.15818732,0.12966223,0.25268259,0.1449013,0.11108157,0.13408585,0.1848488,0.07527584,0.10401932,0.13552038,0.05286645
1257,0.33673728,0.0090341,-0.01304643,0.26966446,-0.08886024,0.00674367,0.2966627,0.46393699,0.15552715,0.21464138,0.09804393,0.1317408,0.16371907,0.07839732,0.14745377,0.2020279,0.08164423,0.14666474,0.25510803,0.26190436,0.14620048,0.16589398,0.14527674,0.27143017,0.15199107,0.12640312,0.14447118,0.19456554,0.0928439,0.11495462,0.14614976,0.06437286
1258,0.46364012,0.01723153,-0.02028981,0.30443384,-0.09652585,0.00691867,0.31388431,0.46259833,0.18872705,0.24944262,0.1279097,0.15923686,0.19499105,0.10533969,0.17449806,0.23009643,0.10795282,0.17723245,0.2866568,0.29821416,0.17097271,0.19704637,0.17123247,0.30113527,0.18310205,0.15139924,0.17471461,0.22696818,0.11781741,0.14182198,0.17439624,0.09100268
1259,0.33626925,0.00793351,-0.01626891,0.24246394,-0.07969941,0.0026875,0.25342275,0.45794429,0.15117564,0.20934062,0.10175589,0.11509556,0.14796431,0.06107084,0.13336929,0.18407595,0.0700831,0.13938787,0.23111385,0.24184308,0.11674197,0.1616179,0.12761231,0.24816721,0.1513729,0.11333659,0.14225392,0.19217883,0.09705169,0.10556428,0.13759299,0.05297489
1260,0.30837838,0.02632236,-0.00992303,0.30619222,-0.0959327,0.00026404,0.33747675,0.48711012,0.18041831,0.24601146,0.11702423,0.1518888,0.18435007,0.09632899,0.16755525,0.22534254,0.09583456,0.16632819,0.27558373,0.29114996,0.17236083,0.18956498,0.16531064,0.29227756,0.17472465,0.14373048,0.16481261,0.22082019,0.10705433,0.13064149,0.16542197,0.07935407
1261,0.51056805,0.00846852,-0.0326158,0.27959693,-0.09572156,0.00585032,0.30886905,0.44101314,0.17521002,0.23390998,0.11296971,0.14157916,0.17299875,0.09165278,0.15582258,0.20769012,0.08780016,0.16114089,0.27284485,0.27498481,0.17228956,0.18181523,0.15087205,0.2836547,0.16796955,0.1354157,0.16126969,0.21363663,0.10488761,0.12385809,0.15279887,0.07703413
1262,0.32619733,0.00518667,0.0066397,0.26609505,-0.08713247,0.00342809,0.28689973,0.46112037,0.16010891,0.2205641,0.09604414,0.13507104,0.16799815,0.07693195,0.14695577,0.20445887,0.07459026,0.14906531,0.24593067,0.26215535,0.14272036,0.171468,0.15148416,0.26496045,0.15048026,0.12743566,0.14081271,0.19107782,0.08721505,0.11408485,0.14205679,0.0611492
1263,0.4227489,0.03113237,-0.00493828,0.33039882,-0.11336691,0.0062346,0.38613441,0.47170302,0.21289823,0.27539682,0.14532387,0.1766204,0.20914846,0.12571183,0.19038577,0.24522963,0.11953861,0.19596894,0.32200874,0.32426789,0.20950077,0.21805418,0.18562744,0.33237192,0.20364691,0.16780996,0.19621168,0.25376443,0.135542,0.15669415,0.18636867,0.10519462
1264,0.3431588,0.01298884,-0.01563805,0.25999146,-0.08777605,0.00336162,0.30044097,0.45802008,0.15336,0.2150661,0.09346813,0.12695078,0.16185519,0.07056981,0.14303005,0.19980115,0.07201187,0.14207315,0.24422849,0.25544002,0.14535427,0.16573964,0.14235982,0.26332382,0.14948696,0.12119348,0.13886094,0.19082528,0.08567523,0.1087981,0.14054671,0.05716296
1265,0.3137054,0.01918751,-0.02001476,0.24400484,-0.07802184,0.00254329,0.2424819,0.46602429,0.14730913,0.20068084,0.09907215,0.12213161,0.1560582,0.07105687,0.13779508,0.18596424,0.08078157,0.13803339,0.23218977,0.23924018,0.11393103,0.15380064,0.1334541,0.24668944,0.14395269,0.11841452,0.13536194,0.1787097,0.09149859,0.10886287,0.13850607,0.05938671
1266,0.2446367,0.0081349,-0.03954954,0.22252354,-0.07615045,0.00452331,0.2632465,0.44004557,0.13271996,0.18351171,0.08645366,0.11037961,0.14102245,0.06916608,0.12058918,0.16330653,0.06413308,0.12579772,0.21492723,0.21022891,0.12084967,0.13921379,0.11790524,0.22573394,0.13142752,0.10503056,0.12637628,0.17203937,0.08097887,0.09845815,0.12700955,0.05540846
1267,0.43825807,0.01737707,-0.00646755,0.26370991,-0.08929681,0.00548378,0.28005505,0.45174788,0.15058661,0.21144714,0.08829257,0.13067241,0.16939712,0.07383808,0.14528882,0.20109448,0.0765308,0.14207578,0.24215811,0.25825686,0.13213034,0.16228706,0.14620511,0.26135967,0.14530496,0.12769608,0.13438607,0.18705372,0.07956169,0.11551926,0.14797389,0.06300395
1268,0.25240012,0.01739645,-0.00356636,0.28626116,-0.0902622,0.00111155,0.29847288,0.50095282,0.17155918,0.23755642,0.10754172,0.13963478,0.18207214,0.07822292,0.15858658,0.22019192,0.0836186,0.15854618,0.26457495,0.28260183,0.14498847,0.18351036,0.15672808,0.28533462,0.15758928,0.1264974,0.1460692,0.20304868,0.08955633,0.11577649,0.15362598,0.05951083
1269,0.48992632,0.00343449,-0.03719549,0.22709089,-0.08252065,0.01124877,0.21075846,0.48511192,0.10665674,0.15835982,0.04731155,0.09001801,0.11688363,0.04473481,0.09322086,0.14183332,0.03157144,0.09396865,0.19035082,0.2090462,0.10412301,0.11193099,0.09958936,0.20248766,0.10390783,0.08589129,0.09679037,0.13723543,0.04392656,0.07510612,0.09793255,0.03445793
1270,0.4999942,0.00751877,-0.02285605,0.2922881,-0.09107508,-0.00102304,0.30888364,0.46223431,0.15940793,0.22667056,0.0961871,0.130294,0.16655713,0.07149142,0.14445011,0.20656871,0.07005543,0.14681057,0.25880353,0.27155385,0.15396106,0.16724961,0.14322439,0.27569802,0.15433725,0.12022275,0.14549082,0.20068531,0.08578295,0.1071516,0.14213634,0.05460723
1271,0.53400657,0.02737378,-0.04467017,0.30529102,-0.10559176,0.00676389,0.32018225,0.46831573,0.16937942,0.23506879,0.10393481,0.13639518,0.17084732,0.08317458,0.14834766,0.20523925,0.07793754,0.15390825,0.27997976,0.28624006,0.16411985,0.17226029,0.14157885,0.2884225,0.16037285,0.12730392,0.15442005,0.21037006,0.09186475,0.11809505,0.1498205,0.0663355
1272,0.33162395,0.02247369,0.02091776,0.28449987,-0.0888849,-0.00224817,0.3096494,0.51205409,0.15968962,0.21945432,0.10541665,0.12431008,0.15449015,0.0692272,0.14752468,0.20321136,0.07819893,0.14374148,0.25350915,0.27796378,0.14284535,0.17253954,0.1442263,0.2787423,0.15163734,0.11479348,0.13926796,0.18582567,0.09201059,0.10031364,0.13355802,0.05077858
1273,0.35255973,0.01680533,-0.02501493,0.24612613,-0.07842379,0.00541212,0.26535792,0.44763814,0.16218924,0.21900916,0.10764029,0.13575589,0.17223221,0.08567556,0.14936909,0.20018566,0.08733314,0.15266542,0.24231123,0.24333698,0.14146206,0.16960799,0.14683511,0.25526588,0.15565832,0.12866736,0.14734561,0.19723981,0.09706007,0.11993506,0.15206569,0.07024551
1274,0.41366587,0.01969832,-0.00572627,0.27212001,-0.09049383,0.00236817,0.30256346,0.47908076,0.16444266,0.22524522,0.10748932,0.13107561,0.1610689,0.0777792,0.14752299,0.19952857,0.08093856,0.15107373,0.2544458,0.26439477,0.14644974,0.1749239,0.14450282,0.27257229,0.16542372,0.12926058,0.15684106,0.20569254,0.10571088,0.11848115,0.14640806,0.06768573
1275,0.38970368,0.0165666,0.01844783,0.29021876,-0.09628002,0.00141457,0.31139768,0.51403147,0.15262092,0.21544639,0.08776303,0.12536758,0.15710432,0.06999558,0.14341573,0.20226768,0.06809831,0.13599881,0.25651976,0.28563996,0.14980277,0.16426294,0.14258175,0.27722684,0.14307871,0.11346379,0.13109893,0.18269823,0.07610248,0.10079961,0.13427746,0.05276182
1276,0.22546453,0.01700317,0.00711364,0.25836777,-0.0837399,8.287e-05,0.2638285,0.51062916,0.14766198,0.20631205,0.09697979,0.12437622,0.15053058,0.07304168,0.13635256,0.1908061,0.07461052,0.1341494,0.24448202,0.26116988,0.14582986,0.15689965,0.1386726,0.26106901,0.14153342,0.1170344,0.13115145,0.18017802,0.08728109,0.10546286,0.13609326,0.05574568
1277,0.40995665,0.03187928,0.00221401,0.31073714,-0.10345045,0.0002337,0.34942232,0.49464873,0.18667249,0.25093866,0.12339025,0.15130484,0.18594103,0.09291896,0.1722569,0.23007547,0.09911055,0.17114146,0.2974077,0.30887708,0.17639911,0.19637086,0.16586033,0.31724227,0.17579973,0.13988642,0.16480563,0.21682572,0.11045296,0.1268645,0.16024414,0.0729564
1278,0.59733995,0.01424857,-0.00665858,0.30715475,-0.10734788,0.00538733,0.33391583,0.49592113,0.15495161,0.21910698,0.0850472,0.1263629,0.1622634,0.0685137,0.14337735,0.20567473,0.06630749,0.13817284,0.26347444,0.29552018,0.15533295,0.16692076,0.14325416,0.28469795,0.14972353,0.11860082,0.1368212,0.19107112,0.07688511,0.10383111,0.13673592,0.05418799
1279,0.42066928,0.01092053,-0.00170312,0.24957651,-0.08500972,0.00133684,0.25892624,0.48137513,0.14157092,0.20169303,0.08642888,0.1134052,0.14510366,0.05795032,0.1288957,0.18239776,0.06436533,0.130206,0.2331335,0.24849397,0.11171913,0.15448939,0.1285625,0.25510761,0.14089978,0.11235602,0.13081166,0.17828987,0.08242375,0.10246874,0.13406836,0.04890648
1280,0.4811766,0.0095326,-0.02063063,0.27624787,-0.0916308,0.00016499,0.30489051,0.46375587,0.15818358,0.22198304,0.09579256,0.12433802,0.16195687,0.06877932,0.13856629,0.19717736,0.06509303,0.14397358,0.2421505,0.26170271,0.12892085,0.16754853,0.13642536,0.25724228,0.1519588,0.11621886,0.13970959,0.19706567,0.08310112,0.10853501,0.14326157,0.05417411
1281,0.44899364,0.01147316,-0.02089384,0.32984254,-0.10727804,0.00815367,0.3525903,0.4637681,0.22497924,0.28674944,0.16052415,0.18433561,0.22581337,0.12631604,0.20488503,0.26033354,0.13740961,0.21173074,0.3348056,0.33091166,0.20097041,0.23260486,0.1944548,0.34611683,0.21333656,0.17110729,0.20701564,0.25991164,0.1516648,0.1625712,0.19875422,0.10907906
1282,0.35401841,0.02706537,-0.00960926,0.28145326,-0.09044688,0.0043204,0.29930863,0.47615787,0.1571388,0.21583699,0.09763272,0.1314307,0.16536044,0.0816447,0.14591039,0.19853279,0.08061216,0.14643811,0.24631757,0.26147326,0.14051866,0.16330913,0.1427384,0.26124357,0.15180527,0.12616362,0.14283794,0.19156342,0.08792291,0.11516034,0.14605362,0.06654317
1283,0.35452427,0.02804428,-0.02053142,0.25848838,-0.08060779,0.00189085,0.2668126,0.50431808,0.16320554,0.2208525,0.11357275,0.12673227,0.1586642,0.07575931,0.14460596,0.19610792,0.08505844,0.15025524,0.24770177,0.25243285,0.13209339,0.17138082,0.13891563,0.26364687,0.15871242,0.12246865,0.1498085,0.19747429,0.10248199,0.11448443,0.14701707,0.06347425
1284,0.45868156,0.01123072,-0.03522915,0.25278898,-0.08527344,0.00544244,0.26594161,0.45862864,0.14413801,0.20262041,0.08913503,0.11793964,0.14950361,0.07048348,0.1268015,0.17640716,0.0648106,0.132956,0.2343582,0.23698972,0.13768161,0.14821432,0.12414713,0.24321971,0.13443644,0.10945001,0.13233227,0.17874026,0.07889156,0.10190248,0.12865318,0.0561935
1285,0.34687607,0.03273553,-0.0276049,0.29895959,-0.09328464,0.00784202,0.3042708,0.48036513,0.18932889,0.24769382,0.13580992,0.14998318,0.18633405,0.09813248,0.16566774,0.21785943,0.10392707,0.17667032,0.2760209,0.27805637,0.14691015,0.1970833,0.16022569,0.29087694,0.18660269,0.14788783,0.17989993,0.22888945,0.12742971,0.14063455,0.17030475,0.087901
1286,0.58529136,0.01750256,-0.01534075,0.3266562,-0.10871506,0.00560527,0.3467633,0.47391474,0.18586016,0.2545911,0.11308438,0.14788501,0.18525517,0.08925819,0.16286129,0.22383066,0.08112663,0.16711905,0.29280416,0.314422,0.17890402,0.19284115,0.15813732,0.3074619,0.17569326,0.13510126,0.16541282,0.22551354,0.09887421,0.12578929,0.15914516,0.07076771
1287,0.46015663,0.00769733,-0.00882837,0.28232937,-0.08989264,0.00278596,0.30190982,0.43743233,0.16870252,0.23037337,0.10807503,0.14528509,0.18349846,0.08552918,0.15932816,0.21583106,0.08884765,0.1593602,0.26095431,0.27012363,0.15057563,0.18002025,0.16193408,0.27992051,0.16564688,0.1422852,0.15465362,0.2095843,0.10163589,0.12642499,0.15925421,0.07341919
1288,0.24897786,0.02746244,-0.0300065,0.25012237,-0.07997376,0.00319525,0.26520877,0.46981536,0.16160769,0.21875355,0.11235001,0.13051859,0.16440933,0.07756981,0.14518398,0.19571343,0.08348994,0.15031439,0.24586145,0.24651113,0.13874309,0.16630222,0.1403838,0.25832088,0.15468916,0.12076959,0.14539391,0.19257901,0.09548064,0.11149066,0.1464385,0.06045599
1289,0.49417516,0.00260666,-0.0198609,0.29748725,-0.09716493,0.00505595,0.32888763,0.49466506,0.19819428,0.25911231,0.13769736,0.16336575,0.19433938,0.11004076,0.17848942,0.23364275,0.11123353,0.18299789,0.29101868,0.30042534,0.19267285,0.20713567,0.17631392,0.3042262,0.18865265,0.15140858,0.17955281,0.23174466,0.12856356,0.13963967,0.17086767,0.09103165
1290,0.42279077,0.01639779,-0.03406648,0.25581341,-0.0840491,0.00504959,0.26325871,0.46402786,0.13829573,0.19673276,0.08222977,0.11673359,0.15152528,0.06555462,0.12893625,0.18165467,0.0641852,0.12890732,0.22901098,0.24321443,0.12235038,0.14618856,0.12723574,0.24306434,0.13552889,0.11248575,0.12654426,0.17855653,0.07203009,0.10322774,0.13432666,0.05186679
1291,0.19690496,0.01415019,0.00637663,0.26367461,-0.08749585,-0.00062866,0.28599185,0.47726629,0.14261547,0.20250028,0.0853835,0.12239101,0.15585908,0.06844808,0.13683966,0.19373731,0.07101508,0.13270687,0.24040075,0.2590438,0.12506981,0.1531365,0.13558742,0.25912196,0.14111745,0.12070416,0.13118404,0.18417006,0.08038294,0.1091482,0.14274401,0.05517
1292,0.15688952,0.00536168,-0.01509275,0.19149069,-0.06585897,0.00417474,0.19024617,0.45065573,0.10136152,0.15494781,0.05185737,0.07482373,0.10475988,0.02883321,0.087083,0.13387801,0.02643044,0.0895641,0.16820345,0.1799876,0.0740672,0.10814929,0.08396355,0.18293727,0.10046259,0.07312267,0.09403379,0.13972947,0.04572234,0.06747232,0.09499793,0.0212522
1293,0.46769444,0.02345918,-0.02143644,0.2659416,-0.08650721,0.00432665,0.29067317,0.43550219,0.16408608,0.22123578,0.10634074,0.13225802,0.16599595,0.08067056,0.1460779,0.19771332,0.08014819,0.15247698,0.24405497,0.24999571,0.14346687,0.17187174,0.14357958,0.25826959,0.16828239,0.13522317,0.16082077,0.21046942,0.10622115,0.12492585,0.15080463,0.07632645
1294,0.54580809,0.00967131,-0.02136458,0.22117185,-0.07394075,0.00686581,0.2030812,0.45994372,0.11899602,0.17299761,0.06275192,0.09708082,0.12904245,0.04754182,0.10629562,0.15673015,0.04429572,0.10809539,0.19039336,0.2076732,0.09997623,0.12514411,0.10786982,0.2042992,0.12081209,0.09823576,0.11244312,0.15613136,0.05914155,0.0883584,0.11567265,0.04131145
1295,0.43712199,0.02554046,-0.00647178,0.29613462,-0.10249192,0.00361149,0.32145283,0.48400943,0.17375485,0.23422849,0.11528845,0.14484986,0.18017286,0.08988798,0.162897,0.21693279,0.0949354,0.16080848,0.28001845,0.29240336,0.16015384,0.18353365,0.15657114,0.29682485,0.16910738,0.13876164,0.15950875,0.21227772,0.10725098,0.12889088,0.15938,0.07620242
1296,0.57832742,0.02218278,-0.02012606,0.30455272,-0.09415929,0.00075412,0.31177467,0.50624339,0.17004316,0.23063001,0.11246868,0.1373611,0.17724942,0.08419881,0.15615188,0.21160714,0.09011341,0.15838322,0.26311681,0.28307055,0.15383874,0.17642909,0.14787564,0.27638123,0.16305292,0.12751841,0.15515374,0.20360021,0.09962318,0.11945976,0.15444211,0.06969285
1297,0.33005244,0.00715943,-0.02245864,0.22275896,-0.07090572,0.00301316,0.23369669,0.44591747,0.12599375,0.18357577,0.07701474,0.10713843,0.13914996,0.05518401,0.1198247,0.17113273,0.05936531,0.119505,0.20379517,0.21387815,0.10612974,0.13545384,0.12106178,0.22286022,0.12524728,0.10695906,0.11625378,0.16385519,0.07102102,0.09485651,0.12580631,0.04472108
1298,0.31545759,0.01329816,-0.01696879,0.31814229,-0.10038204,0.0074325,0.33303371,0.49748282,0.18589982,0.25112718,0.11672578,0.15152121,0.19036984,0.09524268,0.17144378,0.2335858,0.09567923,0.17121964,0.29512911,0.30756942,0.17996335,0.19713501,0.1660035,0.31225664,0.17022125,0.13587998,0.16241931,0.21930079,0.09920175,0.12697671,0.16179467,0.07464361
1299,0.32346342,0.02130081,-0.01290144,0.24599156,-0.07901916,0.00624249,0.25882244,0.44234153,0.14254374,0.20219766,0.08514759,0.12308054,0.16016836,0.06820861,0.13439865,0.18549179,0.06861613,0.1353981,0.22082678,0.2327023,0.11099354,0.15252494,0.13563351,0.23835894,0.14291684,0.12435818,0.13305095,0.18483079,0.07920451,0.11489329,0.14564379,0.06061058
1300,0.25854543,0.01713746,-0.00480213,0.28385842,-0.0905949,-0.0002711,0.31554104,0.48670959,0.16924564,0.23021622,0.11131545,0.14260948,0.18123165,0.08681131,0.1598217,0.21748816,0.09350789,0.15797165,0.27009268,0.28076849,0.15692871,0.18028711,0.15609778,0.28747413,0.16104392,0.13071886,0.15263525,0.2048606,0.09950668,0.12107464,0.15837853,0.06950675
1301,0.28887041,0.00440138,-0.01458247,0.24702738,-0.07993086,0.00509063,0.2651688,0.44063907,0.14449532,0.20281733,0.08866219,0.11710922,0.15139986,0.06620088,0.13186612,0.18607216,0.06556802,0.13244503,0.22240988,0.23564992,0.12950006,0.15099847,0.12731644,0.23560131,0.14357996,0.11386968,0.13590372,0.18727721,0.08205219,0.1050785,0.13380958,0.05590928
1302,0.349732,0.00903327,-0.00100624,0.26755881,-0.08228783,-0.00320309,0.27918914,0.51310388,0.15073574,0.21246311,0.09287353,0.11855463,0.15291909,0.06216898,0.13603142,0.19364528,0.06870583,0.137135,0.23953196,0.25894875,0.12937281,0.16232868,0.13493941,0.25970148,0.14155154,0.10933627,0.13099672,0.18030342,0.08028211,0.09862122,0.13069415,0.04712568
1303,0.38944412,0.02182336,0.00475477,0.29717406,-0.09309822,0.00180324,0.31923772,0.50425103,0.18233421,0.24537141,0.1212888,0.15721771,0.19434395,0.09956769,0.17117393,0.22985049,0.10157212,0.17168585,0.2833108,0.29723507,0.16444685,0.19570195,0.17397296,0.30392563,0.17614549,0.14974973,0.16490127,0.22073285,0.10971098,0.13859561,0.17467969,0.08502712
1304,0.46861608,0.01771581,0.00204458,0.286972,-0.08728403,0.00057459,0.29905312,0.48396008,0.17188047,0.23179573,0.11500111,0.13934884,0.17666244,0.08430179,0.15697678,0.2142003,0.08925812,0.15849747,0.25553702,0.27704175,0.15101939,0.18205138,0.15518988,0.27577047,0.16680295,0.13264602,0.15574274,0.20594765,0.10464999,0.12116061,0.15720652,0.07030462
1305,0.31406369,0.02362287,-0.00551535,0.26870024,-0.08722146,0.00530178,0.29676805,0.44161561,0.16646021,0.22391261,0.11447746,0.13916126,0.17292401,0.08600314,0.15446143,0.20621085,0.09034798,0.15812375,0.25379555,0.26069625,0.15255271,0.17632659,0.15067512,0.26770916,0.16851476,0.13705815,0.16165265,0.21161278,0.11127151,0.12670922,0.15805714,0.0768717
1306,0.23973572,0.0109808,-0.0211992,0.23676814,-0.0787316,0.00507958,0.27037619,0.44403722,0.1530397,0.21360493,0.09925094,0.12949229,0.16150176,0.07500592,0.14187797,0.19190628,0.07805113,0.14481138,0.2337203,0.23593664,0.12759215,0.16369765,0.14328982,0.25157428,0.1533367,0.12850868,0.14235326,0.19537923,0.09424255,0.11651076,0.14799324,0.06230035
1307,0.45845787,0.01242899,-0.01558268,0.26636419,-0.08727696,0.00614836,0.26204698,0.47743621,0.1486041,0.20225184,0.09326555,0.11863394,0.14932894,0.07104657,0.13295954,0.18458538,0.07212866,0.13398026,0.23523545,0.25130103,0.14048049,0.15619334,0.12919112,0.24889696,0.14889515,0.11695471,0.14275912,0.18696525,0.09225716,0.10651387,0.13484977,0.0624105
1308,0.49165814,0.02133782,-0.00766461,0.31131515,-0.1021914,0.00644312,0.34913499,0.46586842,0.16911141,0.23030835,0.10193229,0.13966566,0.17376478,0.09065914,0.15657355,0.21463766,0.08340109,0.1536792,0.27568527,0.29873658,0.17833252,0.17613386,0.14925721,0.28889817,0.16254516,0.13218577,0.15476558,0.20776699,0.09298353,0.12284243,0.15359534,0.07682911
1309,0.47435784,0.027201,-0.01098941,0.28519914,-0.09313047,0.00140626,0.29121356,0.50417896,0.14652071,0.20809263,0.08121518,0.1258449,0.16345694,0.07124005,0.13835399,0.19712095,0.06752799,0.13270241,0.23903113,0.26399347,0.14287757,0.15364744,0.13745842,0.25357988,0.14028907,0.12005891,0.13133583,0.18424471,0.07179733,0.10941588,0.1429599,0.05936445
1310,0.56121798,0.00902032,0.01056032,0.33180827,-0.10247689,0.0012301,0.35129973,0.51806599,0.20119568,0.26533102,0.1392965,0.17038228,0.20923997,0.11029351,0.1852591,0.25009929,0.11566295,0.18736239,0.31384607,0.33515956,0.19088766,0.21390068,0.18678414,0.33182646,0.18450236,0.15389836,0.17407667,0.23096116,0.12044921,0.14154586,0.18411922,0.08785438
1311,0.60411157,0.02760822,-0.01333601,0.31771812,-0.11026615,0.00547069,0.33887974,0.49739017,0.16954596,0.2366902,0.09494405,0.14787151,0.18671245,0.08769866,0.16134143,0.22478263,0.08215735,0.15749617,0.284813,0.31180337,0.17877141,0.18039916,0.16252351,0.30295765,0.16020139,0.13781534,0.14952037,0.20720924,0.08390508,0.12391497,0.15773213,0.07012966
1312,0.32893414,0.01009562,-0.04049528,0.21904568,-0.07326908,0.00366707,0.24776743,0.44094162,0.13080105,0.18974045,0.07811021,0.09759391,0.12598753,0.04742067,0.10847199,0.15864398,0.04351012,0.11789782,0.19762294,0.20222457,0.10484935,0.13912578,0.1087423,0.21316167,0.13215938,0.09627121,0.12366351,0.17301628,0.07166943,0.08549646,0.11409784,0.03662477
1313,0.48128975,0.00753928,-0.02946381,0.29045588,-0.09542229,0.00501936,0.33360066,0.44505302,0.17683492,0.23589105,0.11964487,0.14528283,0.17985809,0.0949294,0.16175582,0.21513974,0.09495491,0.16405549,0.2801684,0.27998153,0.17325272,0.18589189,0.15716953,0.29443126,0.16914087,0.1354638,0.16197934,0.21272239,0.11077643,0.12480932,0.15496596,0.07934673
1314,0.37624684,0.03304331,-0.02187879,0.27497142,-0.09658683,0.0043862,0.31559948,0.47747394,0.16513721,0.22322936,0.10974287,0.13482694,0.16399979,0.08566139,0.14739785,0.20027332,0.08109,0.15211991,0.26370095,0.27371431,0.15330902,0.17218715,0.14435459,0.27743105,0.16122155,0.129412,0.1533869,0.20383189,0.100583,0.11856669,0.14624135,0.06786646
1315,0.19128616,0.01892368,-0.00884119,0.23668935,-0.07761568,0.00462819,0.25166192,0.44575687,0.14594094,0.20477511,0.09385467,0.12399625,0.15913773,0.06883343,0.13793498,0.18863526,0.07527679,0.13870563,0.22757402,0.23245266,0.11071911,0.1582081,0.13871148,0.24845959,0.14192173,0.12227167,0.13296848,0.18559249,0.08564221,0.1119369,0.14467282,0.05662401
1316,0.49417639,0.00336329,-0.01832712,0.26316638,-0.08644163,0.00384127,0.27989708,0.46909825,0.13507072,0.19786292,0.07678605,0.10923515,0.14177608,0.05501669,0.12280843,0.18096415,0.05261593,0.12300047,0.22300254,0.24782203,0.11087819,0.14535953,0.12273762,0.24253167,0.13078763,0.10540915,0.12076618,0.17355453,0.06623896,0.09533799,0.12541039,0.04243893
1317,0.31290321,0.0152447,-0.01245768,0.25318184,-0.07920664,0.00159425,0.25654844,0.45694475,0.15373418,0.21441755,0.09811308,0.12383952,0.16161042,0.06548447,0.13933634,0.19108613,0.07197609,0.14258712,0.23490635,0.24515829,0.12143524,0.16409892,0.13745198,0.25298955,0.14598252,0.1162355,0.13691124,0.187776,0.08680778,0.10731766,0.14107493,0.05309031
1318,0.33924657,0.01755522,-0.01186321,0.23350711,-0.08151624,0.00428493,0.23101579,0.4730458,0.12489031,0.18457192,0.06468145,0.10091702,0.13907921,0.04621058,0.11599088,0.16879229,0.04961246,0.11356985,0.20580746,0.22503168,0.08900402,0.1350575,0.11441626,0.22428145,0.12723116,0.10417834,0.11631366,0.16651406,0.06021691,0.09558892,0.12589328,0.04290143
1319,0.62773452,0.02082658,-0.00958895,0.31059506,-0.10417826,0.00484678,0.31888564,0.49245244,0.19426192,0.25632431,0.13303983,0.16495152,0.20537814,0.1074751,0.17756489,0.23564158,0.11146534,0.18326971,0.2949489,0.30785182,0.16626829,0.20453707,0.17815227,0.31112793,0.18792305,0.15846687,0.17653737,0.23162337,0.1223823,0.14998276,0.18519928,0.09502036
1320,0.23311202,0.01509636,-0.01261816,0.24087327,-0.07802231,0.00164083,0.25807802,0.44553489,0.13788072,0.19861586,0.0845871,0.11492432,0.15153683,0.05816346,0.13094367,0.18296393,0.06336059,0.12940148,0.22315661,0.23492329,0.11444233,0.15019231,0.13094024,0.24354529,0.1361889,0.11207902,0.1247044,0.17460742,0.07603583,0.10148771,0.13065699,0.04861837
1321,0.25568203,0.02984977,-0.00880597,0.2665867,-0.08838012,0.00446804,0.2964243,0.44753021,0.16378407,0.22652144,0.10339138,0.13634638,0.16776389,0.0820913,0.15023693,0.20274228,0.08162788,0.15302897,0.25117269,0.2592744,0.14387722,0.17228559,0.14845739,0.26857092,0.15728216,0.13034755,0.14799339,0.20122255,0.09081247,0.11755184,0.14775451,0.06286062
1322,0.39312539,0.02969846,0.01206978,0.27025875,-0.0882498,0.00379288,0.28687923,0.50836809,0.14427274,0.19894889,0.08891393,0.12047984,0.14568723,0.07417916,0.13739097,0.18743857,0.07537282,0.1305531,0.25494027,0.2685141,0.15883207,0.15285501,0.13272987,0.27050092,0.13675605,0.11303599,0.12893634,0.17413944,0.07833177,0.10245065,0.1288037,0.05900603
1323,0.39348968,0.00531566,-0.01602135,0.24389651,-0.08235001,0.00391464,0.25551777,0.47923548,0.12326509,0.18080893,0.07129623,0.10210497,0.12540473,0.05368441,0.11283837,0.16295806,0.05094888,0.11049605,0.21671429,0.23506042,0.12069028,0.13244085,0.11471106,0.23543543,0.12082066,0.09718977,0.11285027,0.15855193,0.06461381,0.08537676,0.11212246,0.03906073
1324,0.32374941,0.00232628,0.00826307,0.27997057,-0.09035307,0.00139991,0.30206096,0.52264545,0.16415048,0.22391817,0.10889978,0.13882086,0.17326085,0.08453216,0.15303207,0.20948988,0.08844011,0.15178373,0.26081384,0.28092263,0.1502755,0.1776871,0.15526428,0.28225209,0.15439453,0.12876998,0.14538031,0.19579491,0.09935764,0.1193111,0.15389491,0.06882304
1325,0.35560109,0.00857586,0.0073716,0.24897758,-0.07620068,0.00081541,0.25399839,0.46367765,0.14348496,0.20370257,0.08714866,0.12173756,0.15627694,0.06451104,0.13676645,0.19310252,0.07078452,0.13464554,0.22871699,0.24870326,0.12131396,0.15606921,0.13923018,0.24964158,0.13855713,0.11699623,0.12645651,0.17707738,0.07531458,0.10446394,0.13868755,0.05164235
1326,0.31499015,0.01701771,-0.01254402,0.24530495,-0.07530745,0.00338014,0.25961378,0.43770146,0.16061509,0.21655274,0.11091559,0.1343452,0.16599357,0.08154667,0.14479917,0.19207462,0.08321493,0.15191154,0.23779568,0.24335404,0.13444728,0.16929525,0.14718764,0.25429761,0.15320161,0.12795915,0.14425566,0.18906738,0.0983226,0.11655464,0.14493695,0.0653221
1327,0.27606672,0.01878425,-0.00674448,0.24323248,-0.08096894,0.00269804,0.25404422,0.46551079,0.13366323,0.18932211,0.07719933,0.11006128,0.14174587,0.05817663,0.12419537,0.17356103,0.06088711,0.12386043,0.2153462,0.23588636,0.10962228,0.14403056,0.12383108,0.23461457,0.1335963,0.10921917,0.12334467,0.16949542,0.07314162,0.09978879,0.12684585,0.04947209
1328,0.45901375,0.01104136,-0.0009301,0.28821414,-0.10042332,0.00508807,0.31461148,0.48463739,0.1500753,0.2183443,0.0784032,0.12533496,0.15542923,0.06569433,0.13813468,0.19980224,0.0600115,0.13759155,0.25869782,0.2777612,0.15140299,0.16295886,0.14147066,0.27994609,0.14295275,0.11797372,0.13300407,0.18949812,0.07036823,0.10228208,0.13389128,0.04731304
1329,0.38265987,0.00337254,-0.02199222,0.2436451,-0.08107318,0.00734721,0.25124838,0.47089791,0.1523911,0.2089558,0.09501024,0.12684208,0.15918528,0.07520838,0.13362151,0.18492638,0.07121162,0.14480579,0.22898437,0.23778618,0.12254139,0.16253524,0.13879225,0.24577994,0.14871194,0.12646808,0.14174088,0.19255433,0.09086072,0.11742738,0.1456647,0.06479808
1330,0.48698571,0.02388473,-0.01729842,0.2663619,-0.09438706,0.00485417,0.27925745,0.47056392,0.13806749,0.19937602,0.07816264,0.11837123,0.15162439,0.06298906,0.13224547,0.18613453,0.06296222,0.1290427,0.23771948,0.25610276,0.12605299,0.14812606,0.13203609,0.25713872,0.13728944,0.11677147,0.12622929,0.17523097,0.07417197,0.10442663,0.13178159,0.0521793
1331,0.38158436,0.01793836,-0.00369753,0.26351394,-0.08384389,0.001939,0.29084875,0.45354645,0.16054028,0.22399705,0.10454461,0.13133699,0.16447838,0.07342945,0.14819421,0.20431942,0.07947546,0.15043322,0.24344874,0.2544954,0.13648801,0.17293375,0.1485901,0.26555295,0.16081941,0.13055619,0.14948266,0.2011081,0.09912291,0.11589978,0.14861018,0.06081768
1332,0.53565509,0.02672655,-0.00655263,0.28435398,-0.09003237,-0.00144106,0.28264962,0.49485664,0.15635541,0.21828689,0.09382914,0.11878334,0.15592253,0.06239886,0.13741089,0.19541644,0.06662057,0.1392539,0.24241387,0.26637126,0.13262636,0.16653524,0.13381023,0.26227873,0.15140855,0.11209464,0.14042788,0.19117722,0.08408233,0.10135212,0.13436508,0.05007465
1333,0.35868244,0.0192102,0.00602004,0.25084386,-0.08033934,0.00301966,0.26000221,0.4471913,0.14235745,0.20252066,0.08700424,0.12327897,0.15891649,0.06749644,0.13700489,0.19058413,0.07069054,0.13576621,0.22134198,0.23960683,0.12099795,0.15485961,0.1393619,0.24212858,0.14316499,0.12432588,0.13277702,0.18396205,0.08395875,0.11203879,0.14155925,0.05918369
1334,0.51526831,0.02342803,-0.00190277,0.30998048,-0.10740408,0.00350037,0.33890175,0.50782988,0.17812219,0.23813854,0.11461537,0.1437829,0.17965774,0.08936226,0.16119648,0.21902247,0.0907394,0.16041475,0.287952,0.30790816,0.16926639,0.18802532,0.15706264,0.30357496,0.17005925,0.13574931,0.15790892,0.20876804,0.10512586,0.12583165,0.15793387,0.0763366
1335,0.26873586,0.01030861,-0.02500036,0.24490627,-0.07547966,0.0059727,0.23292552,0.46479838,0.15460029,0.21347262,0.10260058,0.1193298,0.15272703,0.06253362,0.13369739,0.18630961,0.0701307,0.14295753,0.22948173,0.23749234,0.11492629,0.162159,0.13088694,0.24362508,0.15206836,0.11595262,0.14360849,0.1932779,0.09527368,0.10576422,0.13668567,0.05108913
1336,0.49663384,0.02312876,-0.01560201,0.31528948,-0.1044914,0.00720402,0.32328276,0.47673387,0.19507587,0.25860946,0.12829484,0.1627119,0.19850218,0.10732706,0.17631571,0.23413045,0.10585547,0.18189673,0.29997587,0.31186139,0.1847269,0.2029362,0.17368474,0.31344184,0.19029623,0.15624809,0.18075123,0.23571844,0.12039432,0.14545653,0.17716835,0.09333586
1337,0.34556623,0.01197736,-0.01097763,0.2423124,-0.08162897,0.00303183,0.25158425,0.47677057,0.11737273,0.18001052,0.05793175,0.0973585,0.12862825,0.04538846,0.11063352,0.16638827,0.03880126,0.10652212,0.20481289,0.22795121,0.11398273,0.12749285,0.11094742,0.22497885,0.11476716,0.09211021,0.10691593,0.15834614,0.05294105,0.08059899,0.10846984,0.03246185
1338,0.50857894,-0.00168521,-0.02591702,0.27038156,-0.09063371,0.00693457,0.28413008,0.47731554,0.15199013,0.21303865,0.09078188,0.12746127,0.16306973,0.07210024,0.13797043,0.19501582,0.06992361,0.14196381,0.24113353,0.26175619,0.13169142,0.1626137,0.14135611,0.25860451,0.14938376,0.12171735,0.13815826,0.19065201,0.08324362,0.11180922,0.14407597,0.05881543
1339,0.2740797,0.01464061,-0.01359475,0.25906963,-0.08205995,0.00345751,0.28053831,0.46479069,0.14943995,0.21118025,0.09696284,0.12652127,0.15737736,0.0738096,0.13990187,0.19533324,0.07542267,0.1396968,0.24151459,0.25087151,0.13649305,0.15809561,0.13892376,0.25717998,0.14836998,0.12362955,0.13976531,0.1926948,0.08825397,0.11199073,0.14495462,0.06055257
1340,0.33584954,-0.00530667,-0.04166572,0.24424072,-0.07979415,0.00298112,0.24177579,0.46173552,0.13642913,0.19254485,0.08795693,0.10361542,0.13449069,0.05755418,0.11497198,0.16395028,0.0562303,0.12244351,0.20887253,0.21831746,0.10959563,0.13962699,0.11035132,0.21774792,0.137233,0.0989905,0.12973149,0.17772307,0.08367946,0.0918065,0.12024792,0.04524538
1341,0.31646971,0.02439658,-0.01307506,0.28809071,-0.09247952,0.00016562,0.30472508,0.47786549,0.18988677,0.24954769,0.12966021,0.14824387,0.18274791,0.09237642,0.16757775,0.22060849,0.10200622,0.17600419,0.2828184,0.28410432,0.1607147,0.19846272,0.15936501,0.29668883,0.18424395,0.14150989,0.17675881,0.22809361,0.12179359,0.13338697,0.16407184,0.07873068
1342,0.22780211,0.0224918,0.00672495,0.27924271,-0.09028015,-8.259e-05,0.31795157,0.46874173,0.16466552,0.22879569,0.11424173,0.13733361,0.1687873,0.07816323,0.15650992,0.21301822,0.0903908,0.1554507,0.27002791,0.27660365,0.14957378,0.17921218,0.15465411,0.29415109,0.1603752,0.13342354,0.15132987,0.20525944,0.10510324,0.11944264,0.15511767,0.06429484
1343,0.40048364,0.00931865,-0.01648554,0.23745401,-0.08108943,0.00077468,0.26152901,0.46510876,0.12716156,0.18650993,0.07332825,0.0961734,0.12573863,0.04638858,0.11210676,0.16383019,0.04630185,0.11156742,0.21355273,0.22628881,0.10865167,0.13706686,0.11006755,0.23341124,0.12297639,0.09179676,0.11270989,0.16001353,0.0629195,0.0819249,0.10979946,0.03311995
1344,0.32541058,0.024743,-0.03343879,0.29103362,-0.09437114,0.00347368,0.32782313,0.48277399,0.18736953,0.24540992,0.13274613,0.14689316,0.18389885,0.10145593,0.16459877,0.21492431,0.10646074,0.17199661,0.27498247,0.2823003,0.1577829,0.19132326,0.15302874,0.28486563,0.18376931,0.14340342,0.17536086,0.22551691,0.12227054,0.1392079,0.17163892,0.08950058
1345,0.4449352,0.00389169,-0.03247244,0.28510195,-0.09274444,0.00478786,0.3141744,0.46434428,0.16736125,0.22877185,0.10920913,0.13043844,0.16175441,0.07738676,0.14379994,0.20161586,0.07622209,0.15020538,0.26767705,0.27490513,0.15845864,0.17500545,0.14163425,0.28183785,0.15946883,0.12009798,0.15003464,0.20326284,0.09558647,0.10968703,0.14374473,0.05957963
1346,0.43277026,0.01032382,-0.01951099,0.2951047,-0.09428423,0.00216157,0.31166094,0.4747026,0.17440641,0.23903497,0.1125117,0.15351208,0.19053516,0.09472217,0.16473937,0.22324979,0.09616782,0.16569976,0.28197787,0.29349324,0.18165649,0.18443651,0.16682974,0.29669358,0.16299403,0.13924992,0.15514717,0.20914898,0.09881045,0.12639719,0.16493801,0.07343905
1347,0.38664523,0.01212628,-0.00057346,0.28404006,-0.08722945,0.00057813,0.30139145,0.46376854,0.17478448,0.23616957,0.12277134,0.14091203,0.17735067,0.08299945,0.16091043,0.21731832,0.09452649,0.16195876,0.25686342,0.27350965,0.15385283,0.18707602,0.15798733,0.27776407,0.17077918,0.13533862,0.15953962,0.21105767,0.11401441,0.12278114,0.15730781,0.07110176
1348,0.47233781,0.01926963,-0.01490037,0.31393416,-0.10044586,0.00136254,0.33985765,0.47597489,0.18270755,0.25012267,0.11326758,0.15209327,0.19365205,0.09408676,0.1706631,0.23139817,0.09343002,0.17004675,0.28555447,0.30269359,0.17284997,0.19271944,0.16509734,0.30174973,0.17519715,0.14264898,0.16467072,0.22499993,0.10133348,0.133222,0.17011385,0.07931973
1349,0.33037633,0.01229211,0.00877099,0.29201012,-0.09322855,0.00254661,0.31208275,0.47719134,0.19129934,0.25033357,0.12947307,0.15963577,0.19524944,0.10466933,0.17536729,0.23103004,0.10736348,0.17749242,0.28184581,0.29792066,0.1723637,0.20181071,0.17562618,0.29988642,0.18590105,0.15381724,0.17415797,0.22336614,0.12323329,0.14191748,0.17446545,0.09150243
1350,0.36090913,0.00225505,-0.03689665,0.25316872,-0.08658226,0.00627936,0.27950149,0.45435408,0.16452922,0.2199213,0.11206634,0.13063926,0.16643272,0.0805322,0.14397457,0.19432976,0.08495854,0.15328104,0.25219488,0.24588677,0.13177377,0.1733954,0.14115127,0.26610994,0.1559065,0.12431796,0.15004351,0.19963498,0.10145124,0.11642353,0.14833564,0.06547584
1351,0.29313146,0.01725988,0.00143043,0.246448,-0.07821176,-0.00164312,0.25841729,0.47896133,0.13603331,0.19497836,0.08499224,0.10825349,0.13531657,0.05549867,0.12594869,0.17778245,0.06311034,0.12348107,0.22441905,0.23757133,0.1137049,0.14798763,0.12510634,0.24718968,0.13428787,0.10529445,0.12350262,0.16939566,0.07578403,0.09147165,0.12146417,0.04155941
1352,0.39801835,-0.00879626,-0.02162328,0.26023906,-0.08555581,0.00132364,0.2686462,0.4978542,0.1609956,0.21614428,0.10597997,0.1185899,0.14661132,0.07046303,0.1349561,0.18644749,0.07183015,0.14219925,0.24494854,0.25653456,0.14026021,0.1690594,0.1310692,0.25851733,0.14893477,0.10517398,0.13999363,0.18713455,0.09406924,0.09628311,0.12568554,0.05047773
1353,0.56419536,0.02689887,-0.03384872,0.26008544,-0.09032315,0.00673468,0.23926841,0.51138951,0.1283207,0.18497592,0.06747361,0.10765209,0.14284636,0.0579393,0.11661257,0.16841111,0.05338515,0.11743581,0.21910279,0.24565861,0.11002934,0.13531776,0.11703781,0.23395666,0.12520512,0.10648556,0.11684706,0.16441818,0.06087683,0.09981457,0.12588896,0.05044938
1354,0.59920025,0.0104006,-0.02475656,0.27232531,-0.09508464,0.00707229,0.2769682,0.47408598,0.12968023,0.19097809,0.06733223,0.11102203,0.1404516,0.05943688,0.12055596,0.17698761,0.05373902,0.11787885,0.22955806,0.25382967,0.13836138,0.13781944,0.12301605,0.24564471,0.12708638,0.1078616,0.1199097,0.16829488,0.06339777,0.09409405,0.1201201,0.04708695
1355,0.32174408,0.02026,0.00013948,0.25096698,-0.08154725,0.00504049,0.25473771,0.46527789,0.12587962,0.18093465,0.07427156,0.10420992,0.13161639,0.05500462,0.11905887,0.16684575,0.0582912,0.11447825,0.22616822,0.23849196,0.11091917,0.13636455,0.11810838,0.24533335,0.12288437,0.10234691,0.11460473,0.15810875,0.06626122,0.09162644,0.11751839,0.04509942
1356,0.36417048,0.02691407,-0.02976241,0.3043476,-0.09774907,0.00346165,0.30325434,0.45896313,0.19770533,0.25764975,0.13639252,0.16120033,0.1974585,0.10907577,0.17669873,0.23123257,0.10800925,0.18359236,0.29239458,0.29043285,0.18909883,0.20225032,0.16841541,0.30056536,0.1914224,0.15489819,0.18656358,0.23979009,0.12910145,0.14625486,0.17724102,0.09566123
1357,0.34391046,0.01383101,0.00559981,0.28020963,-0.08526148,-0.0015832,0.29909675,0.45933524,0.15839859,0.22720722,0.0951064,0.13594586,0.17020973,0.07565797,0.15105742,0.20959017,0.07556339,0.14801075,0.26051991,0.27726887,0.155924,0.17114563,0.15215664,0.28199728,0.14799159,0.12648052,0.13868588,0.19605593,0.08412082,0.11406878,0.14934483,0.05839644
1358,0.3921125,0.02098203,-0.0160468,0.25816678,-0.08350359,0.00345017,0.27897481,0.4621407,0.14719472,0.20665694,0.0874492,0.12498681,0.1600317,0.07012008,0.13863668,0.19370793,0.07102159,0.13757681,0.23926161,0.248497,0.14026507,0.15461213,0.13592639,0.25327563,0.14096514,0.11704523,0.13344779,0.18538542,0.0772593,0.10570261,0.14006012,0.05395761
1359,0.33565302,0.0157404,-0.0387789,0.27042215,-0.08609985,0.00849373,0.26409316,0.46190967,0.17894155,0.23947421,0.11410601,0.13950909,0.17521657,0.08587939,0.14814089,0.20104549,0.08286278,0.16403674,0.26389373,0.26357353,0.15413736,0.18627539,0.14841776,0.27668298,0.17053853,0.13174339,0.16668504,0.21756794,0.10358128,0.12496299,0.15555011,0.07243328
1360,0.40832523,0.02737233,0.00822575,0.29535831,-0.09712505,0.00094428,0.31613285,0.46236857,0.17482319,0.23935455,0.11499938,0.14419392,0.18127619,0.08245867,0.16413388,0.22223255,0.09272047,0.16307786,0.27662196,0.29038194,0.14890043,0.1867193,0.15913564,0.29720158,0.16943289,0.13955323,0.15907152,0.21346611,0.10616564,0.12746852,0.16152662,0.06913153
1361,0.49498174,0.01667346,-0.04106095,0.29575833,-0.09948328,0.00513098,0.32986191,0.44673061,0.18704313,0.24595556,0.13175235,0.14974577,0.18674881,0.09771498,0.16465082,0.21799141,0.10148081,0.17231286,0.28249405,0.27963326,0.16673405,0.19232032,0.15814485,0.29383261,0.18313403,0.1467684,0.17601079,0.2298377,0.1240393,0.13616064,0.16823283,0.08563376
1362,0.3838613,0.00123953,-0.04069577,0.25011805,-0.08211305,0.00562827,0.25764534,0.4882954,0.13918945,0.19914365,0.08313677,0.11086077,0.1428594,0.05789327,0.12044705,0.17557383,0.05300643,0.1255705,0.23165595,0.2414095,0.12651845,0.14581316,0.12112917,0.24540125,0.12939468,0.09787669,0.12042403,0.17167829,0.06855693,0.08836319,0.12369483,0.04006237
1363,0.29725319,0.02794424,0.00809877,0.26540635,-0.08690615,0.0016615,0.27845432,0.47390558,0.13976084,0.20101805,0.08227082,0.11164097,0.14189061,0.05627305,0.12990411,0.18375483,0.06275443,0.12677188,0.23454375,0.25561163,0.12259621,0.15028046,0.12604172,0.25461178,0.13589306,0.10633335,0.1244784,0.17432989,0.07349721,0.09503162,0.126187,0.04316917
1364,0.43650391,0.00087275,-0.02688682,0.25723032,-0.08938756,0.00595858,0.27645663,0.47595528,0.14055989,0.19921375,0.07896696,0.11064818,0.14294429,0.06294874,0.12389372,0.17666671,0.05638751,0.12684492,0.22993461,0.24652116,0.1258161,0.14721453,0.12021666,0.24279945,0.13706521,0.10310916,0.12909562,0.17987892,0.07271147,0.09585953,0.12333678,0.05004493
1365,0.49093987,0.00203068,-0.04843931,0.23058355,-0.07764566,0.00760401,0.23452383,0.43730547,0.11754413,0.17550725,0.06186448,0.10561552,0.1384528,0.05438458,0.11171615,0.16208579,0.0505796,0.11115639,0.20672409,0.21693391,0.11978616,0.12520893,0.11406564,0.21783214,0.11256736,0.10147254,0.10821707,0.15818976,0.0553467,0.0913566,0.12029574,0.04203821
1366,0.43956403,0.01333869,-0.00895997,0.30391689,-0.09836302,0.00640694,0.31808378,0.5038208,0.18796615,0.24794772,0.1261766,0.15258721,0.18743134,0.09890274,0.16870993,0.22365568,0.10335194,0.17265814,0.28653143,0.30057344,0.16810634,0.19842685,0.16503639,0.302976,0.17917511,0.14401761,0.17011991,0.2229411,0.11520688,0.135722,0.16982054,0.08286087
1367,0.14286728,0.02129216,-0.00211075,0.25013074,-0.08062432,0.00274811,0.27970138,0.44507877,0.14836925,0.20544761,0.09336766,0.1306409,0.15975181,0.08093447,0.13996795,0.19001545,0.07689628,0.13955931,0.24077471,0.24379548,0.13756877,0.15708712,0.14194846,0.25463821,0.1484565,0.13083965,0.14071649,0.18981213,0.08894934,0.11927569,0.14710347,0.07014481
1368,0.32988155,0.01990886,-0.02997705,0.25359857,-0.08139514,0.00425563,0.28100675,0.49423247,0.14266571,0.19977507,0.09065614,0.12021313,0.14872297,0.07211617,0.12869811,0.17941295,0.06572169,0.13332363,0.23640062,0.24900724,0.14353749,0.14760108,0.12755503,0.24642436,0.13647779,0.10974431,0.12921401,0.17854585,0.08078152,0.10277276,0.13302148,0.05390456
1369,0.37186225,0.01557816,0.00707591,0.31193038,-0.09935278,-0.00225266,0.34851689,0.49577576,0.19432186,0.26214999,0.128021,0.15570646,0.1934601,0.09357617,0.17611982,0.2391927,0.10014352,0.17798036,0.29177089,0.31314975,0.181065,0.20708707,0.17268128,0.31213264,0.18208311,0.14040739,0.16880463,0.22811632,0.11114742,0.12932627,0.1680921,0.07234614
1370,0.39298478,0.01315547,-0.0194529,0.2722377,-0.08932084,0.00718955,0.29986712,0.45843935,0.17126132,0.22723003,0.1159487,0.14541153,0.17991406,0.09346447,0.15572274,0.20660087,0.09366418,0.16184997,0.259289,0.26644192,0.14371042,0.17861967,0.15674828,0.27350051,0.16860236,0.14149788,0.15869108,0.20721037,0.10911615,0.13061074,0.1600795,0.0796562
1371,0.47586022,-0.000113,-0.0357078,0.30804583,-0.11030684,0.00973921,0.3561367,0.46566343,0.1784704,0.23893976,0.1113809,0.14326803,0.17675092,0.08975723,0.15451155,0.21430222,0.08218957,0.16067688,0.29046283,0.29924309,0.1727166,0.18327788,0.15235777,0.30223205,0.16842063,0.1331415,0.15970055,0.21253188,0.10110138,0.11996979,0.1516875,0.06933758
1372,0.41828663,0.00929672,-0.00577509,0.24690831,-0.08831961,0.00299495,0.27712287,0.46564547,0.12610026,0.18821252,0.06190432,0.10051881,0.13911576,0.0448129,0.11805137,0.17540581,0.04418822,0.11484247,0.20654935,0.23390328,0.09850618,0.1387862,0.11610716,0.22803289,0.12537996,0.09952254,0.11278043,0.16793688,0.05553138,0.09068167,0.12232564,0.03668942
1373,0.52610438,0.02074643,-0.00697459,0.32622188,-0.11429878,0.00701192,0.38567852,0.48551814,0.20374281,0.26637331,0.14132956,0.16217712,0.19271281,0.11083284,0.18041173,0.23598852,0.10848309,0.18326731,0.31355255,0.3274564,0.19212571,0.21414674,0.17604414,0.33260725,0.19219169,0.15190607,0.18123171,0.233167,0.12831891,0.13971342,0.16865685,0.09016301
1374,0.42852932,0.01260986,-0.02189856,0.25205156,-0.08492039,0.00354108,0.26486067,0.44887928,0.15889855,0.21436781,0.10440508,0.12037625,0.15468371,0.07150575,0.13987422,0.18661937,0.07594397,0.14332336,0.23408933,0.24544339,0.13198675,0.16376465,0.12752462,0.243592,0.15781431,0.11844785,0.15068456,0.19916696,0.10114696,0.11250283,0.14188134,0.06433315
1375,0.3280116,0.02545799,-0.01554807,0.25409023,-0.08407311,0.00229452,0.28131029,0.46293042,0.16197658,0.22060764,0.10484252,0.13715663,0.17404831,0.08477996,0.1504518,0.20096545,0.0864079,0.15273519,0.2434518,0.25150749,0.13595608,0.1689975,0.14799141,0.2579273,0.16296567,0.13705399,0.15314643,0.20478229,0.09921729,0.127157,0.1611308,0.07424316
1376,0.48972019,-0.0067309,-0.03161737,0.23465987,-0.08252866,0.00715977,0.22576707,0.45856593,0.1218144,0.18161669,0.05809698,0.10449945,0.13639321,0.05093463,0.11331472,0.16707411,0.04418092,0.11070757,0.20609742,0.22736041,0.11043244,0.1313823,0.11767205,0.22330115,0.11691733,0.10011027,0.10718898,0.15779191,0.05068592,0.08842322,0.11535888,0.03959182
1377,0.44453705,0.03378064,-0.00194716,0.30606986,-0.10007794,0.00193605,0.32910849,0.47604757,0.18661581,0.24767798,0.12933176,0.15358333,0.18990302,0.09756693,0.17227618,0.22755116,0.10582096,0.1734091,0.29359114,0.29757199,0.16429887,0.19693888,0.16634651,0.30968328,0.17811719,0.14669114,0.17021073,0.22405147,0.11676475,0.1376787,0.17184144,0.08463881
1378,0.47940504,0.02371935,-0.01895827,0.29006562,-0.09371671,0.00336407,0.30007345,0.49028915,0.17251192,0.23551533,0.11006414,0.13971539,0.18389631,0.08164137,0.15850335,0.2152356,0.08887379,0.16086763,0.26006615,0.27970952,0.13841504,0.1818695,0.15274291,0.27803314,0.16515162,0.13171424,0.1549124,0.20929604,0.09751456,0.12465389,0.16058918,0.06850517
1379,0.3680502,0.01943348,-0.01457899,0.26830958,-0.0889019,0.00565852,0.28015959,0.45706563,0.16493789,0.22136965,0.10927394,0.13728435,0.16591261,0.08672464,0.15123947,0.20266887,0.08922021,0.15370854,0.26527347,0.26615967,0.16570061,0.17087601,0.14644807,0.27534116,0.16215638,0.13210293,0.15619016,0.20529117,0.10474708,0.12118629,0.14860552,0.07399394
1380,0.34789144,0.02475897,0.011745,0.28106402,-0.09201828,-0.0019759,0.29761829,0.505743,0.15767782,0.22320255,0.10123603,0.13400849,0.16612194,0.0743371,0.15109852,0.20983553,0.08132171,0.14692312,0.26127042,0.28053257,0.14525381,0.17216418,0.15380012,0.28564024,0.15210483,0.12618471,0.13917277,0.19333803,0.08882621,0.11074178,0.14765793,0.0559501
1381,0.35659126,0.02233596,-0.00488152,0.26670513,-0.09190472,0.00120387,0.28194283,0.48474195,0.12698058,0.19199221,0.05985375,0.10830737,0.14999567,0.04994063,0.12414266,0.18197387,0.04979618,0.11882708,0.2221851,0.24994156,0.10775354,0.13855409,0.12349693,0.24339244,0.1223068,0.1037292,0.1110139,0.16553698,0.05016473,0.09259296,0.12569653,0.03836457
1382,0.3368952,0.00996622,-0.0005028,0.25535137,-0.0774613,0.00039684,0.25936245,0.4720861,0.13864086,0.19694251,0.08410948,0.10887191,0.13843077,0.05580957,0.1238921,0.17863975,0.05662695,0.12524564,0.22923943,0.242573,0.13499565,0.14918616,0.12377399,0.24771611,0.13438467,0.10321345,0.12675735,0.17431814,0.07558909,0.09049346,0.12061909,0.043315
1383,0.28974856,0.00787225,-0.03566785,0.25447839,-0.07737314,0.00420735,0.24758052,0.47095683,0.15074285,0.20588317,0.09402777,0.12410822,0.15647013,0.07307886,0.13731586,0.18715172,0.074487,0.13766485,0.23009454,0.24260562,0.14157824,0.15618719,0.13441421,0.24165748,0.14190621,0.11399986,0.13379361,0.17977952,0.08236256,0.10306888,0.13369936,0.05730728
1384,0.31928399,0.0249513,-0.00507639,0.25613215,-0.08115307,0.00354268,0.27758056,0.44833234,0.15018572,0.20913082,0.10083927,0.12149234,0.15185505,0.06950284,0.14050052,0.1912469,0.07684843,0.14010156,0.24124973,0.24642706,0.13614618,0.15909324,0.13418865,0.25844179,0.1514027,0.11918466,0.141276,0.19094098,0.09297422,0.10842393,0.13964959,0.05860029
1385,0.52671705,0.00782743,-0.04658613,0.25293819,-0.08217679,0.00372285,0.28539806,0.44523139,0.14361467,0.20570628,0.08379727,0.11156975,0.14518941,0.05831628,0.12409505,0.17717913,0.05455374,0.13172719,0.21828019,0.2317263,0.12308097,0.15188331,0.12268742,0.23421884,0.14241753,0.10799143,0.1331146,0.18542616,0.0765236,0.09843248,0.12869474,0.04756168
1386,0.30054987,0.01502874,-0.03042421,0.25978041,-0.08350323,0.00711785,0.26731154,0.45991634,0.14901868,0.20673367,0.08547659,0.12161194,0.1530785,0.07056882,0.13113885,0.18562171,0.06244358,0.13767998,0.23602745,0.23698072,0.14630206,0.15352936,0.12828031,0.24472417,0.14260048,0.11263393,0.14023899,0.19120781,0.07869661,0.10272143,0.13362857,0.05593158
1387,0.32794021,0.02007247,0.00409004,0.2432556,-0.07636913,0.00261746,0.27157261,0.44613803,0.15037723,0.20827169,0.10218207,0.12927488,0.1643479,0.07455663,0.14508828,0.19557419,0.08381481,0.14379149,0.23116531,0.24395085,0.12491444,0.16334515,0.14596566,0.25210438,0.14799291,0.12772015,0.13773805,0.18567944,0.09392625,0.11716074,0.14796029,0.06493801
1388,0.44771114,0.03327294,-0.01865656,0.32265601,-0.10162125,0.00741228,0.35372401,0.48595144,0.19706429,0.25642353,0.13895453,0.16234917,0.19742018,0.11162649,0.17860194,0.23219604,0.11448009,0.18265433,0.3009944,0.30926149,0.18570621,0.20229142,0.17046811,0.31119488,0.19041032,0.15540741,0.1825936,0.23393521,0.12834197,0.14678793,0.17787798,0.09848092
1389,0.44912589,0.03375831,-0.0065278,0.29830232,-0.0984159,0.00314143,0.35212467,0.45832144,0.18704765,0.24678721,0.13182513,0.15940062,0.19238023,0.10680539,0.17636599,0.22858032,0.1108884,0.17757256,0.29026793,0.29743814,0.17964349,0.19675219,0.1727009,0.30716179,0.17956736,0.15118318,0.16990685,0.22074594,0.12049993,0.13917681,0.17123793,0.08861582
1390,0.25003277,0.02079141,0.01817984,0.29645415,-0.09617977,0.0012933,0.32127314,0.49334914,0.17834005,0.23600947,0.11784728,0.1508265,0.18793114,0.09609591,0.17074431,0.22710941,0.10154445,0.16595307,0.28160259,0.29861001,0.17074409,0.19072587,0.1675412,0.30253947,0.16881356,0.14273409,0.15923819,0.2106498,0.10933293,0.13191553,0.16552103,0.08228369
1391,0.22520907,0.01033997,-0.01458147,0.23533728,-0.07950014,0.00065443,0.26713459,0.44915183,0.14277145,0.20453679,0.0849018,0.10995429,0.13818125,0.05495761,0.12798589,0.17997587,0.0563695,0.12900175,0.22953572,0.23342858,0.1239062,0.15247425,0.12466628,0.24943674,0.13470496,0.10378478,0.12562261,0.17623477,0.07340524,0.09095416,0.12034136,0.03867824
1392,0.52060459,0.01677637,-0.01545251,0.29554295,-0.10301005,0.00473707,0.31825925,0.47923545,0.16362242,0.22996451,0.09345957,0.13328889,0.16698614,0.07469437,0.1481086,0.20852207,0.07007042,0.1503461,0.26170806,0.28469647,0.15755712,0.17454267,0.14757768,0.28107515,0.16136744,0.12742902,0.14962587,0.20757284,0.08797265,0.11328875,0.14652064,0.05829903
1393,0.2477774,0.01969741,-0.01584383,0.25085333,-0.08333841,0.00303194,0.25122634,0.47794394,0.13166606,0.1877697,0.0741587,0.10315429,0.1409139,0.05446983,0.12195178,0.17409596,0.05678143,0.11955532,0.2216046,0.2388929,0.10931438,0.13778794,0.11184526,0.23423165,0.12659628,0.09526508,0.1198488,0.17004425,0.06382761,0.0897647,0.12145385,0.0420252
1394,0.40773561,0.01597008,-0.01496751,0.26361687,-0.08500253,0.00663834,0.26770371,0.47534053,0.14842378,0.2047371,0.08974735,0.12474954,0.15798057,0.07418508,0.13906871,0.19091499,0.07212976,0.13602414,0.23123888,0.24835439,0.13479999,0.15659998,0.13695872,0.2467852,0.14272169,0.11830033,0.13524144,0.18422852,0.08050596,0.10819402,0.13653843,0.06059483
1395,0.3871721,0.01870798,-0.02757796,0.23218075,-0.07548873,0.00581141,0.24012701,0.4453531,0.1333106,0.19052685,0.077567,0.11055173,0.14398664,0.05882354,0.11942546,0.17043053,0.05508575,0.12510238,0.19847406,0.21866856,0.1106935,0.14114747,0.12136516,0.21402629,0.12946535,0.10671756,0.12165971,0.17263828,0.06837815,0.09679193,0.12711214,0.04524461
1396,0.2123399,0.00897266,-0.0076,0.23920606,-0.07611091,0.00432096,0.26249571,0.44818021,0.15112385,0.20950125,0.09263536,0.12657687,0.1586638,0.07394376,0.13830601,0.18792597,0.07303515,0.14147941,0.22976487,0.23579034,0.13328107,0.16206777,0.13973828,0.24585426,0.14598848,0.12096508,0.13748211,0.18896487,0.08474616,0.11057883,0.1415198,0.05995152
1397,0.58372184,0.01369416,-0.01214147,0.29725602,-0.09973754,0.00381504,0.32134139,0.50283328,0.1548469,0.21867572,0.09042255,0.13322581,0.16785749,0.07892897,0.14435684,0.20420775,0.07387984,0.1409668,0.26594972,0.29189248,0.16002711,0.16484507,0.14659656,0.28290564,0.14472639,0.1225748,0.13498135,0.18860724,0.07742475,0.11040154,0.14633419,0.06017724
1398,0.21560366,0.01540304,0.00251611,0.29080861,-0.09297211,-0.00224307,0.31211815,0.50110514,0.177822,0.24153649,0.11692982,0.14314445,0.17978928,0.08269213,0.1615485,0.22260102,0.08926863,0.16257817,0.27621037,0.29391251,0.15667004,0.18918464,0.16029463,0.29860173,0.16560573,0.12984144,0.15218642,0.20991533,0.09869578,0.11686381,0.15647949,0.06025399
1399,0.38839469,0.01446393,-0.01481452,0.28465103,-0.09340363,0.00236156,0.28856882,0.47164228,0.16612848,0.22940999,0.10227948,0.13633118,0.1733293,0.076171,0.15191219,0.20999306,0.07915097,0.15405667,0.26626922,0.28213279,0.14966913,0.17420463,0.14671338,0.28066006,0.15469082,0.12419076,0.14596705,0.20078768,0.08869171,0.11532226,0.14875043,0.05963173
1400,0.23375574,0.0112286,0.008322,0.24247933,-0.07642126,-0.00025326,0.25602056,0.47301269,0.13224744,0.19220816,0.0767078,0.10531428,0.14178249,0.04722398,0.12413606,0.18093757,0.05504494,0.1209087,0.20940286,0.23380076,0.10571738,0.14350266,0.12282959,0.23238488,0.12875101,0.09940813,0.11520394,0.1662887,0.06616869,0.08845916,0.12403581,0.03441747
1401,0.2328029,0.02121051,-0.01026182,0.293531,-0.09485985,0.00040553,0.33899623,0.49607269,0.18721869,0.25040488,0.12967073,0.15356865,0.1856878,0.09641922,0.1709449,0.22941582,0.10103562,0.17223432,0.28478008,0.29874702,0.18229809,0.19909971,0.16842123,0.30332544,0.17774902,0.1417673,0.1668993,0.22088435,0.11619219,0.12852896,0.16311009,0.07602964
1402,0.35450586,0.025976,-0.0299107,0.28033185,-0.08700961,0.00423184,0.27840152,0.42951858,0.17612698,0.23605974,0.115895,0.13870785,0.17007559,0.08883334,0.15417662,0.20153739,0.08916252,0.1634372,0.27195805,0.2668422,0.16633237,0.18045313,0.14467141,0.27962014,0.16683936,0.12834453,0.16338096,0.21393877,0.10335994,0.12069613,0.14779849,0.07290699
1403,0.14461911,0.01536525,0.00308034,0.25740436,-0.07879473,-0.00080727,0.27683002,0.4995786,0.16450813,0.22489136,0.10971307,0.12465683,0.1561754,0.06731498,0.14362049,0.19802057,0.07500567,0.14731952,0.25605157,0.26014782,0.13930034,0.17759977,0.14137214,0.27771734,0.15340878,0.11384653,0.14279325,0.1923941,0.09386195,0.10326356,0.13732028,0.04990342
1404,0.25728483,0.01518403,-0.02806544,0.26548864,-0.0875405,0.00725693,0.28073191,0.46734248,0.17630271,0.22913645,0.12163131,0.14137984,0.17940152,0.09054199,0.15440562,0.20556303,0.09680723,0.16182055,0.26878378,0.26565787,0.14246366,0.18255004,0.14996884,0.27944363,0.16636516,0.13173903,0.15908049,0.20632236,0.10717033,0.12516672,0.15900951,0.07562308
1405,0.31613343,0.00727613,-0.010327,0.26087959,-0.08866067,0.00642674,0.29302848,0.44519966,0.17051246,0.22737858,0.11741698,0.13599413,0.16807697,0.0849967,0.15394249,0.20560977,0.09112562,0.15703731,0.25584476,0.26205244,0.1465711,0.17927807,0.14833364,0.27124382,0.17077662,0.135212,0.16080706,0.21090553,0.1135624,0.12560134,0.15328915,0.07599102
1406,0.28265169,0.01708792,-0.04334366,0.27779406,-0.09295121,0.00552377,0.29690791,0.46872552,0.16446088,0.21944339,0.10889821,0.12541389,0.15160107,0.08178014,0.13869336,0.18622302,0.07633358,0.14708076,0.25933622,0.26642012,0.16277725,0.16551991,0.12938506,0.26395156,0.16512319,0.12036124,0.15712432,0.20365843,0.10510442,0.11345076,0.13773747,0.06988425
1407,0.19738203,-0.00361657,-0.02190665,0.20914388,-0.07310424,0.00540283,0.21759152,0.45040674,0.11895439,0.17050889,0.07375148,0.09330053,0.12141053,0.04836908,0.10537244,0.15061556,0.0483398,0.10591873,0.19984803,0.20510302,0.10226088,0.12476739,0.10335888,0.21300435,0.11632218,0.08868976,0.1070281,0.15086861,0.0653807,0.07959455,0.10517041,0.03535705
1408,0.47958268,0.00578722,-0.01959495,0.30634338,-0.09857274,0.00689281,0.32412973,0.49176937,0.19026668,0.25221869,0.12788382,0.15549373,0.19364286,0.10121659,0.17102555,0.22994587,0.10073585,0.17351469,0.28022029,0.30244209,0.16489362,0.19951031,0.16799086,0.29605671,0.18368258,0.15024354,0.17458449,0.22876139,0.11855551,0.14222729,0.17536094,0.08990064
1409,0.35526552,0.02111391,-0.03921528,0.31055007,-0.1027059,0.003256,0.33524486,0.47420562,0.18873797,0.25336388,0.12618459,0.15777285,0.19458997,0.10200931,0.17208193,0.22780672,0.10275005,0.17617113,0.29720157,0.29991275,0.1731707,0.19688221,0.16689435,0.31020914,0.17913269,0.147616,0.17009939,0.228906,0.11298158,0.13910896,0.17550026,0.08407727
1410,0.5974209,0.00758644,-0.00837137,0.28564617,-0.0985514,0.00341168,0.32726241,0.50281565,0.16621589,0.22504672,0.1059463,0.13117359,0.16492164,0.08103948,0.14842234,0.20440365,0.07775835,0.14963963,0.27040647,0.28580626,0.15967745,0.17719046,0.14516547,0.28647289,0.15759236,0.12198935,0.14799267,0.19772469,0.09660336,0.11328799,0.14416041,0.06687212
1411,0.25441332,0.00957122,-0.01499761,0.21147595,-0.06903488,0.00450367,0.20912007,0.44216214,0.11523852,0.17063397,0.06760475,0.09329416,0.12073354,0.04251137,0.10601103,0.15420214,0.04513959,0.1072279,0.196679,0.20571995,0.09772796,0.12402425,0.10607673,0.21354298,0.11677956,0.09366591,0.10872094,0.15240237,0.06477567,0.08234166,0.1081264,0.03380589
1412,0.4236546,0.02516284,-0.00834008,0.29557925,-0.09533254,0.00415267,0.31720429,0.45237809,0.1902608,0.24764136,0.13358561,0.16649765,0.20479207,0.11275044,0.18006136,0.23207404,0.11588607,0.18146695,0.29170376,0.2982223,0.1789966,0.19993698,0.17859495,0.30483882,0.18219693,0.15654112,0.17355427,0.22454272,0.12282951,0.1472795,0.18053312,0.09656584
1413,0.18562741,0.00958597,0.00573449,0.26686153,-0.08907066,-0.00217338,0.30843269,0.46783877,0.16172965,0.22278172,0.10593372,0.1319385,0.16337943,0.07767745,0.15365499,0.2066124,0.08569232,0.14959849,0.25907223,0.27067987,0.15046164,0.17484419,0.14958154,0.28214804,0.15578428,0.12473471,0.14433521,0.195178,0.09667934,0.11161886,0.1422581,0.06105183
1414,0.41617865,0.01073292,-0.00752911,0.2827481,-0.09221307,0.00256288,0.31069124,0.46292773,0.16583251,0.22497865,0.10924739,0.13223076,0.16060203,0.07965752,0.14814132,0.20172061,0.0804365,0.15019559,0.27304173,0.27533051,0.16410481,0.17374285,0.14349771,0.285508,0.16138646,0.12520267,0.15433686,0.20526109,0.10173723,0.11229742,0.14347076,0.06461719
1415,0.29934,0.00667486,-0.03793909,0.25528445,-0.08229277,0.00542992,0.26562167,0.48024695,0.15301094,0.20800054,0.09842989,0.1318179,0.16678837,0.08307742,0.1409953,0.19049026,0.08166268,0.1447951,0.23980804,0.24839076,0.13735649,0.16042131,0.14224315,0.25247783,0.1374551,0.11593862,0.1311035,0.17775871,0.08089486,0.10662989,0.13970733,0.05934649
1416,0.63720298,0.00773499,-0.03553463,0.27807812,-0.09734953,0.00597499,0.28384389,0.47309649,0.13104365,0.18932476,0.06910024,0.10749421,0.14036209,0.05735903,0.11589487,0.17191353,0.04788245,0.11649174,0.23702554,0.26323121,0.13045256,0.13659161,0.11619152,0.24752494,0.12550137,0.0987899,0.1173908,0.16705726,0.0621144,0.08940607,0.11667911,0.04366441
1417,0.31094995,0.02835404,0.00019711,0.30523495,-0.09248205,0.00193579,0.33285968,0.51058691,0.19702237,0.25764858,0.13619683,0.16029461,0.19625474,0.10593771,0.18111251,0.23667873,0.11163202,0.18257228,0.29234651,0.30299668,0.18706641,0.20812284,0.17596155,0.31051579,0.1851249,0.14776435,0.17796819,0.22585582,0.12480266,0.1366548,0.1690469,0.08813908
1418,0.27899942,0.01068692,-0.01159579,0.30053135,-0.09437833,0.00144298,0.32786364,0.46943323,0.18969832,0.25305445,0.13244507,0.14520306,0.17450898,0.08929639,0.16368792,0.22137741,0.09437431,0.17147874,0.28959474,0.29613093,0.17830336,0.20027262,0.16080737,0.30618675,0.17561252,0.12905686,0.16527589,0.21417304,0.11604962,0.11612559,0.14881037,0.06617164
1419,0.33097196,0.01943118,0.00551712,0.29540784,-0.09211496,-0.00119129,0.33890978,0.45901046,0.18015524,0.24205857,0.12327199,0.14813685,0.17876153,0.09193656,0.16668908,0.22200895,0.09724843,0.16807665,0.27867175,0.28723766,0.17160853,0.19350954,0.16540362,0.29998112,0.17999043,0.14396185,0.16937849,0.22155427,0.1193528,0.12857792,0.16090305,0.07743025
1420,0.30456614,0.01356274,-0.01731429,0.28523859,-0.08396166,0.00230618,0.30096819,0.51766759,0.18489719,0.24175378,0.13390224,0.15744757,0.19024984,0.10598092,0.17055274,0.22351789,0.10800276,0.17480348,0.27425733,0.28172111,0.17500127,0.1963567,0.17211351,0.29172813,0.17630498,0.14663306,0.16914851,0.21740403,0.12384556,0.1370006,0.17210534,0.08941912
1421,0.40629653,0.0023532,-0.01287143,0.26194601,-0.08557707,0.00111125,0.27421,0.48024003,0.14084161,0.20230846,0.08538618,0.1028913,0.13341559,0.05035618,0.12121507,0.17478339,0.04978521,0.12377191,0.22665248,0.24542031,0.12138971,0.15086318,0.11623815,0.24586559,0.13752987,0.09700314,0.12869751,0.17866296,0.07707612,0.0875047,0.11884426,0.03735979
1422,0.53096885,0.0051289,-0.02058348,0.28041542,-0.09281565,0.00614783,0.28259688,0.46886159,0.15457041,0.21691217,0.08442039,0.12775976,0.16504501,0.06978025,0.14019067,0.19859704,0.06761087,0.14267552,0.25148387,0.26993545,0.14092042,0.16353692,0.13882591,0.26697618,0.14771938,0.12115323,0.13850004,0.192038,0.07569223,0.11202373,0.14394958,0.05858844
1423,0.24138917,0.02795973,-0.01019327,0.23474521,-0.08196869,0.00772797,0.24620526,0.45264697,0.14511785,0.20096088,0.09040095,0.12446797,0.15882168,0.07446681,0.13664282,0.18285564,0.07416559,0.13778845,0.2183865,0.22688997,0.11480352,0.15299571,0.13489108,0.23440215,0.14843779,0.1296231,0.13974739,0.18957222,0.09077597,0.12075734,0.14681745,0.06865023
1424,0.20895667,0.02811775,0.00510494,0.25083565,-0.08037839,-0.00027049,0.29255806,0.45988416,0.15318325,0.21432411,0.1020822,0.12035782,0.14841276,0.06846861,0.1406203,0.19256938,0.0762297,0.14040582,0.23613526,0.24362786,0.13435711,0.16469878,0.13628044,0.25822762,0.1547831,0.12005887,0.14452306,0.1943381,0.09642727,0.10784302,0.13791272,0.05628651
1425,0.31399105,0.00334797,-0.03566957,0.24262425,-0.0844785,0.00452972,0.27290756,0.44265012,0.14034968,0.2043275,0.07776803,0.11497831,0.14896227,0.05697783,0.12830575,0.18473337,0.05383337,0.13192553,0.22743595,0.23811836,0.12357656,0.15156721,0.12777877,0.24501043,0.13667834,0.10968633,0.12794816,0.18341191,0.0682673,0.09888489,0.13121564,0.04210245
1426,0.24594641,0.01611579,-0.00974273,0.23881521,-0.08121122,0.00319987,0.24978926,0.48314145,0.13033459,0.18530953,0.07788902,0.10734725,0.13773552,0.05950249,0.12238483,0.16981932,0.06076778,0.11945396,0.22128461,0.2331205,0.11560102,0.14028422,0.11929327,0.23876066,0.12698708,0.10330272,0.11920399,0.1683237,0.07035887,0.09556087,0.12577244,0.04774431
1427,0.32146241,0.01701794,-0.02670234,0.29556123,-0.09393705,0.00401414,0.31855273,0.49969892,0.20092034,0.26253944,0.13955841,0.15530311,0.18499635,0.10435839,0.1738056,0.22960465,0.10605953,0.18197963,0.28509787,0.29059862,0.17681613,0.21133096,0.1682648,0.30321919,0.19774564,0.15009899,0.18731364,0.24335663,0.12984416,0.14134127,0.17309476,0.08917119
1428,0.39018543,0.00992781,-0.04700208,0.27874682,-0.0943636,0.00550614,0.28645038,0.47115482,0.16321907,0.22326294,0.104945,0.1287224,0.16537727,0.07353463,0.14520854,0.2008581,0.07748098,0.14839791,0.25103401,0.25809532,0.13685004,0.16795237,0.13761721,0.2629707,0.15931081,0.12398246,0.15341989,0.20518101,0.09786337,0.11339092,0.14568697,0.06125569
1429,0.26307431,0.00906184,-0.00877691,0.2375624,-0.07624572,0.00075367,0.25889137,0.45122187,0.14384651,0.20393399,0.08920871,0.11709115,0.15226754,0.06421091,0.1320934,0.18670633,0.06707731,0.13383144,0.21995049,0.23338658,0.11760494,0.15483295,0.13220159,0.24076097,0.1378611,0.11171725,0.12761672,0.17908688,0.07761333,0.1011742,0.13471749,0.04768579
1430,0.40490509,0.0244072,-0.03054692,0.29232217,-0.09779057,0.00468588,0.31014781,0.49689899,0.18311474,0.24589866,0.1215852,0.14951041,0.1892868,0.09419949,0.16176031,0.21625275,0.09384255,0.16770661,0.27553836,0.28208663,0.15542014,0.18741199,0.15678281,0.28580806,0.17350732,0.13885552,0.1651736,0.21860437,0.11019038,0.13113023,0.16698086,0.07615149
1431,0.40309026,0.01399207,-0.00461417,0.23692548,-0.0776773,0.00490564,0.24543185,0.44243709,0.14179292,0.19899027,0.08914654,0.12216537,0.15729669,0.06738091,0.13218164,0.18327408,0.07080916,0.13423537,0.21915995,0.22899807,0.1115822,0.15311511,0.13704217,0.23842462,0.14164271,0.12319134,0.13168579,0.18052303,0.08499019,0.11180807,0.14295198,0.05936438
1432,0.47020585,0.00412451,-0.0098097,0.27220566,-0.08696698,0.00044735,0.27051905,0.48404261,0.14910817,0.21024886,0.08626563,0.12664871,0.16039641,0.0726148,0.13943427,0.19522771,0.07037674,0.13831013,0.24062597,0.26448347,0.14338886,0.15879166,0.13938752,0.25662307,0.14807423,0.12233172,0.14049838,0.19105008,0.08589666,0.11182994,0.14300623,0.06201228
1433,0.15821325,0.01690901,0.00330948,0.24537075,-0.07755745,0.00264915,0.27484524,0.45481739,0.15556786,0.2160037,0.10079298,0.13646614,0.16764742,0.07992717,0.1462761,0.19995083,0.08174863,0.14940741,0.24383005,0.25098966,0.14360337,0.16934186,0.15379749,0.26568852,0.14930923,0.13101245,0.13987522,0.19134889,0.09251507,0.11682918,0.1484071,0.06379344
1434,0.38362841,0.02460512,-0.02424841,0.26951639,-0.08974952,0.00595419,0.2790838,0.45423073,0.15657062,0.22151945,0.09349132,0.12862328,0.16934048,0.07050546,0.14337064,0.19987998,0.0719918,0.14638375,0.24157181,0.25692735,0.13413424,0.16731871,0.1408992,0.25808244,0.15638164,0.12651436,0.14796234,0.20334113,0.0874902,0.11752003,0.15014004,0.06152164
1435,0.3063636,0.0107676,-0.02142181,0.2828323,-0.09776714,0.00100034,0.32632817,0.49209071,0.18289417,0.24560008,0.12345781,0.13754919,0.16983057,0.08386053,0.15357501,0.21071432,0.08304827,0.1628148,0.27478159,0.27887813,0.15519945,0.19336749,0.15118427,0.29171983,0.1745173,0.12556207,0.16329811,0.21831959,0.11193429,0.11641597,0.1506746,0.06452928
1436,0.41296754,0.02761946,-0.02502213,0.26962316,-0.0964288,0.00755398,0.28834507,0.47608872,0.1702655,0.2220834,0.11475125,0.13001151,0.16090801,0.08465116,0.14358059,0.18859042,0.08463039,0.1541776,0.261321,0.25985464,0.14015137,0.17118714,0.13298357,0.26778076,0.17186009,0.13004119,0.16596868,0.21030616,0.11017001,0.124404,0.14872352,0.07573661
1437,0.61741622,0.01143541,-0.03919025,0.29712669,-0.0993413,0.00725907,0.33797581,0.46983839,0.17837804,0.23360767,0.12419722,0.14197143,0.17065521,0.09823302,0.15314035,0.20319444,0.09138652,0.1629568,0.27099655,0.28231091,0.18403723,0.18335801,0.14891936,0.2796715,0.17568996,0.13662867,0.17208719,0.2169679,0.12169485,0.12760702,0.15387133,0.08653541
1438,0.15722529,-0.001723,0.01503864,0.26138579,-0.08036818,-0.00344504,0.29373164,0.47064929,0.15233668,0.21512569,0.09840329,0.12035178,0.15066411,0.06248943,0.13804308,0.19645298,0.06807282,0.13866733,0.25068051,0.2629258,0.1446751,0.16700666,0.13919297,0.27606368,0.1466355,0.11092327,0.1357381,0.18705251,0.08831462,0.09639766,0.1318278,0.04430593
1439,0.41042561,0.01794633,-0.00669149,0.24263041,-0.07981543,-0.00088535,0.24189518,0.46887915,0.12321784,0.18117653,0.06842402,0.09841805,0.13135723,0.04758893,0.1133746,0.16481241,0.04734925,0.11080751,0.20313982,0.22312752,0.10276108,0.13234001,0.11170693,0.22149101,0.12467478,0.09838445,0.11314009,0.16227061,0.06338558,0.08890889,0.11744786,0.04017554
1440,0.43165213,0.01869773,-0.01646634,0.29766406,-0.09638382,0.00337453,0.33383188,0.50338932,0.18693457,0.24780867,0.12418365,0.14489354,0.18315053,0.09378782,0.16164182,0.21805733,0.09421137,0.17067075,0.27919022,0.29079669,0.15412788,0.19495585,0.15586446,0.29367605,0.17819471,0.13541839,0.16752081,0.2202235,0.10912785,0.13016095,0.16531254,0.07758673
1441,0.65476983,-0.00649105,-0.0247177,0.27556002,-0.09753021,0.00288946,0.27859385,0.50259613,0.14040692,0.20538874,0.07125358,0.10596621,0.14002499,0.04875685,0.1205465,0.18258696,0.04363999,0.12041167,0.22741893,0.26493854,0.13036795,0.15127999,0.12113903,0.24783724,0.13157932,0.09424588,0.12112978,0.17385967,0.06154796,0.0818818,0.11327107,0.03214913
1442,0.3060147,0.02016657,-0.02155323,0.26899374,-0.08658008,0.00282936,0.3005833,0.46012877,0.15416917,0.21259174,0.10228118,0.12608711,0.15901639,0.07585446,0.14345161,0.1964979,0.07931232,0.14321897,0.25177393,0.25615353,0.14238979,0.16197901,0.13572563,0.2653962,0.15187183,0.12185925,0.1465288,0.19669456,0.09381591,0.11121024,0.14420458,0.0622461
1443,0.4133935,0.01547634,-0.02641598,0.29391932,-0.09359863,0.00669551,0.31947631,0.50430163,0.17580135,0.23104009,0.11920601,0.14731016,0.17910011,0.09982638,0.1611422,0.21363349,0.09825769,0.16165017,0.27109806,0.28491702,0.1667985,0.18400563,0.16012262,0.28721936,0.1680269,0.13824682,0.15877803,0.20548221,0.10642045,0.12851291,0.15892125,0.08389501
1444,0.40936671,0.01110164,-0.02656009,0.25094218,-0.08087857,0.00527486,0.27266779,0.44663225,0.13919474,0.19722478,0.08401867,0.1148747,0.14758244,0.06399488,0.12824895,0.17936938,0.06133144,0.13062412,0.21976579,0.23631629,0.12336705,0.15089483,0.12849936,0.23744545,0.13757149,0.11218272,0.13102078,0.17945505,0.07793978,0.1011534,0.12842775,0.05359129
1445,0.42237294,0.02541207,-0.00068472,0.28810848,-0.09347849,0.00109938,0.30202453,0.46583903,0.17284498,0.23423856,0.11567045,0.14275726,0.18003233,0.08700723,0.15984961,0.21499633,0.09255418,0.16169941,0.26460513,0.27606515,0.14964471,0.1826534,0.15615822,0.2819048,0.17091163,0.14059813,0.1611718,0.21506742,0.10926222,0.12985164,0.16366826,0.07597631
1446,0.49056339,0.03506479,0.01355682,0.32609282,-0.10420366,0.00039874,0.34060776,0.49979821,0.20371638,0.26592267,0.14086492,0.16707124,0.20353387,0.10854552,0.18849931,0.24788859,0.11756904,0.18834764,0.31087834,0.33060721,0.19049779,0.21608375,0.18320288,0.33024357,0.19885982,0.16146626,0.1876744,0.24102985,0.13489055,0.14976315,0.18231879,0.09655238
1447,0.31191916,0.02096566,-0.02544559,0.23419031,-0.07979672,0.00561288,0.24819517,0.44645941,0.13307302,0.19290642,0.07811896,0.1159311,0.15316262,0.06090452,0.12711981,0.17800291,0.06086108,0.12685185,0.21206865,0.22468406,0.10920709,0.14264416,0.12784144,0.22889156,0.13160778,0.11295416,0.12179407,0.17429705,0.06816078,0.10361615,0.13431632,0.04919373
1448,0.33344561,0.01805565,-0.0005052,0.27957625,-0.09106522,0.00265911,0.3136254,0.48383788,0.1762938,0.23653611,0.12181014,0.14477793,0.1793497,0.08948209,0.16247653,0.21776897,0.09635455,0.16396508,0.26787436,0.27379375,0.15402394,0.18615907,0.15925749,0.28652376,0.17130048,0.13819108,0.16258885,0.21326561,0.11411278,0.12676769,0.16108952,0.07462555
1449,0.41157997,0.02312872,-0.00387705,0.25728448,-0.08128561,0.0009483,0.25549079,0.46537194,0.14251214,0.20468831,0.08564689,0.1188264,0.15614078,0.06247013,0.13281263,0.18869178,0.0639878,0.13313895,0.22178247,0.24072507,0.11915236,0.1528765,0.13255718,0.24114983,0.1410125,0.11589854,0.1321268,0.18368097,0.07882338,0.10509774,0.1393147,0.05199077
1450,0.25765322,0.01134289,0.02492548,0.28105124,-0.08628106,-0.00337146,0.31285932,0.51127661,0.18263789,0.25008887,0.12558511,0.14760037,0.17668431,0.08536594,0.16547504,0.22585346,0.09205208,0.16871145,0.28111825,0.29561641,0.1675041,0.19804396,0.16974897,0.30668898,0.17204796,0.13443869,0.15876542,0.21160171,0.11136035,0.11831443,0.15510367,0.06240189
1451,0.34122391,0.00081776,0.00845403,0.30005887,-0.09716736,-0.00172728,0.33902058,0.47208593,0.18068203,0.24224434,0.12287754,0.14675718,0.17991075,0.09019512,0.16916108,0.22752885,0.09720071,0.16424104,0.28955753,0.30538481,0.17712901,0.19392354,0.16502913,0.31184902,0.16513357,0.13186029,0.15318382,0.20543823,0.1047769,0.11995261,0.15421189,0.06981896
1452,0.62695843,0.01900966,-0.00862512,0.33592763,-0.10757502,0.00037751,0.33924416,0.4989473,0.18706016,0.25251283,0.12128709,0.15273396,0.187589,0.09485441,0.16834793,0.23121267,0.09511625,0.16955795,0.29816398,0.32047719,0.19356042,0.19642127,0.16717038,0.31384871,0.18156055,0.14319484,0.16966909,0.22474189,0.11170833,0.12963364,0.16327233,0.08036016
1453,0.42059446,0.0278264,-0.01064529,0.29683434,-0.09688267,0.00151948,0.30647567,0.50280839,0.17070648,0.23424628,0.10607672,0.14461694,0.1872721,0.08572466,0.16164358,0.22076949,0.09036466,0.16083362,0.26241818,0.28672118,0.14313685,0.18275896,0.15921854,0.2813674,0.1637165,0.13677905,0.15209949,0.20940761,0.09273433,0.12814109,0.16695063,0.07131267
1454,0.31334695,0.01877183,-0.00677051,0.22304809,-0.07437753,1.555e-05,0.22329024,0.49146876,0.11200376,0.16895721,0.06228925,0.09021224,0.12319077,0.03691771,0.10428452,0.15511818,0.04144928,0.10303666,0.18912052,0.21165821,0.08056604,0.12436413,0.10511886,0.21037413,0.11323102,0.09033794,0.10370582,0.15093545,0.05759013,0.08077053,0.11079002,0.02920787
1455,0.36081954,0.01685424,0.01637958,0.26020136,-0.08485386,0.00114775,0.26447883,0.46877464,0.1433516,0.19861733,0.09632361,0.12344733,0.15364302,0.07141968,0.13858595,0.18960816,0.07964424,0.13396111,0.24212071,0.25775448,0.13303787,0.15417611,0.13914746,0.26167594,0.13819523,0.11874683,0.1288793,0.1729858,0.0896313,0.10495335,0.13498858,0.05747452
1456,0.56492328,0.00615349,-0.01804284,0.2534189,-0.08714109,0.00481529,0.27204231,0.46482354,0.13593865,0.19761512,0.07728899,0.11463659,0.15009622,0.05918686,0.12724401,0.18274671,0.05743702,0.12492123,0.2281348,0.24724954,0.13230888,0.14564995,0.12828804,0.24606402,0.13062382,0.10786855,0.12061157,0.17298339,0.06846543,0.09547802,0.12925582,0.04598131
1457,0.30830422,0.03442279,-0.01854893,0.28445159,-0.09264961,0.00709274,0.31985201,0.44125173,0.17621697,0.23877062,0.11636537,0.14832784,0.18522389,0.0925346,0.16168874,0.21850355,0.09180233,0.16609812,0.27741125,0.28243665,0.1646289,0.18584203,0.15970098,0.29229462,0.16933065,0.13989617,0.1614477,0.21783938,0.10212415,0.13048938,0.16454461,0.07647846
1458,0.31693044,0.01728836,-0.00521993,0.32936479,-0.10576006,0.00260869,0.36701058,0.48266292,0.21484596,0.27476775,0.14991117,0.18280978,0.22050374,0.12908355,0.20141476,0.25668933,0.13195921,0.20000813,0.31743609,0.32998933,0.20608736,0.22418863,0.19586051,0.33324303,0.20327008,0.17073656,0.19209576,0.2445868,0.13754517,0.1604597,0.1922473,0.11033103
1459,0.24230578,0.02409796,-0.02245304,0.31365142,-0.10438827,0.00551562,0.33680079,0.49767993,0.19310376,0.25207001,0.12791995,0.16275313,0.197274,0.11100084,0.18076188,0.23472188,0.11324228,0.17845164,0.29492118,0.30614606,0.1860701,0.20068228,0.1738506,0.30762279,0.19081503,0.15853307,0.1809315,0.23337621,0.12356969,0.14724426,0.17682489,0.09784713
1460,0.20750742,0.02267527,-0.02446094,0.25890071,-0.08738815,0.00411629,0.27673383,0.44835919,0.16354971,0.21674126,0.11374749,0.12520515,0.15634712,0.08035215,0.1444259,0.18728939,0.0860694,0.15021271,0.24307147,0.24608073,0.12931484,0.16836098,0.13180158,0.25250967,0.16245659,0.1249484,0.15548883,0.20146785,0.10948218,0.11954446,0.14297209,0.07193548
1461,0.37672459,0.0268224,0.00769069,0.28357387,-0.09225736,-0.00146953,0.30373915,0.48247844,0.17360825,0.23208603,0.12000625,0.13912245,0.17160833,0.08737733,0.15645072,0.2074089,0.09441825,0.15909923,0.27277454,0.27682796,0.15326555,0.18355211,0.15180835,0.2905474,0.16568356,0.13318198,0.15843721,0.20684939,0.1108779,0.12404852,0.15595484,0.07317725
1462,0.42748738,0.01419118,-0.00154808,0.25346873,-0.08353472,-0.00080159,0.27249271,0.46211507,0.13786275,0.19879323,0.08028048,0.11333265,0.15101328,0.05722051,0.12966581,0.18450905,0.06079687,0.12786131,0.21817024,0.2398994,0.11503073,0.14920029,0.1294457,0.24009689,0.13513987,0.10990588,0.12282082,0.17391695,0.07253985,0.09862744,0.1314132,0.04600476
1463,0.54235325,-0.0001689,-0.05035293,0.23185713,-0.08952669,0.01298384,0.24991824,0.4553187,0.11448179,0.16932305,0.05324502,0.09004587,0.11667187,0.04437452,0.09793053,0.1494539,0.03247121,0.10120371,0.20561657,0.21771242,0.11079758,0.12012746,0.09779762,0.21783851,0.11803946,0.09412679,0.11175198,0.15903057,0.05416686,0.08359849,0.10632655,0.03824907
1464,0.41873319,0.01988064,-0.01760504,0.29993306,-0.10398528,0.00569656,0.31582503,0.49643111,0.16508556,0.22813384,0.10341083,0.13786551,0.16863564,0.08673453,0.15207678,0.20663588,0.08394997,0.15200245,0.28110632,0.28677279,0.16187078,0.17301998,0.14762803,0.29577306,0.16144573,0.1332054,0.15472639,0.2060178,0.09944368,0.12291406,0.1520333,0.07362528
1465,0.16588036,0.00203874,-0.00287629,0.23529771,-0.07295916,0.00116629,0.25494104,0.43364679,0.14513227,0.19979548,0.09907494,0.12287153,0.15069024,0.07383022,0.13691073,0.18391085,0.08162624,0.13621797,0.22968698,0.22850503,0.13378254,0.15404866,0.13554067,0.24566062,0.14047457,0.11755881,0.13352177,0.17928311,0.09262811,0.10475201,0.13538691,0.05827858
1466,0.43793668,0.00960865,-0.03961561,0.24359874,-0.08608531,0.00777809,0.25742828,0.46229058,0.14166565,0.19858704,0.08478687,0.11698892,0.14955905,0.06648882,0.1264863,0.17867212,0.06389279,0.1300183,0.23549574,0.2348343,0.12659396,0.14568735,0.12494824,0.24585161,0.13268971,0.1087132,0.12752303,0.17418814,0.07503178,0.09864978,0.12775333,0.04908563
1467,0.33295544,0.02092972,-0.0032399,0.29853719,-0.09465906,0.00038781,0.31058677,0.50817368,0.16545883,0.22772332,0.10316931,0.13218504,0.16507645,0.07874288,0.14976195,0.20597529,0.07857614,0.15041326,0.26336964,0.28082855,0.1488095,0.17555906,0.14646732,0.28308819,0.161622,0.1271598,0.15283736,0.20493756,0.096054,0.11450689,0.14804813,0.06426179
1468,0.41263006,0.03465789,0.00115694,0.29934916,-0.10028624,0.00268425,0.32135854,0.50039039,0.15360278,0.21667249,0.08844773,0.12823514,0.1613742,0.07313624,0.1414924,0.19957224,0.06940609,0.14021011,0.25277433,0.28345507,0.14347044,0.164623,0.14237723,0.27305096,0.14758881,0.11936732,0.13642145,0.18869743,0.07708691,0.10749153,0.13951697,0.05549996
1469,0.27091213,0.00858765,-0.00728801,0.29661091,-0.09330852,-0.00059826,0.33454363,0.47788609,0.19409439,0.26034994,0.13441874,0.1536045,0.18720404,0.09394401,0.17025779,0.22951105,0.09530431,0.17644043,0.28987357,0.29592878,0.18696006,0.20691398,0.17035685,0.3123753,0.19140105,0.14584937,0.1803807,0.23578492,0.12719448,0.13238954,0.1668909,0.07752229
1470,0.29704473,0.02208111,-0.02800383,0.24922938,-0.08518623,0.00709395,0.25766463,0.45975724,0.15264345,0.20836186,0.09553063,0.1218407,0.15398201,0.0712941,0.13602339,0.18470484,0.07387235,0.13863716,0.23220244,0.23870991,0.11745906,0.16089725,0.13246175,0.24831012,0.15090816,0.12223908,0.14073697,0.19022657,0.0873398,0.11414507,0.14086249,0.06270211
1471,0.41063741,0.01083771,0.00498877,0.28382332,-0.08920725,-0.00144921,0.28793952,0.47124936,0.17143947,0.23269293,0.11306564,0.13330072,0.16463277,0.07567113,0.1528811,0.20867241,0.08495801,0.15491438,0.26195246,0.27856106,0.15522603,0.18089089,0.14860379,0.28072672,0.16428863,0.12454869,0.15451066,0.20178496,0.10403038,0.11071241,0.14202634,0.06029045
1472,0.30344771,0.01971497,-0.0225883,0.26040442,-0.08811009,0.00719824,0.27252288,0.45169194,0.15624317,0.21551718,0.09381282,0.12583595,0.15945801,0.07133792,0.13642642,0.18985476,0.0667025,0.14386186,0.23795002,0.24968431,0.12943703,0.16318825,0.1360373,0.25086268,0.15159023,0.12096984,0.14133844,0.19581655,0.08391455,0.11085746,0.14029826,0.05736343
1473,0.56607389,0.02145065,-0.02458116,0.27362481,-0.09119201,0.00243469,0.27565614,0.52097818,0.15768273,0.22232002,0.09281178,0.11949587,0.15594223,0.06431383,0.13501844,0.19234101,0.06378989,0.14206654,0.24150429,0.26149686,0.11800468,0.16784087,0.13195729,0.2598429,0.15646336,0.11757276,0.14482941,0.20026994,0.08642928,0.11119956,0.14509712,0.05587538
1474,0.38118934,0.02661856,-0.01677221,0.25790897,-0.08583938,0.0059565,0.2712569,0.45360908,0.15071935,0.20554323,0.09209596,0.1300646,0.16211488,0.08318209,0.14206867,0.19016494,0.08150687,0.14076974,0.24289529,0.25196776,0.14205855,0.15741242,0.13936838,0.25569395,0.14168575,0.12350837,0.13565427,0.18083512,0.08262509,0.11506613,0.14175991,0.07004983
1475,0.25549157,0.01151196,-0.02036445,0.2757513,-0.087212,0.00292745,0.2893489,0.49028795,0.15270349,0.21299164,0.10255596,0.12415457,0.15550016,0.06929263,0.13987526,0.19727168,0.07412044,0.13948299,0.25454762,0.26341987,0.13708574,0.16443119,0.13983361,0.27560428,0.14361787,0.11492411,0.13643748,0.1876626,0.08673369,0.10189812,0.13956732,0.05034162
1476,0.24658163,0.0120344,0.00230313,0.24670381,-0.0795885,0.00293473,0.26830871,0.46722148,0.14561462,0.20342627,0.09426016,0.11584044,0.14670523,0.06439757,0.13513925,0.18623563,0.07121435,0.13395132,0.2304395,0.24501648,0.12199649,0.15742537,0.13063595,0.25097461,0.14316877,0.11236822,0.13344719,0.18219801,0.08674574,0.10388503,0.13531049,0.0527083
1477,0.3361082,0.0188092,0.00330809,0.24474292,-0.0830651,0.00280703,0.2733226,0.45632022,0.12925279,0.1914135,0.07087296,0.10989853,0.14178657,0.05416744,0.12370583,0.17852145,0.05279128,0.11965058,0.2152965,0.23647045,0.11373181,0.14040551,0.12578598,0.23748689,0.12394759,0.10562492,0.11315671,0.16652103,0.06068662,0.09167416,0.12242638,0.03857688
1478,0.39957448,0.01737363,0.00603832,0.28997726,-0.09558339,0.00270265,0.31760479,0.45884551,0.18918293,0.24438174,0.13324626,0.16321469,0.19809082,0.10950263,0.17799274,0.23138839,0.11388783,0.176998,0.29107279,0.294832,0.18170144,0.19844222,0.1762828,0.30468981,0.18440162,0.15709166,0.17468312,0.22530931,0.12677978,0.14584823,0.17684321,0.0970243
1479,0.49588472,0.00533602,-0.02849478,0.29390318,-0.09279585,0.00769138,0.29946407,0.4586387,0.17800842,0.24022937,0.11318758,0.15049022,0.18335202,0.09525686,0.16275082,0.21826594,0.0937672,0.16602878,0.27788596,0.28880391,0.17163861,0.18609114,0.16001957,0.28984702,0.16679943,0.13969389,0.16232393,0.21500599,0.10297234,0.12999838,0.15843291,0.07788157
1480,0.24235884,0.01579784,-0.01371164,0.23953627,-0.07540911,0.00320722,0.259936,0.44647861,0.14402533,0.19748984,0.09531518,0.1187146,0.14978548,0.07109781,0.13587397,0.18342749,0.07478726,0.13418322,0.22192396,0.23252086,0.12978834,0.15395519,0.13264796,0.23923616,0.14204915,0.11602398,0.13300203,0.17901443,0.08857598,0.10538322,0.13310926,0.06022158
1481,0.25572458,0.01684804,-0.01102446,0.22798229,-0.0742379,0.00305682,0.25116111,0.46120255,0.13277504,0.18527192,0.08430273,0.11247293,0.1413331,0.06608999,0.12283381,0.16948307,0.06634742,0.12453964,0.21083013,0.21940041,0.1150826,0.1391332,0.12309694,0.22526447,0.12981407,0.11118328,0.12336328,0.16732481,0.07626642,0.1007319,0.12983958,0.05397104
1482,0.55546929,0.01599874,-0.01323803,0.34154798,-0.11156465,0.00556145,0.35481889,0.50719548,0.20326431,0.27008572,0.135191,0.17456124,0.2096299,0.1150306,0.1874516,0.25013568,0.11247588,0.18986207,0.32147096,0.34014894,0.21206439,0.21458533,0.18906566,0.33757254,0.19191546,0.1603375,0.18296971,0.23886745,0.1268121,0.14698287,0.17994787,0.09566271
1483,0.2362332,0.01090748,-0.02194845,0.2507152,-0.08184686,0.0046349,0.26926518,0.44844503,0.15263654,0.20902988,0.10038774,0.12800746,0.15885894,0.07688716,0.141735,0.19178026,0.0788034,0.14507756,0.23748283,0.23847588,0.13966777,0.16304604,0.14150377,0.25457008,0.15157095,0.12623968,0.14591781,0.19331694,0.09791078,0.11308109,0.14213583,0.06487373
1484,0.48061142,0.01431282,-0.00388501,0.29000542,-0.0911928,-8.478e-05,0.3024566,0.4750996,0.17376334,0.23764966,0.10567249,0.14292113,0.18564425,0.08152285,0.16135033,0.22096978,0.08812281,0.16134857,0.26117708,0.28098805,0.1440346,0.18616157,0.1593797,0.28179389,0.16294752,0.13397357,0.15164786,0.20611844,0.09138053,0.12296185,0.159243,0.06795444
1485,0.42018708,0.01050193,-0.0168696,0.25801467,-0.08916395,0.00293384,0.29097855,0.48279539,0.14403607,0.20637104,0.08293172,0.11643551,0.15107337,0.06105039,0.13042895,0.18732732,0.05908354,0.13057246,0.22974569,0.24357685,0.12407645,0.1549961,0.13211063,0.25010917,0.14218147,0.11350755,0.12996514,0.18247368,0.07633258,0.10001628,0.1319554,0.04842569
1486,0.51565493,0.01176717,-0.01188618,0.28046926,-0.09325417,0.00447054,0.27744938,0.47425253,0.15456463,0.21591229,0.09723827,0.13446494,0.16854877,0.07867743,0.14799642,0.20200288,0.08301348,0.1449105,0.26196493,0.27810853,0.1448901,0.16387202,0.14701372,0.27821658,0.14888622,0.1269101,0.13975044,0.19212061,0.0888489,0.11578176,0.14886669,0.06460092
1487,0.59807099,0.00752606,-0.04449714,0.26438442,-0.09295764,0.00823207,0.26090245,0.48797461,0.13558881,0.19534107,0.07644425,0.11106803,0.14452159,0.06069584,0.1193752,0.17381247,0.05490189,0.12433565,0.23151854,0.24966792,0.12477798,0.14221385,0.11886083,0.24130153,0.1372866,0.1067499,0.13105367,0.18161393,0.07447735,0.09979263,0.12835367,0.05069644
1488,0.15557855,0.00645629,0.00079671,0.25456806,-0.07825533,0.00179956,0.27236082,0.47442707,0.16526016,0.22625734,0.11576911,0.13103177,0.16180763,0.07580034,0.14850514,0.20187722,0.08316174,0.15399414,0.25408992,0.25732472,0.14737574,0.17615741,0.14654468,0.27362275,0.15189999,0.11792389,0.14381602,0.19357209,0.1009167,0.1062661,0.14115471,0.05390596
1489,0.42990762,0.02351437,-0.01281422,0.27487169,-0.09197349,0.0027635,0.29714913,0.47852653,0.14479811,0.20891739,0.08298666,0.12120739,0.1572104,0.06450083,0.137233,0.19491963,0.06656735,0.13456822,0.23965195,0.26267282,0.12907326,0.1554737,0.13484754,0.25929299,0.13909458,0.11543299,0.13021729,0.18500128,0.07181059,0.10353846,0.13790606,0.04942118
1490,0.40725532,0.01928843,-0.02533271,0.2830133,-0.09354505,0.00445617,0.31313448,0.45519997,0.16659143,0.2290773,0.10651819,0.14277182,0.17937996,0.08821896,0.15619833,0.21018193,0.08480614,0.15690932,0.26065334,0.27407124,0.15890073,0.17506795,0.15483035,0.27482913,0.1617178,0.13519599,0.15178786,0.20448658,0.09854184,0.12219593,0.15469326,0.0724731
1491,0.26086741,0.03063872,0.01599813,0.24215138,-0.08457006,0.00133989,0.25555442,0.47381154,0.13101377,0.18966615,0.07484674,0.11000817,0.13931352,0.05735309,0.12353098,0.17478889,0.06068154,0.12160734,0.21666855,0.23622529,0.1144076,0.14167027,0.12517557,0.23804993,0.13299011,0.10990598,0.12228761,0.16822273,0.07392899,0.09670564,0.1244266,0.0451355
1492,0.42982885,0.00961093,0.00696853,0.29247074,-0.08727346,0.00085884,0.29730458,0.46719099,0.17211844,0.23069266,0.11724071,0.14736332,0.18270722,0.09375915,0.16433166,0.21836432,0.10094367,0.16307925,0.27051773,0.28773108,0.15585194,0.18526669,0.16332098,0.28886554,0.16468548,0.13811114,0.15593414,0.2060212,0.10683007,0.1275727,0.16185871,0.07918643
1493,0.45706917,0.03208261,-0.01546268,0.29432466,-0.10005176,0.00507634,0.31168891,0.48465238,0.16139359,0.22323383,0.1008104,0.13338145,0.16339527,0.08143089,0.1475282,0.20185164,0.07940472,0.14820155,0.26436825,0.28002509,0.15467081,0.1687599,0.1447294,0.27995578,0.15933008,0.13072569,0.15067316,0.20286577,0.09399186,0.1175868,0.14854644,0.06773174
1494,0.26517107,0.01553278,0.00903486,0.25987478,-0.08582617,0.00117793,0.28228359,0.46463747,0.16167335,0.22124525,0.1072388,0.13378938,0.17061232,0.07709342,0.1518483,0.2050144,0.08594673,0.15082275,0.25095133,0.26187659,0.13065407,0.17324951,0.14960503,0.27163373,0.15541939,0.12923102,0.14331601,0.19568296,0.09588221,0.11838272,0.15352308,0.06304499
1495,0.36738712,0.01899414,-0.01373927,0.31101223,-0.10062983,0.00450131,0.33947717,0.49924826,0.19381755,0.25741938,0.13209184,0.1563944,0.18938569,0.10080603,0.17136951,0.23077721,0.09924475,0.17784465,0.29092721,0.30797364,0.17815354,0.2032536,0.16971765,0.30891287,0.1880468,0.14743378,0.17804677,0.23251378,0.12011946,0.13606137,0.17091534,0.08378858
1496,0.27437817,0.01608675,-0.00815482,0.29322078,-0.09230645,-0.00066374,0.32421956,0.46410356,0.18965765,0.25294484,0.13513586,0.1520819,0.18470611,0.09667428,0.17186228,0.22701586,0.10329272,0.17510863,0.28400822,0.28658623,0.17227892,0.19792652,0.16465064,0.29995153,0.18261242,0.1428714,0.17360319,0.22601583,0.12393364,0.1319667,0.16491623,0.07937572
1497,0.48331901,0.03327044,0.00533975,0.31459483,-0.10322059,0.00019963,0.34554532,0.50940936,0.19386015,0.26408578,0.12812306,0.15144738,0.17913876,0.08954527,0.17107919,0.23324932,0.0935676,0.17472334,0.30471341,0.3210995,0.19037404,0.20821329,0.17078649,0.32949653,0.17983193,0.13773928,0.16716584,0.22370587,0.11037821,0.12174,0.15591313,0.06474077
1498,0.43705661,0.01209542,-0.0250855,0.28152966,-0.09296814,0.00521933,0.30027403,0.48266902,0.17012677,0.22874712,0.10924652,0.146765,0.18249275,0.09257949,0.1600823,0.21258174,0.09469325,0.15994511,0.2675555,0.27897745,0.15844691,0.18177835,0.16099877,0.28504871,0.1671502,0.13900121,0.15733944,0.20607446,0.10509093,0.1291112,0.15859136,0.08115564
1499,0.34122968,0.00250551,0.01075579,0.26447728,-0.08681807,0.00152743,0.27415841,0.52171494,0.14247541,0.20246721,0.08514545,0.11516109,0.14784592,0.0574082,0.13260395,0.19048635,0.06560176,0.12831784,0.24043006,0.26458576,0.13056388,0.15687182,0.13416387,0.26398512,0.13209683,0.10506418,0.12055353,0.17126254,0.07161339,0.09236408,0.12712174,0.04021716
1500,0.39679069,0.00243289,-0.03184973,0.28763632,-0.09494591,0.00210005,0.31959965,0.45901127,0.18338304,0.24510356,0.12315202,0.14497637,0.18099411,0.09108991,0.16191994,0.21859969,0.09233204,0.166527,0.27598853,0.27995,0.16197858,0.19385342,0.15821146,0.29156571,0.17397383,0.13304552,0.16415304,0.21828729,0.10969916,0.12379653,0.15639189,0.07400784
1501,0.38765474,0.00759254,-0.00547713,0.29333125,-0.09201761,0.00237892,0.32069986,0.50738738,0.1698002,0.2324663,0.11152901,0.1329144,0.16453657,0.07765882,0.1503116,0.21030877,0.07937395,0.15412382,0.26333489,0.28487154,0.14658478,0.18172592,0.14809921,0.28342649,0.16366089,0.12532654,0.15323322,0.20643517,0.09964202,0.11518159,0.14972634,0.06262171
1502,0.55069772,0.02359811,-0.01226705,0.33114591,-0.10644861,0.00489694,0.3436594,0.49914948,0.19679017,0.25950809,0.12983212,0.15996622,0.19862011,0.10486731,0.17732679,0.23725642,0.10585358,0.17950635,0.29583001,0.3143834,0.17900253,0.20606224,0.17272719,0.31118243,0.1885585,0.15210295,0.1793475,0.23443373,0.11787784,0.14229332,0.17545406,0.09062547
1503,0.60574654,0.00664163,-0.01267228,0.30784991,-0.09841735,0.00255827,0.31038596,0.48784437,0.18297398,0.24364749,0.1183573,0.15851493,0.19637637,0.10441433,0.1706845,0.22921008,0.10416917,0.16920907,0.28548895,0.30528266,0.17401384,0.19237219,0.17025671,0.29845943,0.1758418,0.15002023,0.16608427,0.22048551,0.11098121,0.14116431,0.17683375,0.08940841
1504,0.24778351,0.03575992,0.01545129,0.30800097,-0.10052842,0.00425165,0.31773376,0.47263964,0.19104357,0.25597827,0.12461505,0.16243077,0.19920684,0.10285891,0.17759636,0.23726794,0.1054518,0.17884044,0.29393861,0.30563467,0.17879742,0.19957158,0.17564812,0.31062421,0.17719585,0.15064591,0.16777941,0.22364477,0.11090193,0.13798207,0.17217606,0.08273174
1505,0.3348658,0.03131217,-0.018055,0.24862133,-0.08512756,0.00392427,0.2851133,0.45909733,0.15398722,0.21121766,0.10133829,0.11965055,0.14996829,0.07179084,0.13735889,0.18675038,0.07520205,0.14029451,0.24032502,0.24556655,0.13145092,0.16001626,0.12954853,0.25534323,0.14562351,0.11444602,0.13813559,0.18539517,0.08648708,0.1051009,0.13512609,0.05521387
1506,0.28674078,0.01932044,0.00811405,0.22994102,-0.07099571,-1.224e-05,0.2472283,0.44754874,0.14007193,0.19644604,0.09183862,0.1193259,0.15040881,0.06457838,0.13260569,0.18246793,0.07185637,0.13251584,0.22279322,0.23048867,0.12112674,0.1509074,0.13562196,0.24262894,0.13770246,0.11798917,0.1265063,0.17339319,0.08310102,0.10395529,0.13609003,0.05281405
1507,0.4732943,0.01927875,-0.00843628,0.31660312,-0.10434635,0.00363655,0.34909443,0.49767959,0.18261346,0.24735164,0.11425702,0.15336552,0.1886947,0.09558888,0.16923441,0.22888158,0.09457708,0.16810254,0.29639068,0.31334229,0.19021019,0.19217587,0.16769377,0.31258284,0.17075562,0.14114483,0.16187611,0.2162249,0.10206019,0.12787156,0.15982428,0.07680869
1508,0.44643779,0.00293381,-0.00013495,0.28335621,-0.0888737,-0.00010056,0.29591367,0.46460543,0.16470286,0.2292424,0.09952673,0.13585229,0.17679198,0.07407732,0.15346795,0.21460418,0.07941403,0.15241072,0.2557274,0.27866077,0.14810848,0.17670817,0.15407162,0.2767155,0.15248651,0.12304776,0.14077201,0.19316451,0.08561661,0.11008064,0.14549287,0.05582332
1509,0.42342455,0.01533663,-0.02126458,0.2724982,-0.08766024,0.00352794,0.29177791,0.46795654,0.17090552,0.2376291,0.10722523,0.13986666,0.17780505,0.07792396,0.15226482,0.211401,0.07983619,0.1619364,0.25576968,0.26869985,0.14636556,0.18232946,0.15400867,0.27454976,0.1641581,0.13229976,0.15496524,0.21030466,0.09700595,0.12082286,0.155587,0.06301772
1510,0.5738123,0.03216272,0.01051014,0.33148519,-0.10655704,0.00569525,0.33727352,0.51062958,0.19344641,0.25378116,0.13010772,0.16223225,0.19682209,0.10743115,0.17827332,0.23666672,0.10754908,0.17924034,0.30486549,0.32964709,0.19019884,0.20281252,0.17677872,0.3213311,0.18608131,0.15323407,0.17508299,0.22646792,0.11849515,0.14287262,0.17559403,0.09226868
1511,0.47211528,0.01503851,0.01040097,0.30315617,-0.0927185,-0.00429326,0.31357896,0.48264644,0.17431338,0.23947452,0.11234293,0.14339688,0.17921298,0.08257889,0.16318115,0.2236156,0.08803028,0.15944204,0.27032281,0.29481594,0.168006,0.18599389,0.16107246,0.29045752,0.16443879,0.13220535,0.15403127,0.20832538,0.0999621,0.11797653,0.1548363,0.06612619
1512,0.40688815,0.01429211,-0.01944585,0.23594076,-0.08162792,0.00592773,0.23494099,0.47441335,0.11741175,0.17265616,0.0624444,0.10304922,0.13675835,0.05678104,0.11353928,0.16202481,0.05346521,0.11037429,0.20218275,0.22037729,0.10510872,0.12468412,0.11248146,0.21662391,0.11604459,0.10210823,0.10953921,0.15597061,0.05824549,0.09354493,0.12214718,0.04724989
1513,0.51649342,0.00546965,-0.03095105,0.27574266,-0.095985,0.00414289,0.29662534,0.50344691,0.15960734,0.21958971,0.09503027,0.12426369,0.16171267,0.0709185,0.13788733,0.19407958,0.06640627,0.14307467,0.24494026,0.26902387,0.13193445,0.16883858,0.13575509,0.26115967,0.15486417,0.11948847,0.14396378,0.19524122,0.08663219,0.11196718,0.14413952,0.0595726
1514,0.29026274,0.00523494,-0.0103239,0.2941159,-0.0949337,0.00274509,0.31528247,0.50913765,0.18386584,0.24574562,0.12225647,0.15404548,0.18860956,0.09619608,0.16918309,0.22765991,0.09939909,0.17133067,0.27699895,0.29141317,0.15765555,0.19636168,0.17166725,0.3006069,0.17509065,0.14397562,0.16365428,0.21580364,0.11068451,0.13051535,0.16560414,0.07553949
1515,0.18889203,0.00621911,-0.00571213,0.24027107,-0.07771589,0.00142498,0.24727174,0.46453682,0.14085729,0.19776416,0.09253172,0.1059912,0.13306146,0.05497095,0.1240981,0.17541169,0.06354207,0.12527396,0.22907971,0.24046699,0.11804378,0.15036006,0.11817335,0.24615271,0.14017108,0.10330171,0.13064958,0.1775876,0.08673514,0.09499284,0.12324206,0.04545185
1516,0.43730426,0.00622792,-0.00073094,0.27699152,-0.0854016,0.00101705,0.28015039,0.50309375,0.15942935,0.22081208,0.09906531,0.13705901,0.16817531,0.08329534,0.14790353,0.20507195,0.08073545,0.14626418,0.25224829,0.27240064,0.16032263,0.16906419,0.15182372,0.26955259,0.15058303,0.12621295,0.14140593,0.19177264,0.09155555,0.11307447,0.14642906,0.06354496
1517,0.5825009,0.01850207,0.00271171,0.30820231,-0.10044891,0.00530757,0.33555452,0.44770072,0.19227253,0.25048876,0.12936949,0.16326023,0.19866255,0.10948593,0.17718751,0.23179842,0.11014312,0.18086614,0.28841168,0.29378241,0.18418166,0.20011235,0.17766122,0.30355183,0.18230355,0.15555483,0.1748539,0.22389264,0.12083876,0.13913294,0.16939288,0.09043582
1518,0.10367806,0.01222471,-0.00748774,0.22765694,-0.07522292,0.00179977,0.22210968,0.46398065,0.1352712,0.19291549,0.08656566,0.10590949,0.1382734,0.05271962,0.12133686,0.17249918,0.06064932,0.12257389,0.22778883,0.22856858,0.10618348,0.14324532,0.11745563,0.24269945,0.1307752,0.10092619,0.12143251,0.17025975,0.0769871,0.09287878,0.12410202,0.03914842
1519,0.32006198,0.02175481,-0.01029604,0.27299579,-0.08715836,0.00061113,0.29533587,0.49463158,0.16021647,0.21880182,0.10324413,0.13114307,0.16184024,0.08340739,0.14638026,0.20013527,0.08154393,0.14489156,0.25484566,0.26204405,0.15714148,0.16770637,0.14133924,0.2689981,0.15564569,0.12567606,0.14910171,0.20176607,0.09793388,0.11717316,0.14741432,0.07134514
1520,0.38947226,0.01510734,-0.02636601,0.24827139,-0.07890952,0.00422576,0.26746967,0.47138828,0.14464996,0.19986365,0.09324854,0.12154322,0.15324499,0.07741502,0.13598521,0.18214983,0.07638044,0.13549476,0.22712213,0.23778545,0.13848694,0.14969541,0.12861861,0.23679879,0.14252134,0.11733997,0.13847996,0.18314211,0.08904502,0.11028222,0.13706629,0.06694831
1521,0.51885682,0.01808545,0.00148199,0.28841457,-0.09396269,-0.00097487,0.32455485,0.49378908,0.16202919,0.22398032,0.10680871,0.13216375,0.1632295,0.08142197,0.14769852,0.20232783,0.08066141,0.14843852,0.25533447,0.27979281,0.14767393,0.17308491,0.14590893,0.27431669,0.15689243,0.12668312,0.14717727,0.19830105,0.0977716,0.11723967,0.14748404,0.06682011
1522,0.51208147,0.02475584,-0.01758331,0.32865546,-0.10518312,0.00557536,0.35487845,0.47306061,0.2033269,0.26149724,0.14246755,0.16969379,0.20273548,0.12206757,0.1863628,0.23913361,0.12084177,0.1876618,0.31484353,0.32567518,0.20899356,0.20686412,0.17699927,0.32336738,0.19050241,0.15583474,0.18377088,0.23513039,0.12940311,0.14904719,0.1800256,0.10303315
1523,0.37103448,0.02736119,0.01114982,0.27592442,-0.08767974,-0.00533779,0.31122172,0.50145888,0.15241181,0.22146765,0.09553726,0.12319796,0.15398796,0.06225927,0.14288756,0.20239997,0.06898163,0.13984852,0.24760152,0.2726234,0.14444646,0.16604506,0.14197136,0.27276734,0.14507178,0.11415103,0.1323941,0.18790256,0.08196982,0.09930288,0.13587208,0.04296285
1524,0.30841252,0.01324072,0.01108502,0.27029648,-0.08189436,-0.00179236,0.28450355,0.50593133,0.15093577,0.2141526,0.09178214,0.1133062,0.14233795,0.05796371,0.13205405,0.18940504,0.05948445,0.13500085,0.24007289,0.26150485,0.13905013,0.16375293,0.13058973,0.26328194,0.14071922,0.10279639,0.1311855,0.18198929,0.07842952,0.09099022,0.12448224,0.04104047
1525,0.47220321,0.01088734,-0.02633094,0.27905372,-0.08895052,0.00319017,0.27838055,0.48322522,0.16094026,0.22035757,0.10328698,0.13413528,0.16792253,0.07997962,0.14638735,0.19918123,0.08111463,0.14750901,0.26166606,0.2704785,0.14708992,0.168394,0.14522932,0.27563481,0.15215444,0.1225593,0.14343611,0.19258413,0.09076432,0.11261101,0.14556636,0.06429591
1526,0.20635825,0.02903829,-0.00473981,0.22294404,-0.07430643,0.00260701,0.23033591,0.45704339,0.13022179,0.1872732,0.07967061,0.10432056,0.13688599,0.05305044,0.12048725,0.16717088,0.0592451,0.12094941,0.2012148,0.21447498,0.09326433,0.14084531,0.11798283,0.22093349,0.12913579,0.10296014,0.11774796,0.16644384,0.07007986,0.09391374,0.12379931,0.04137644
1527,0.44081714,0.02272378,-0.00266887,0.28900938,-0.08906871,0.00029268,0.30551145,0.49966834,0.18420597,0.24454378,0.12674941,0.14811881,0.18225985,0.08890367,0.16442124,0.2206822,0.09663469,0.1697039,0.26985647,0.28505613,0.15861764,0.19583915,0.16651161,0.29222275,0.17873782,0.14094408,0.16546668,0.21528482,0.11524479,0.12633509,0.15981371,0.07371724
1528,0.45671521,0.0072116,-0.01794873,0.26250012,-0.08161109,0.00201784,0.26443396,0.45704138,0.15215046,0.21771678,0.08638723,0.12656476,0.16613417,0.06690961,0.14124004,0.19915416,0.0668118,0.14262118,0.22896614,0.25366573,0.11992099,0.16383099,0.14104683,0.24902961,0.14716911,0.12101869,0.13419896,0.19049213,0.0758352,0.11226049,0.14463233,0.05491224
1529,0.37659236,0.01332688,0.00142771,0.25630848,-0.08075555,0.00165037,0.26518957,0.44695838,0.15926704,0.21969311,0.10583428,0.13432021,0.16603367,0.07702921,0.14590043,0.19926761,0.08183541,0.14955062,0.2418129,0.25055507,0.13459586,0.17162667,0.15186596,0.26243824,0.15623264,0.13098196,0.14577953,0.19496883,0.09893778,0.11608659,0.14619271,0.06371435
1530,0.28393011,0.01715572,-0.00794217,0.22901122,-0.07503465,0.00219638,0.23429502,0.45810037,0.14242987,0.20181827,0.09029579,0.1141306,0.14690615,0.05919462,0.12806053,0.17943607,0.06388971,0.13337042,0.21504983,0.21935888,0.10234814,0.15308885,0.12863718,0.23521523,0.14175597,0.1147853,0.13186621,0.18111465,0.08334536,0.10428429,0.13474964,0.0484374
1531,0.38840699,0.0221971,-0.02506418,0.26932597,-0.09164913,0.00601411,0.30026925,0.46054787,0.1673125,0.22701075,0.10473388,0.13764957,0.17313612,0.08314669,0.14886478,0.20246623,0.08022095,0.15526501,0.2511164,0.26420938,0.1444336,0.17601778,0.14835345,0.26630501,0.1625354,0.13177846,0.15248603,0.20715407,0.09605269,0.12312651,0.15424645,0.0673803
1532,0.18958,0.02010198,0.02336301,0.2616248,-0.08521213,-0.00288563,0.29575527,0.49215016,0.14955632,0.20626204,0.09853715,0.11675961,0.14534994,0.06393768,0.13765753,0.18872744,0.07197012,0.13418562,0.24758983,0.2616063,0.13735307,0.1610844,0.13314803,0.26999979,0.14121041,0.11082895,0.13212421,0.18045319,0.08831837,0.09953985,0.13107322,0.05028023
1533,0.56434295,0.01778251,-0.00505271,0.27737929,-0.09145713,0.00413063,0.29052235,0.46695435,0.15868997,0.21658051,0.09874279,0.12735251,0.16516998,0.07421381,0.1431892,0.19735541,0.07774166,0.14644677,0.24402924,0.26374987,0.13345877,0.16695662,0.13974076,0.26006809,0.15705745,0.12645846,0.14710734,0.19647888,0.09251254,0.11664412,0.14825702,0.06619853
1534,0.50462766,0.01924865,-0.0201095,0.31336311,-0.10630306,0.00598298,0.38214377,0.49508257,0.20054598,0.26241778,0.14129213,0.15484419,0.18575464,0.10574278,0.17509599,0.23046063,0.10659652,0.17882329,0.30239853,0.31792322,0.19035817,0.21163911,0.16814921,0.32078031,0.19248304,0.14442378,0.17998409,0.23258557,0.12871766,0.13590077,0.16613121,0.08845961
1535,0.46734949,0.0233074,-0.01270121,0.29764251,-0.09122494,0.0026442,0.31732791,0.48330922,0.19116151,0.24746357,0.13232853,0.154687,0.19240744,0.10384211,0.1710692,0.22590259,0.10728177,0.17706022,0.28305029,0.29494104,0.17339709,0.19849582,0.16509402,0.2959753,0.18282477,0.14580945,0.17501707,0.22201584,0.12110129,0.13905387,0.16972317,0.09116495
1536,0.29502049,0.0101852,-0.00970381,0.25304637,-0.08391982,-0.00360334,0.24595573,0.50486984,0.12684936,0.18705671,0.07438069,0.09196413,0.12361312,0.03781814,0.11190247,0.16568373,0.04411056,0.10879331,0.21246075,0.23179981,0.09944697,0.13744148,0.10699897,0.23371289,0.12544318,0.08756647,0.11283244,0.1639441,0.06628319,0.07754377,0.10984981,0.02874098
1537,0.47080256,0.02756395,0.0012286,0.30108627,-0.09892524,-1.434e-05,0.32797346,0.48369583,0.17304525,0.23271756,0.11654779,0.1436581,0.17515626,0.09156897,0.16186643,0.21268279,0.09598953,0.15919868,0.28556703,0.29582012,0.17160715,0.18096934,0.15439996,0.29946177,0.16676186,0.13581914,0.15813085,0.20852412,0.10734151,0.12547099,0.15733607,0.07627512
1538,0.53273287,0.01688462,-0.01089921,0.26768577,-0.09598886,0.00671077,0.30852722,0.47755172,0.15817024,0.21651043,0.09903896,0.13224918,0.16884878,0.08215837,0.14442883,0.1958289,0.07901279,0.14658272,0.24515165,0.26087515,0.12230325,0.16910877,0.14319692,0.26111665,0.15708003,0.1330468,0.14654267,0.19988392,0.09360923,0.12697501,0.15641918,0.07383587
1539,0.3030482,0.01849765,-0.02422014,0.21106049,-0.06922086,0.00408376,0.22372933,0.44410544,0.12672319,0.18367677,0.07618615,0.10456486,0.13563042,0.05583421,0.11631531,0.16336405,0.05583798,0.11991843,0.19337191,0.20382606,0.10184852,0.1359951,0.11664104,0.2095522,0.13202503,0.10654742,0.12174079,0.17007,0.07344579,0.09745832,0.12610372,0.04820161
1540,0.43808529,0.02199618,-0.01813438,0.29712098,-0.0957437,0.00413096,0.30363606,0.50082667,0.17971997,0.24115683,0.12398341,0.14334893,0.18033712,0.09074257,0.16171601,0.21658304,0.09776946,0.16543595,0.27434559,0.28449048,0.14552873,0.18584126,0.15182514,0.28664053,0.1785791,0.14010289,0.16791711,0.22006356,0.1152642,0.13487185,0.16720113,0.07950317
1541,0.38607969,0.01514585,-0.00554849,0.24619902,-0.08151468,0.0053272,0.25918936,0.45824665,0.14467103,0.20198819,0.09408445,0.11986258,0.1534854,0.06743927,0.13437091,0.18416603,0.07061812,0.13523499,0.23156632,0.23801428,0.1220961,0.1557145,0.13418739,0.25052386,0.14227422,0.11772854,0.1332133,0.1825943,0.08667238,0.10713173,0.13822912,0.05764089
1542,0.27599875,0.00696753,0.00444405,0.22242589,-0.07435821,0.00102456,0.23028948,0.47399411,0.10720408,0.15977341,0.06303371,0.0832356,0.10626482,0.0354706,0.09910174,0.14743019,0.04010127,0.09354827,0.19209467,0.21517427,0.10241248,0.11657292,0.09800997,0.21239528,0.10541788,0.08145409,0.09584125,0.13805517,0.05624491,0.06824513,0.09590121,0.02382554
1543,0.53960346,0.01743404,-0.03708058,0.3061209,-0.09938392,0.0058269,0.3304645,0.45570865,0.18861784,0.24935634,0.12863352,0.15312754,0.18717114,0.10267833,0.1656708,0.22167132,0.09671086,0.17243293,0.28242497,0.28744879,0.18886393,0.19288571,0.16051304,0.29080858,0.17940451,0.14030783,0.17407256,0.22569406,0.11727662,0.12964889,0.1627108,0.08219713
1544,0.48384684,0.01765051,-0.03716402,0.29003116,-0.10051678,0.0050821,0.30516294,0.46511535,0.16757254,0.23173661,0.09972983,0.13182363,0.17022682,0.07765273,0.15019363,0.20778972,0.07820283,0.15326192,0.26765793,0.27873915,0.14580447,0.17383251,0.13956007,0.27951855,0.15849199,0.12355772,0.15176827,0.20900549,0.0875669,0.11582317,0.15106254,0.06130581
1545,0.28549949,0.01570058,0.00014238,0.24824873,-0.08836519,0.00256164,0.26824919,0.47550794,0.12702974,0.18273142,0.07322569,0.10816084,0.13365577,0.05824851,0.12256535,0.17217997,0.06015672,0.11655338,0.23348242,0.24457392,0.12460838,0.13777015,0.12236644,0.25268247,0.1299704,0.10852808,0.12092646,0.16627315,0.07188853,0.09603101,0.12129132,0.04871372
1546,0.44291891,0.01259109,-0.00493217,0.27534049,-0.08646868,0.00327538,0.28233441,0.48248544,0.17125964,0.23073878,0.11280246,0.14150238,0.17870241,0.08636864,0.15756237,0.21270813,0.09101168,0.15956614,0.26163919,0.27146538,0.15159601,0.18110497,0.15648142,0.28056805,0.16418837,0.13557898,0.15430003,0.20325938,0.10313141,0.12449974,0.1576108,0.07311353
1547,0.34444526,-0.00483664,0.0088904,0.26834951,-0.08538476,-0.00295788,0.28965094,0.50736478,0.1488951,0.2107136,0.09106426,0.1086303,0.13829149,0.05215422,0.12930037,0.18852928,0.05689016,0.12958956,0.2446935,0.26948571,0.13215988,0.16187982,0.12788301,0.26930572,0.14272184,0.09828129,0.12786688,0.17826652,0.0785648,0.08621243,0.1186321,0.03551349
1548,0.22120727,0.01163445,0.0164228,0.24226152,-0.07803624,-0.00529596,0.26498278,0.47087719,0.14346628,0.20512791,0.08965659,0.11090287,0.14252218,0.05334534,0.12961867,0.18337854,0.06168163,0.13051567,0.2301605,0.24590723,0.120809,0.15769755,0.12899399,0.25378068,0.13582873,0.10204236,0.12438181,0.17553953,0.07783684,0.09070725,0.12553456,0.03850595
1549,0.41828216,0.01930139,-0.00629393,0.26106573,-0.08629584,-0.00026698,0.274414,0.47992615,0.15052485,0.2121602,0.09226035,0.11616796,0.15623414,0.05972367,0.1365722,0.19034317,0.06845662,0.13723717,0.23133632,0.24695899,0.10589507,0.16134143,0.12950941,0.25148931,0.14989049,0.11517484,0.1380829,0.19110967,0.08521289,0.10776497,0.14122812,0.05270083
1550,0.46299617,0.01911892,-0.02992039,0.28066703,-0.08972058,0.00327265,0.30276194,0.4644865,0.17105835,0.23255039,0.10747015,0.13977179,0.17616651,0.08618626,0.15400856,0.2097608,0.08568335,0.15962615,0.25539428,0.26841642,0.16182666,0.1777965,0.15096165,0.26962518,0.16157545,0.13065049,0.15250935,0.205139,0.09402419,0.1194375,0.15247526,0.06780149
1551,0.38113733,0.01957654,0.01177804,0.28181434,-0.08921713,0.00325347,0.28719118,0.49634142,0.16895585,0.22715277,0.11301694,0.13499375,0.16715689,0.08052587,0.15527816,0.20961255,0.09041816,0.15555136,0.27143659,0.27936514,0.15993141,0.17930292,0.15023595,0.2897508,0.15919825,0.12459461,0.15228472,0.19794022,0.10412848,0.11309433,0.1455716,0.06439288
1552,0.46033804,0.01322544,-0.0252932,0.27174845,-0.08954745,0.00757961,0.28420123,0.45612718,0.15801584,0.21861315,0.09865032,0.13290342,0.16784186,0.07851207,0.14443933,0.19883065,0.07726197,0.14699363,0.24501693,0.25868262,0.13884874,0.16433936,0.14380189,0.25977067,0.15348857,0.12672859,0.1439688,0.19390523,0.09012257,0.11606856,0.14527059,0.06386973
1553,0.47437079,0.01123541,-0.01638363,0.28040713,-0.08861218,0.00156583,0.2846579,0.47562436,0.17672031,0.23998594,0.11385817,0.1288174,0.15788911,0.07147476,0.14308265,0.20097568,0.0718649,0.15798082,0.26021342,0.27308742,0.15583109,0.18769859,0.14291121,0.27792137,0.17016157,0.11886099,0.15915627,0.21239763,0.10169783,0.10790053,0.13995737,0.05409578
1554,0.1895646,0.03098414,-0.00542107,0.29907214,-0.09742292,0.00232285,0.33721519,0.48607936,0.18501063,0.24792284,0.12336953,0.15384317,0.19320794,0.09732694,0.17137792,0.22999725,0.10021702,0.1711931,0.28641354,0.29461649,0.16607012,0.19441555,0.16721104,0.3027459,0.17929741,0.14607953,0.1684238,0.22378124,0.11240538,0.13559247,0.16938053,0.08199474
1555,0.58389087,0.01801936,-0.02662532,0.27009814,-0.09015188,0.00226015,0.27016973,0.48418861,0.14749066,0.20999311,0.08327209,0.11721195,0.15319095,0.06325386,0.12965931,0.18520604,0.05989619,0.13422938,0.2309609,0.25686665,0.12698847,0.1552565,0.12856671,0.24658357,0.14014805,0.10859419,0.12945917,0.1837403,0.06998744,0.09927381,0.13165506,0.04616467
1556,0.42214702,0.0183191,-0.03023741,0.29803158,-0.09932304,0.00660974,0.3159396,0.46982827,0.19169955,0.25441781,0.13212144,0.15258415,0.19055828,0.09903777,0.17016037,0.22604142,0.10367927,0.17737565,0.2837801,0.29391925,0.16669214,0.19873712,0.16174324,0.29530452,0.18402496,0.14432598,0.17502181,0.23138757,0.11916754,0.1378572,0.17280928,0.08324662
1557,0.62654851,0.00202061,-0.03125497,0.26706008,-0.09696087,0.00504022,0.27965852,0.48861604,0.13943546,0.19376826,0.07994943,0.10630106,0.13917426,0.06017726,0.1208611,0.17129434,0.05707316,0.12274232,0.23703367,0.25357732,0.1167504,0.14557565,0.11471411,0.24955299,0.13593139,0.10173691,0.12814008,0.17357482,0.07433193,0.09433929,0.12220476,0.04820685
1558,0.43227607,0.04299754,0.01068959,0.31377485,-0.10678546,0.00062448,0.32543536,0.50570481,0.17746924,0.24256074,0.11352578,0.14982318,0.18781534,0.0917821,0.17114019,0.227979,0.10071499,0.16452758,0.295073,0.31176901,0.1680043,0.18774754,0.16439297,0.31443385,0.169871,0.14349517,0.1585238,0.21077212,0.10265365,0.13227559,0.16747925,0.07828219
1559,0.39236016,0.01387849,-0.01781034,0.30639337,-0.09773266,0.00562678,0.33895443,0.49115411,0.18939751,0.25153718,0.1267252,0.15727099,0.19128913,0.10401573,0.17158254,0.22850926,0.10131846,0.17611834,0.29453784,0.3006068,0.18951856,0.19687697,0.16949432,0.30841659,0.18109331,0.14617583,0.1732749,0.22598994,0.11598679,0.13496295,0.16763609,0.0850552
1560,0.57017596,0.01541618,-0.0370756,0.24523084,-0.0911792,0.01093673,0.2496664,0.46700967,0.11067984,0.16736959,0.04961376,0.09128366,0.1192859,0.04404925,0.09793725,0.14813287,0.03145398,0.09866356,0.20595654,0.22564336,0.11376361,0.11352736,0.09759522,0.21583226,0.11160893,0.08889782,0.10540267,0.14906869,0.0469253,0.07894813,0.10134972,0.03361425
1561,0.35033139,0.02437607,-0.04117073,0.24426078,-0.07754938,0.0004905,0.25816862,0.45942672,0.14693087,0.20932958,0.09306699,0.11765938,0.1484699,0.0685831,0.13024692,0.18120061,0.06725325,0.13545169,0.21921099,0.22952483,0.12888447,0.152202,0.12599747,0.23169487,0.14874303,0.11778617,0.14076248,0.19213213,0.08737827,0.10864804,0.14026965,0.05732592
1562,0.49391699,0.01121711,-0.04573673,0.26557775,-0.09421752,0.00845936,0.27899182,0.47955683,0.152199,0.20671064,0.09594133,0.11763525,0.15071295,0.07223899,0.13299404,0.18220529,0.07143411,0.13502791,0.24662679,0.25956715,0.13898935,0.15520247,0.12327684,0.25568769,0.14953403,0.11441964,0.14189059,0.18752015,0.09089509,0.10822203,0.13520261,0.06306618
1563,0.4043554,0.00963754,-0.02408004,0.26668642,-0.08960463,0.00407258,0.29140964,0.45859679,0.16141765,0.22176485,0.10064593,0.14074917,0.17945007,0.08461829,0.1533875,0.20926469,0.08678833,0.15356048,0.25728614,0.26607036,0.14588593,0.17134961,0.15310627,0.27202851,0.15652,0.13441857,0.14819998,0.20066757,0.09105533,0.12385857,0.15783541,0.06908698
1564,0.44071147,0.02822493,0.01247063,0.28447947,-0.09082672,-0.00024133,0.28921409,0.48819737,0.16122115,0.22229592,0.10030404,0.13291666,0.17291471,0.07473793,0.15134761,0.20773004,0.0817505,0.1499296,0.25118851,0.27908279,0.13392688,0.17531521,0.15026568,0.27473217,0.15298516,0.12569576,0.14072537,0.1933761,0.08769,0.11647793,0.15199867,0.06208738
1565,0.41437625,0.01445434,-0.00970644,0.28304184,-0.09330926,0.00205981,0.28521672,0.46494473,0.1532993,0.21761147,0.09188019,0.13008256,0.16389784,0.07341306,0.1434352,0.20070884,0.07280245,0.14211522,0.2539511,0.27296027,0.14276475,0.16312246,0.1435969,0.2711323,0.14769016,0.12462707,0.1366885,0.19173527,0.08238706,0.112707,0.14536985,0.060121
1566,0.28622319,0.01912983,-0.00306063,0.24311125,-0.07593405,0.00089402,0.24398845,0.4677681,0.14835806,0.2055477,0.09432553,0.12036208,0.15458355,0.06662733,0.13462913,0.18485506,0.07319948,0.14000111,0.22626358,0.23869578,0.11797956,0.15891265,0.13480228,0.24576127,0.1423203,0.11505226,0.13290803,0.18008249,0.08340484,0.1052245,0.13707042,0.05275754
1567,0.27543783,0.01420924,-0.03040736,0.24224692,-0.07596209,0.00530357,0.26256853,0.42104255,0.15399153,0.21151356,0.09694247,0.12680468,0.15725292,0.07724938,0.13413397,0.18345546,0.06896641,0.14363898,0.23001321,0.23551878,0.13875579,0.16013323,0.13528554,0.24117015,0.14798569,0.11958608,0.14080389,0.19104268,0.08621018,0.11128698,0.13932886,0.06096217
1568,0.42855237,0.02213676,0.01137035,0.30280802,-0.09765899,0.0044131,0.33253187,0.47738747,0.17757663,0.23782618,0.11694697,0.15505922,0.19316702,0.09917302,0.17209445,0.22865534,0.10455858,0.16873388,0.27747634,0.29614876,0.15537337,0.18929137,0.17013551,0.29720475,0.17701958,0.15323053,0.16541817,0.21561814,0.11174081,0.1414327,0.17456511,0.0875462
1569,0.52820755,0.02016851,-0.01386572,0.30656456,-0.09874191,0.00409855,0.33672362,0.48342212,0.18970399,0.25365166,0.12940723,0.16131145,0.20005063,0.10501043,0.17541175,0.23239578,0.10435202,0.18037638,0.28559697,0.30271705,0.17111948,0.20173757,0.17696689,0.30526776,0.18043374,0.15210222,0.16948342,0.22562849,0.11573946,0.14100906,0.17478839,0.08679154
1570,0.33382355,0.00410019,0.00084777,0.25234339,-0.07895598,-0.0039814,0.27482231,0.47737897,0.13832119,0.20086077,0.08418601,0.10351506,0.13410996,0.04888085,0.12488802,0.18145343,0.05574652,0.12206456,0.22578978,0.24719563,0.12547767,0.14919517,0.11995765,0.24705045,0.13468316,0.09586602,0.12204828,0.17354249,0.07373012,0.08457118,0.11895484,0.03302653
1571,0.21807364,0.02026597,-0.00359861,0.24616922,-0.07855153,0.00220897,0.27840018,0.45088207,0.15685914,0.21326577,0.10353978,0.13220061,0.16190456,0.08411846,0.14239981,0.18964754,0.08158708,0.14734815,0.23266645,0.24158827,0.14070559,0.16603113,0.14446623,0.24910307,0.15699492,0.13329459,0.14784227,0.19807603,0.09904866,0.12292015,0.15194105,0.07372359
1572,0.20385955,0.00422911,0.01341258,0.22447953,-0.06982985,-4.274e-05,0.23339477,0.48828456,0.126688,0.18368222,0.07872147,0.10204683,0.12586791,0.0459166,0.11522149,0.16615178,0.05235563,0.11558507,0.21186854,0.22565865,0.11284291,0.14093144,0.12183939,0.23747905,0.11898319,0.09389563,0.10871567,0.15234074,0.06685248,0.07798127,0.10885983,0.02929081
1573,0.29814859,0.02697734,-0.00476542,0.28482746,-0.09355877,0.00210115,0.30399782,0.49420567,0.17073605,0.23515769,0.10433884,0.14230038,0.17491509,0.08810954,0.15895533,0.21542771,0.08485303,0.15746282,0.26536147,0.28406117,0.16440293,0.18000205,0.15608706,0.28290886,0.16465966,0.13290976,0.1540831,0.20839628,0.09544128,0.12168893,0.15339485,0.06979217
1574,0.27326167,0.03068065,-0.0169119,0.28589574,-0.09432133,0.00013802,0.32768561,0.46078363,0.17073847,0.23898722,0.10765914,0.13897881,0.17624229,0.07966901,0.15868906,0.21706623,0.08163513,0.15965257,0.26552943,0.27379792,0.16014234,0.18088467,0.15185521,0.28268838,0.16731657,0.13243154,0.1585029,0.21720779,0.09759813,0.11999267,0.15659728,0.0648983
1575,0.43860416,0.02100695,0.00338204,0.24944775,-0.0835963,0.00220888,0.25589562,0.4706984,0.13191291,0.19076868,0.07707252,0.11444836,0.14691825,0.06001965,0.12849496,0.18147255,0.06465046,0.12347078,0.22312571,0.24341675,0.11575469,0.14229538,0.12976714,0.24279939,0.13165606,0.11396783,0.12064904,0.16763829,0.07134168,0.10180515,0.13091582,0.05110461
1576,0.45028926,0.00540977,-0.01044604,0.2793502,-0.09183525,0.00173067,0.30082171,0.49054174,0.15533045,0.21776266,0.09724696,0.13158614,0.16530664,0.07649203,0.1474507,0.20510261,0.07807578,0.14426971,0.2576881,0.27884109,0.1510198,0.16662689,0.14636738,0.27622599,0.14724143,0.12140098,0.13779554,0.19245737,0.08575647,0.10994857,0.14604176,0.05911988
1577,0.12534514,0.03169334,0.00508728,0.26621596,-0.08122832,0.00030723,0.25588237,0.49759122,0.17059346,0.23007991,0.11453377,0.13516653,0.17052415,0.08052266,0.15436627,0.20618354,0.08864964,0.15643854,0.2593167,0.26356848,0.13199589,0.18003456,0.14877042,0.27743807,0.16753482,0.13177868,0.15695881,0.20341925,0.10737155,0.12343666,0.15325323,0.07055883
1578,0.31691544,0.00906618,-0.00282674,0.24999454,-0.08644083,0.00450482,0.26089816,0.48959901,0.1257117,0.18325346,0.06695149,0.1096999,0.1403597,0.06020112,0.12192236,0.17520271,0.05580659,0.11595574,0.21539794,0.23940424,0.116314,0.13492468,0.12220039,0.23271082,0.12982524,0.11159967,0.12114854,0.17015966,0.0689919,0.10090107,0.12621928,0.05179899
1579,0.06261674,0.00783903,0.00733074,0.23228553,-0.07751895,0.00131563,0.26549827,0.44819411,0.12984777,0.18848457,0.08199764,0.10370288,0.12916231,0.05032425,0.1220144,0.17302779,0.05914176,0.1194568,0.22406536,0.23314313,0.11652509,0.14213964,0.12053728,0.24612178,0.12567521,0.09849097,0.11527408,0.16215195,0.07353837,0.08417246,0.11486281,0.03306474
1580,0.40772587,0.03249808,-0.00521796,0.3233883,-0.10828261,0.00544292,0.36345229,0.48048522,0.18957395,0.2487011,0.12812785,0.15945942,0.1890384,0.10955103,0.17734185,0.23073689,0.10976267,0.1728156,0.30696881,0.32114181,0.1847049,0.19707144,0.17069537,0.32230582,0.18004854,0.15049209,0.16983855,0.2224344,0.11462911,0.13810485,0.169937,0.08807609
1581,0.49411416,-0.00521715,-0.04482968,0.23439709,-0.08508129,0.01038393,0.23437795,0.46331006,0.11382779,0.17151634,0.05389117,0.09350566,0.12365535,0.04504125,0.10281388,0.15535615,0.03798689,0.10078477,0.20033259,0.21867458,0.10849815,0.11918309,0.1017383,0.21216995,0.11202775,0.08934586,0.10427973,0.15203315,0.04793591,0.0798675,0.10691381,0.03372523
1582,0.28929828,0.00989189,-0.0244201,0.25839015,-0.0843337,0.00431509,0.29641143,0.44874317,0.16163381,0.22184063,0.10542994,0.12240992,0.15579398,0.06837068,0.13904963,0.19417191,0.07098671,0.14610792,0.25520304,0.25581446,0.14199171,0.16922259,0.13391824,0.27100785,0.15698936,0.11602634,0.14841859,0.20045264,0.09538437,0.10638932,0.13814768,0.05328525
1583,0.49838112,0.00693058,-0.03393201,0.27920742,-0.09630203,0.01048033,0.26748286,0.48872697,0.14555235,0.20195707,0.08291426,0.1225719,0.15300199,0.07330807,0.13577787,0.18947168,0.06772085,0.13408412,0.2539824,0.26750715,0.14577503,0.15155983,0.13110594,0.26520024,0.1379734,0.11516074,0.13429493,0.18163811,0.07564147,0.10668462,0.13273282,0.0606222
1584,0.35950259,0.01348403,-0.01740501,0.24916194,-0.08140438,0.00121594,0.27210167,0.42941345,0.14880197,0.20767417,0.09175268,0.11326543,0.14854704,0.05841946,0.12884843,0.18329364,0.05795228,0.13445398,0.21589997,0.22850119,0.11664227,0.15717274,0.12689284,0.23305902,0.15009722,0.11477005,0.13996167,0.19127902,0.08704683,0.10206688,0.13044309,0.05129559
1585,0.40634795,0.01449331,-0.00657703,0.29793059,-0.09207604,-0.00217796,0.32138764,0.50228721,0.1726348,0.2409641,0.10947754,0.13827386,0.17568147,0.07883214,0.155201,0.2187979,0.08002827,0.1579196,0.26952118,0.29102021,0.1563897,0.18303257,0.15399401,0.29007925,0.16016875,0.12373608,0.14808089,0.20611615,0.08950257,0.11132514,0.15255877,0.05599325
1586,0.58071908,0.02878055,-0.0110014,0.30519659,-0.09780266,0.0019309,0.32599004,0.4740237,0.19173506,0.25865655,0.12556446,0.15619551,0.19929302,0.09638745,0.17284666,0.23133944,0.0997184,0.18146174,0.27629039,0.29326096,0.157783,0.20285833,0.1702899,0.29472794,0.18937569,0.15305521,0.17684484,0.23363995,0.11753513,0.14361095,0.17965966,0.08559134
1587,0.24146975,0.02553199,-0.01929591,0.2893143,-0.09193159,0.00590571,0.31663384,0.46790256,0.19409951,0.25259576,0.13769379,0.16225434,0.19302193,0.109971,0.17796404,0.22775659,0.11403511,0.18357274,0.29169362,0.29322632,0.18175004,0.20709815,0.17772419,0.31131301,0.18078211,0.15055268,0.17068336,0.22209447,0.12073056,0.13999422,0.1706299,0.09022546
1588,0.27680024,0.00349406,-0.00572266,0.23858624,-0.08033544,0.00370926,0.24000954,0.46705696,0.1238312,0.18238689,0.06597001,0.10548903,0.13524729,0.0518301,0.11563356,0.16999481,0.05154625,0.11415321,0.21424505,0.23397464,0.12031931,0.13435437,0.11992455,0.23275019,0.11610046,0.09599168,0.10692955,0.15337513,0.05702263,0.08255309,0.11271828,0.0339476
1589,0.49542003,0.02875034,-0.00507809,0.28258882,-0.09202784,0.00250618,0.27348756,0.50344781,0.15318442,0.21194201,0.09145077,0.12135391,0.15937936,0.06825684,0.13864277,0.19353044,0.0697436,0.13933846,0.23588867,0.2636322,0.12196371,0.16198187,0.13452102,0.25483621,0.15429894,0.12094254,0.14224176,0.19462881,0.08519562,0.11264255,0.14537122,0.06088339
1590,0.28846038,1.15e-05,-0.0327419,0.25760982,-0.08591051,0.00459234,0.2637889,0.48697565,0.15090515,0.21342289,0.0903512,0.1205127,0.15169402,0.06736499,0.13298646,0.18861708,0.06429016,0.13637979,0.25096094,0.25340148,0.14562823,0.15713188,0.13019306,0.26238105,0.1405429,0.10778734,0.13449722,0.18730227,0.08060425,0.09855964,0.13088969,0.04824644
1591,0.57617723,0.01502646,-0.00251521,0.32114719,-0.10236984,0.00474538,0.31241888,0.51418373,0.17183686,0.23840667,0.10549578,0.14019025,0.17782508,0.08066861,0.15746282,0.22133106,0.08172841,0.15676149,0.28156911,0.30974294,0.16549519,0.18268477,0.15584762,0.30068618,0.16290941,0.12893967,0.15081275,0.20783369,0.09258733,0.11767113,0.15331154,0.06515156
1592,0.31827272,0.01255695,-0.03188776,0.26302747,-0.0888699,0.00517402,0.29580572,0.42770147,0.16604656,0.22767053,0.10961387,0.13342337,0.16625324,0.08203586,0.1471743,0.19995702,0.08089241,0.15417147,0.25145736,0.25048606,0.14393337,0.17516337,0.14526138,0.26561515,0.16369457,0.13115906,0.15390309,0.20888677,0.10253928,0.12107262,0.14975542,0.07066088
1593,0.48027262,0.00836273,-0.03440103,0.28551707,-0.09228067,0.0049819,0.30547134,0.47799584,0.14587169,0.20777437,0.08331809,0.11776236,0.15238828,0.06567084,0.13267864,0.18879661,0.06164032,0.13309586,0.23897827,0.26005989,0.1333883,0.15366182,0.12917686,0.25455396,0.1464859,0.11459658,0.1380177,0.18856065,0.07783227,0.10342528,0.13171275,0.05578855
1594,0.13335381,0.00311117,0.01036116,0.24100111,-0.07465501,-0.0011231,0.25785807,0.46610929,0.1481173,0.20539434,0.1007034,0.11278027,0.14206047,0.05743861,0.13272014,0.18361082,0.0690039,0.13467386,0.23028596,0.23981526,0.11598013,0.16074738,0.130627,0.25331146,0.14332565,0.10656653,0.13051236,0.17843955,0.08934842,0.09538086,0.12782453,0.04442007
1595,0.56100257,0.02088201,-0.01190322,0.30508563,-0.10196659,0.00922248,0.32900198,0.4951529,0.18074971,0.2426292,0.10956638,0.14783967,0.18283182,0.09389142,0.15812201,0.21801271,0.08510636,0.16538734,0.28084418,0.29984494,0.18040538,0.18910925,0.15885477,0.29395536,0.16758313,0.13394367,0.15919024,0.21262306,0.09418387,0.12440462,0.15630075,0.07497795
1596,0.52766374,0.01478712,-0.03046297,0.26358467,-0.09040637,0.00455189,0.27710486,0.48258808,0.12422578,0.18736584,0.06214918,0.10481492,0.13740616,0.05155946,0.11506016,0.17281099,0.04484,0.1146483,0.22093224,0.24467218,0.12232672,0.13445301,0.11627295,0.23775172,0.12582198,0.10099667,0.11781491,0.16859746,0.05855603,0.09075087,0.12077399,0.04089767
1597,0.42861805,0.00456928,-0.00602125,0.27257241,-0.08461441,0.00122928,0.2743702,0.47098917,0.16109302,0.22261295,0.10417842,0.129256,0.1638697,0.07173721,0.14403256,0.20092151,0.07557403,0.14761583,0.25770057,0.26687864,0.14340271,0.17138656,0.14522991,0.27587449,0.15473309,0.12089834,0.14334861,0.19396803,0.09153827,0.10952204,0.14292125,0.05762632
1598,0.38775209,0.01580639,-0.03359481,0.24445869,-0.08307979,0.00441336,0.24900656,0.46602052,0.15081032,0.20711449,0.09768009,0.12163722,0.15502495,0.07261356,0.13399582,0.18213722,0.07342321,0.13926355,0.23326347,0.24035006,0.1254645,0.15643445,0.13115229,0.24611935,0.14142217,0.11225438,0.13384036,0.1799231,0.08418149,0.10434474,0.13510595,0.05669792
1599,0.41329857,0.0144623,-0.0031789,0.26987897,-0.08913401,0.00069663,0.29540031,0.47919859,0.14501991,0.2061259,0.08631733,0.11634292,0.15046197,0.06366709,0.13432738,0.18940221,0.06473541,0.13117839,0.23506702,0.25890173,0.13464308,0.15547927,0.13149284,0.25433237,0.13769265,0.10845499,0.12700769,0.17782021,0.07515616,0.09749469,0.12894522,0.0484297
1600,0.41958832,0.00459866,-0.03164708,0.23356746,-0.07790293,0.00360562,0.24545446,0.45242943,0.14375507,0.20540752,0.08519539,0.10547304,0.13891809,0.05111911,0.11829578,0.17341266,0.04895911,0.12697491,0.2141064,0.22487146,0.11449529,0.15278231,0.11791426,0.23016658,0.14353355,0.10320086,0.13365779,0.18682394,0.07834777,0.09460809,0.12350515,0.04381944
1601,0.41474572,0.02655059,-0.00879197,0.3038793,-0.09864698,0.00316324,0.30388375,0.49965794,0.1752615,0.24061734,0.10751606,0.14295401,0.18013741,0.08506515,0.15969121,0.21850665,0.08574649,0.16201717,0.27360025,0.29190554,0.16266624,0.18647596,0.15550523,0.29027328,0.17411177,0.13638552,0.16359015,0.22054888,0.10183975,0.12719477,0.16240484,0.07374608
1602,0.26773388,0.02015129,-0.01947083,0.25781356,-0.08765471,0.00426522,0.27038539,0.48829317,0.15491324,0.21729389,0.09572111,0.12551344,0.15701877,0.07058963,0.13953816,0.19569434,0.07129656,0.14199786,0.25231924,0.26094504,0.14422767,0.1652187,0.13811596,0.26926271,0.14901004,0.11534402,0.13938195,0.19325906,0.08516486,0.10510859,0.14004657,0.052922
1603,0.33338521,0.00044029,-0.04698108,0.2478126,-0.08346757,0.00742231,0.25940973,0.44129881,0.16168822,0.21939599,0.09908137,0.12244026,0.15237701,0.07214685,0.13251103,0.1841526,0.06357231,0.14511439,0.2390692,0.23411024,0.14181042,0.16922715,0.13158702,0.25056402,0.16718195,0.12319847,0.15990535,0.21087448,0.10233985,0.11369513,0.13913126,0.06749272
1604,0.44158532,0.02220226,-0.02172821,0.30065157,-0.1006213,0.00709022,0.32548819,0.47169293,0.19398024,0.25653789,0.13097635,0.15832532,0.19851021,0.10140432,0.17593577,0.23203346,0.10556873,0.17971661,0.28710268,0.29305448,0.16602135,0.20082233,0.16858644,0.30037521,0.18868135,0.15374414,0.17970332,0.23293258,0.12239004,0.14356876,0.17867589,0.08871725
1605,0.23250902,0.01818975,-0.02413625,0.25638384,-0.08343811,0.00457208,0.27675354,0.4268338,0.15008587,0.21038652,0.09595837,0.12823385,0.16483641,0.07429238,0.14157568,0.1931011,0.07674905,0.14240488,0.24096018,0.24401236,0.12575162,0.15713866,0.13739203,0.25401775,0.14518424,0.12372246,0.13764597,0.19025741,0.08427501,0.1147638,0.14644866,0.06061271
1606,0.5300537,0.01527406,-0.00349682,0.30301693,-0.09854622,0.00544192,0.3230054,0.47383015,0.18214717,0.2373218,0.12240422,0.15350414,0.1892391,0.10389264,0.16980817,0.22258869,0.10735394,0.16908682,0.27436077,0.2945875,0.17819792,0.19060948,0.1647318,0.28753378,0.17490244,0.14693613,0.1678427,0.21564376,0.1145413,0.13678554,0.16663625,0.09069709
1607,0.18137842,0.02261075,0.02470114,0.25890309,-0.0835713,-0.00041034,0.29153761,0.48693218,0.15927084,0.214095,0.11070789,0.13229027,0.16351632,0.07980152,0.15316183,0.20234245,0.09307734,0.14724506,0.25518609,0.26590732,0.14341991,0.1712661,0.14838116,0.27613419,0.156097,0.12886648,0.1449798,0.1912134,0.10318041,0.11781756,0.14952175,0.06804816
1608,0.38880485,0.00828782,-0.02169497,0.23118765,-0.07918799,0.00450667,0.25251841,0.44866088,0.13703271,0.19549401,0.08343137,0.10806082,0.14022814,0.05735151,0.12175391,0.1733877,0.05735552,0.1252216,0.21494915,0.22243887,0.11060294,0.14554273,0.12097332,0.23340682,0.13750313,0.10826607,0.12697499,0.17380283,0.07824855,0.09804479,0.12700166,0.04848753
1609,0.21058698,0.01104754,-0.01232375,0.2436507,-0.07868031,0.00208568,0.26857735,0.43291569,0.14270197,0.20251737,0.08774512,0.11662592,0.15102186,0.06332373,0.13077524,0.18423772,0.06539449,0.13280503,0.22801827,0.23381071,0.12490683,0.15199362,0.12889309,0.24406149,0.14258315,0.11422179,0.13451374,0.18744559,0.08245123,0.10431702,0.13464353,0.05307753
1610,0.39207915,0.03144916,-0.0050325,0.30044729,-0.09562976,-0.00254226,0.32480552,0.50831481,0.16209857,0.22942842,0.10240516,0.12918312,0.16374804,0.07254708,0.15018826,0.21042728,0.07653231,0.14701123,0.26261671,0.28842753,0.1509604,0.17340902,0.14455623,0.28442949,0.15745169,0.12183432,0.14542465,0.19880455,0.09155141,0.1111709,0.14495461,0.05922732
1611,0.3605542,-0.00191439,-0.03169074,0.30451808,-0.0990841,0.00650584,0.32184244,0.46049788,0.1827339,0.244261,0.12067641,0.15411836,0.18913147,0.09962372,0.17020011,0.22622838,0.09935625,0.16907266,0.29447508,0.29643332,0.18111573,0.18813468,0.16436403,0.30490512,0.17214047,0.14223563,0.16386869,0.21496764,0.11048983,0.12972244,0.16011434,0.08023899
1612,0.29522113,0.00874922,-0.03132395,0.26798522,-0.08753856,0.00111307,0.30044375,0.48140154,0.16357873,0.22381828,0.10861281,0.12939989,0.15942413,0.07673289,0.14471151,0.20043627,0.0791193,0.14934302,0.25409033,0.26750881,0.14863952,0.17045991,0.14055423,0.26713057,0.15461984,0.1178808,0.14457637,0.19582112,0.09498522,0.10775546,0.13926991,0.05686017
1613,0.36737777,0.01603303,-0.01948739,0.23513003,-0.0835591,0.006404,0.23161719,0.48227548,0.11388594,0.16657565,0.06061134,0.09693513,0.12581944,0.04876793,0.1060406,0.15406733,0.0455273,0.10418852,0.20594454,0.22460657,0.10528412,0.12079474,0.10686125,0.21934796,0.11649637,0.09819169,0.1088501,0.15215644,0.06045837,0.08824121,0.11231782,0.04107524
1614,0.32148688,0.03640127,0.00919718,0.26803197,-0.08523734,-0.00125095,0.2919659,0.46789303,0.16549042,0.22957032,0.10934889,0.13326642,0.16398265,0.07579176,0.14917673,0.20392656,0.08023938,0.15369724,0.25147071,0.26367536,0.13931392,0.17753847,0.14966751,0.27296509,0.16171024,0.12824427,0.14914403,0.20348909,0.09674694,0.11557144,0.14973347,0.05992527
1615,0.32192783,0.02229107,-0.00063198,0.29341935,-0.09106654,-0.00169892,0.30400537,0.51145851,0.16756571,0.23555656,0.10760867,0.13670599,0.17381458,0.07255036,0.15449762,0.21813194,0.08007337,0.15529801,0.26432121,0.28451048,0.14843429,0.18155712,0.15437209,0.2878428,0.15960097,0.12458597,0.14794938,0.20643495,0.09269837,0.11131221,0.15250518,0.05456592
1616,0.46684836,0.01673156,-0.02290351,0.28847473,-0.09428982,0.00880858,0.27851335,0.47635352,0.16558418,0.22286132,0.10053715,0.13602779,0.16915689,0.08737317,0.14823601,0.20209629,0.08238151,0.15184201,0.2562297,0.27170056,0.15451384,0.16831712,0.14229852,0.26442907,0.15925674,0.12811489,0.15337867,0.20231652,0.09359936,0.11991714,0.14895438,0.07313458
1617,0.39522276,0.01162914,-0.00989323,0.25582758,-0.08511945,0.00590659,0.28576609,0.425385,0.15677249,0.21406865,0.10500368,0.1304103,0.16234765,0.07686386,0.14529385,0.19563934,0.08036682,0.14653184,0.24400621,0.24931832,0.13735087,0.16553061,0.14387526,0.26089946,0.15226947,0.12725069,0.14387533,0.19088176,0.09784268,0.11435265,0.14095882,0.06380592
1618,0.56494312,0.01246978,-0.01010314,0.32302777,-0.10654283,-0.00059294,0.34064129,0.48363223,0.17181656,0.23941966,0.09982585,0.13990316,0.18317458,0.07776009,0.16190154,0.22640325,0.08095613,0.15608057,0.27714816,0.31210361,0.16397603,0.18265209,0.15502097,0.29721377,0.16178619,0.12850141,0.14925844,0.20664417,0.08617333,0.11759538,0.15301423,0.06307787
1619,0.24713304,0.0254925,-0.02192866,0.23200341,-0.07287355,0.00396961,0.24974398,0.44037194,0.13209375,0.18521855,0.08454655,0.10920878,0.14291863,0.06243878,0.12133016,0.16840002,0.06217551,0.12314002,0.20259877,0.20782381,0.11250857,0.1379592,0.11834359,0.21635495,0.13357075,0.11030202,0.12711404,0.17350178,0.07869544,0.10184981,0.12994112,0.05557803
1620,0.35612865,0.00619005,-0.00014609,0.28732965,-0.09196852,-0.00107124,0.32641975,0.47594945,0.164501,0.22349403,0.11164779,0.12291964,0.15411822,0.07069967,0.14591334,0.20107088,0.07952329,0.14548142,0.26626227,0.28124605,0.14538507,0.17581481,0.13835941,0.2870462,0.15823491,0.11527813,0.14669479,0.1964829,0.09850751,0.10503793,0.1382804,0.05622625
1621,0.31307106,0.01732686,-0.00984981,0.27166865,-0.0847195,0.00017415,0.28860601,0.48156387,0.17207865,0.23321749,0.11482671,0.14229785,0.1794607,0.08739921,0.15791621,0.21396564,0.09036757,0.16163285,0.25481091,0.26804961,0.14939266,0.18437306,0.15729726,0.27383342,0.16648031,0.13576729,0.15630709,0.20992742,0.10413077,0.12596333,0.16082793,0.0723837
1622,0.34257005,0.01979926,-0.00773204,0.27954513,-0.09113808,0.00154762,0.29880153,0.47589645,0.15987732,0.22190405,0.09903797,0.12796962,0.16744816,0.06963222,0.14680237,0.2053341,0.0750822,0.14655916,0.24927312,0.27035986,0.14433655,0.16857561,0.14215602,0.26732272,0.15362292,0.12016556,0.14164426,0.19452146,0.08754358,0.10845601,0.14281387,0.05617012
1623,0.60903587,0.00699084,-0.01604868,0.2934365,-0.0982952,0.00465714,0.31352763,0.48612301,0.17537379,0.23537198,0.1115831,0.1417796,0.17569729,0.09054194,0.15480032,0.21117796,0.08752307,0.15989288,0.26816945,0.28528456,0.1644768,0.1839242,0.15506097,0.28387268,0.16628235,0.13466459,0.15781917,0.20692552,0.1011712,0.12301639,0.15224065,0.07451693
1624,0.53139355,0.01410088,-0.00310496,0.31484179,-0.09693755,0.00171506,0.33803728,0.50203072,0.18780607,0.25430554,0.12500019,0.15345238,0.19608866,0.09112401,0.17560475,0.2393877,0.10094835,0.17376885,0.28429269,0.3067657,0.16601101,0.20202897,0.17168955,0.30636076,0.18130749,0.1451525,0.16785135,0.22376534,0.11265883,0.1337187,0.17238431,0.07839018
1625,0.53576047,0.00772769,-0.03576576,0.26642015,-0.08805869,0.00118964,0.2945973,0.4679053,0.16066619,0.22162557,0.10598154,0.12398991,0.15516579,0.07349115,0.13754525,0.19034666,0.07356133,0.14493691,0.24658532,0.25197944,0.13979619,0.16812336,0.13548377,0.26075525,0.1585469,0.11858619,0.14916623,0.19910525,0.09860147,0.1078229,0.1386426,0.05966664
1626,0.47371855,0.02306176,-0.02205237,0.25633912,-0.08241131,0.00271243,0.25714658,0.47569982,0.12630903,0.18725287,0.06935055,0.10182095,0.1381477,0.04648412,0.11622046,0.17248726,0.04712479,0.11737741,0.2157519,0.23401942,0.10997104,0.13655126,0.11527845,0.23389212,0.12520939,0.09833349,0.11700906,0.1669758,0.06163535,0.08763162,0.12123584,0.03771053
1627,0.4796666,0.02718295,-0.01398914,0.28517968,-0.09144332,0.00065505,0.28524829,0.52188166,0.16859521,0.22990255,0.10850049,0.13307842,0.17047821,0.07777275,0.1504893,0.20610874,0.08337198,0.15561639,0.26045281,0.27328412,0.13659921,0.17934572,0.14799737,0.28093135,0.16686629,0.1303145,0.15504709,0.20604498,0.09923539,0.12126255,0.15552056,0.06789043
1628,0.41110096,0.01406806,-0.01536823,0.25698302,-0.08362085,7.064e-05,0.29788244,0.45563616,0.16450412,0.22553665,0.10750676,0.13886817,0.17454491,0.08474528,0.14830823,0.2048247,0.08168493,0.15370507,0.2541213,0.26072663,0.15765157,0.17192328,0.15058473,0.26839286,0.15969655,0.13303028,0.15068017,0.20498376,0.09885952,0.12049805,0.15597273,0.06752602
1629,0.38847064,0.01101768,-0.0190248,0.25638748,-0.08379041,0.00461053,0.27184646,0.43995891,0.14623516,0.2058161,0.09268557,0.12179138,0.15621953,0.06803807,0.13223505,0.18462327,0.06844686,0.13679156,0.23884915,0.24608499,0.13795136,0.15239848,0.13139695,0.25000913,0.140631,0.11544533,0.13457252,0.18520216,0.08448659,0.10401919,0.1367416,0.0537955
1630,0.23225903,0.01520364,0.00508471,0.27205045,-0.0889144,0.00219592,0.30101899,0.50731097,0.15186952,0.21545073,0.09371383,0.12260531,0.14886474,0.06924516,0.1377452,0.19512676,0.06695233,0.13779866,0.25086432,0.26683264,0.15151383,0.16338738,0.13843284,0.2711034,0.14568647,0.11426233,0.13766446,0.18742434,0.08702036,0.10036443,0.13100419,0.05046332
1631,0.26749094,0.00484201,-0.00380616,0.23568015,-0.07660713,0.00386488,0.24074636,0.44864907,0.1252608,0.18593095,0.06739106,0.11344525,0.1467381,0.05767276,0.12369179,0.17671127,0.05565839,0.11936984,0.2112212,0.22548483,0.10897137,0.1357451,0.12800466,0.23019905,0.12234,0.11100312,0.11433647,0.16478569,0.06251584,0.09847708,0.12853739,0.04648607
1632,0.25083837,0.01781158,0.01467501,0.25795926,-0.08524005,-0.00353609,0.29316517,0.50110086,0.13838057,0.20062762,0.07874288,0.11388001,0.14327084,0.05755917,0.12897681,0.18622552,0.05685149,0.12486202,0.23197799,0.25477389,0.13040923,0.15046229,0.13078683,0.25427165,0.13201619,0.10336745,0.11736678,0.16912195,0.06637758,0.09048491,0.1255631,0.03754054
1633,0.17853448,0.02490236,0.00019641,0.27041945,-0.08576745,-0.00077795,0.3051946,0.48348472,0.16735132,0.22632504,0.11449014,0.13841245,0.16851511,0.08590958,0.15394876,0.20707186,0.09238914,0.15537169,0.26396108,0.27134348,0.15919552,0.17556601,0.14944472,0.27881687,0.15685401,0.12716265,0.14962388,0.20234662,0.10283073,0.11571451,0.15249047,0.06450807
1634,0.38623033,0.01863144,0.00792359,0.281114,-0.089638,-0.00122394,0.29744497,0.4980265,0.16366604,0.22373237,0.11073934,0.1385622,0.17429199,0.08351177,0.15629817,0.21083365,0.09027145,0.15297497,0.26803218,0.2784027,0.15115833,0.1754052,0.15245858,0.28513985,0.15846589,0.13061569,0.149966,0.20202489,0.10081468,0.12075965,0.1576773,0.06932707
1635,0.52850326,0.00743624,0.00908198,0.29989137,-0.09222,-0.00092424,0.29459654,0.51279274,0.17118358,0.23494136,0.10883736,0.14397427,0.18166902,0.08221977,0.16253751,0.22191344,0.09056459,0.15811946,0.2723321,0.30036909,0.15660288,0.18654028,0.16406878,0.29680116,0.16162904,0.13272882,0.14868605,0.19937441,0.09835903,0.1196721,0.15541352,0.06621891
1636,0.44854534,0.03268054,-0.00858219,0.31708533,-0.10316119,0.0007789,0.35243327,0.46304262,0.18621683,0.25064314,0.12552736,0.15554472,0.19112923,0.0988221,0.17546157,0.23151315,0.1021914,0.17420634,0.29121278,0.30619502,0.18002305,0.19623541,0.16884145,0.30803852,0.18422914,0.14865931,0.17347495,0.22600598,0.11887843,0.13689415,0.1699823,0.08553821
1637,0.35170237,0.02760688,0.00075534,0.29300157,-0.10052068,0.00276012,0.3280289,0.48606421,0.14896214,0.20799282,0.08341681,0.12426301,0.159352,0.07360767,0.14046759,0.19774057,0.06798079,0.13695955,0.25728759,0.28443941,0.15235322,0.15828663,0.1359544,0.27247177,0.14407425,0.11565656,0.13616757,0.18845542,0.07584494,0.10551257,0.13611038,0.05752531
1638,0.42578243,0.01467511,-0.00199582,0.30030327,-0.0972471,0.00198947,0.32312615,0.48564026,0.19903844,0.25846524,0.14081251,0.16194365,0.19812594,0.10551587,0.17578089,0.22936513,0.10909003,0.18430958,0.29480893,0.30229857,0.16842594,0.20715022,0.17330763,0.31020794,0.18628799,0.15021209,0.17729356,0.22907623,0.12612226,0.14179396,0.17728604,0.08831977
1639,0.38887403,0.0321911,-0.02323867,0.29994623,-0.0994378,0.00436965,0.32155691,0.47869023,0.17861125,0.24226449,0.11172561,0.14431259,0.18100211,0.09065666,0.15595299,0.21246484,0.08288159,0.1629321,0.27942814,0.29451355,0.16672475,0.18516434,0.15333971,0.29227193,0.16603851,0.13258002,0.15669195,0.2134481,0.09324452,0.12467997,0.15970774,0.07122502
1640,0.52649974,0.03605975,-0.00731706,0.31529986,-0.10427692,0.00473593,0.34657338,0.49727632,0.19002665,0.25363157,0.12523221,0.16320119,0.2010421,0.10777109,0.17751278,0.23390647,0.10749373,0.17901291,0.29056411,0.30536843,0.17681895,0.20009606,0.17696461,0.308059,0.17781976,0.15129359,0.16871493,0.22250513,0.11021683,0.13940712,0.17510364,0.087354
1641,0.22878272,0.02799649,-0.01703283,0.2600265,-0.09218517,0.00792544,0.28663167,0.46448893,0.15351955,0.20828562,0.09635022,0.13000436,0.16243328,0.08276692,0.14157409,0.1895366,0.07846972,0.14261012,0.25439605,0.25785263,0.1452752,0.1579178,0.13688455,0.26358854,0.15173196,0.12655268,0.1449321,0.19275033,0.09303314,0.11881175,0.14589448,0.0723944
1642,0.32978352,0.01881222,-0.00575716,0.28714847,-0.08709888,0.00219687,0.29877671,0.48658349,0.17756806,0.23789104,0.12379829,0.14462228,0.18217557,0.08892777,0.16218652,0.21849781,0.09619627,0.16369812,0.27428924,0.28544285,0.16390617,0.18671047,0.15788577,0.28970871,0.17281391,0.1379653,0.16187896,0.21358866,0.11301596,0.129633,0.16386751,0.07852224
1643,0.30956437,0.01687126,-0.0189618,0.24817063,-0.08333107,0.00162799,0.28326621,0.4533645,0.15312941,0.21671731,0.09728018,0.12481769,0.16169944,0.0651368,0.14152996,0.19801906,0.07074745,0.14476786,0.23165683,0.24230976,0.11925574,0.16755358,0.14267592,0.25620259,0.14871532,0.12107993,0.13714146,0.19122942,0.08632214,0.10849488,0.14082329,0.05192689
1644,0.41268838,0.01858774,-0.00744315,0.2879534,-0.09915742,0.00200439,0.29972086,0.49253117,0.15334596,0.21296682,0.09434209,0.12173992,0.15871516,0.06781695,0.14304897,0.19836814,0.0742967,0.13799926,0.26108274,0.27843503,0.13720202,0.16138925,0.13261847,0.2766778,0.14731303,0.11555405,0.13928369,0.19099713,0.08543583,0.10760249,0.14007204,0.05699902
1645,0.54478075,0.02014914,-0.02259714,0.33163967,-0.10979332,0.00560452,0.37576026,0.46624747,0.21423971,0.27779626,0.14865679,0.18376006,0.22137689,0.12629743,0.20175803,0.26077044,0.13124868,0.20074242,0.33406224,0.33905298,0.21292908,0.22335802,0.19540286,0.34755456,0.20663389,0.17606325,0.19806127,0.25666623,0.13889481,0.16469842,0.19824846,0.11023714
1646,0.53844941,0.0111671,-0.01278117,0.31364819,-0.10171828,0.00148647,0.33257609,0.46187974,0.19254336,0.25208807,0.13499888,0.16103398,0.19767424,0.10394901,0.17932542,0.23371761,0.11456957,0.18015778,0.31072107,0.31687259,0.1877488,0.20325865,0.17430843,0.32703054,0.18089259,0.14866013,0.17163129,0.22092487,0.12128432,0.13665549,0.17156034,0.0870361
1647,0.31949982,0.01429588,-0.02233158,0.25694756,-0.08882361,0.00713613,0.26840216,0.45902111,0.15054804,0.20436646,0.09607432,0.12081404,0.1532211,0.07231464,0.1340239,0.18126034,0.07466008,0.13702473,0.23576681,0.24190351,0.12493395,0.15602873,0.12870408,0.24700158,0.15684007,0.12322646,0.1481634,0.19374277,0.0969996,0.11490998,0.14186591,0.06677697
1648,0.40177311,0.0101417,-0.00557393,0.274884,-0.08915533,0.00308618,0.29148747,0.48041095,0.15513115,0.21142897,0.10198308,0.12762226,0.1539517,0.07943194,0.14227074,0.19551183,0.08015704,0.13971721,0.25632848,0.26707604,0.15663761,0.1618462,0.13935155,0.27074853,0.15516048,0.12566742,0.14676749,0.19283324,0.09888553,0.11292499,0.13954331,0.06852765
1649,0.50837705,0.00899519,-0.01198287,0.3012626,-0.09904326,0.00698353,0.31807224,0.4847279,0.175685,0.23251562,0.11260386,0.14777465,0.17798616,0.09543762,0.16199207,0.21662896,0.09420635,0.16035432,0.28965314,0.29998766,0.18691341,0.18422531,0.1606497,0.30385516,0.16619282,0.13790688,0.15887749,0.20644614,0.10468675,0.12616199,0.15490824,0.08207154
1650,0.36089965,0.00039163,-0.01692965,0.24685858,-0.08415368,0.00326512,0.25498047,0.45373115,0.13046175,0.18759448,0.07265161,0.10059669,0.127779,0.05186164,0.1154444,0.16457361,0.04731945,0.1152781,0.21761537,0.22748418,0.11977092,0.13864691,0.11298611,0.23324972,0.12833745,0.09769398,0.11894494,0.16712227,0.06684934,0.08654166,0.11077273,0.04070016
1651,0.4897509,0.0159188,-0.0132402,0.27337934,-0.08728671,0.00219361,0.28198647,0.46160834,0.15041384,0.20992242,0.09083199,0.1261683,0.16221083,0.07153315,0.13841258,0.19201787,0.07065211,0.1398888,0.24044999,0.25649873,0.1340542,0.1588354,0.13829378,0.25584616,0.14611887,0.12171132,0.13648293,0.18696155,0.08202672,0.11058389,0.14070619,0.06037808
1652,0.25410577,0.02103364,-0.02171742,0.26013628,-0.08359684,0.00402942,0.28166792,0.46453357,0.16508229,0.22699981,0.10917596,0.13839271,0.1735419,0.08216968,0.15128001,0.20461957,0.08544012,0.15650718,0.25387226,0.25489638,0.14056296,0.17310701,0.15004581,0.269021,0.1577552,0.12996079,0.1499284,0.20223975,0.09757541,0.11994138,0.1548777,0.06534209
1653,0.39803088,0.01767177,-0.0105089,0.32889444,-0.10743566,0.00826665,0.35487663,0.4723364,0.20126092,0.25857164,0.13954554,0.1670452,0.20305717,0.11850302,0.18743145,0.24108763,0.12154839,0.18556136,0.31687753,0.32491414,0.19828136,0.20872919,0.17679273,0.32664075,0.19197986,0.15991036,0.18563436,0.23634177,0.12981678,0.15221145,0.17996112,0.10492976
1654,0.34251206,0.00723874,-0.02136607,0.26364301,-0.08541948,0.00621082,0.28238251,0.44733421,0.16091477,0.22219256,0.1031998,0.13559244,0.16663612,0.08210768,0.14854957,0.20208779,0.08150609,0.15015029,0.25848991,0.2636272,0.15848223,0.16834732,0.1464585,0.27284921,0.15046222,0.12408209,0.14440419,0.19508323,0.09312017,0.11289091,0.14258521,0.06314769
1655,0.34886496,0.02894798,-0.00926371,0.28187549,-0.08959772,-0.00030023,0.29745341,0.48584004,0.16490566,0.22451139,0.10811367,0.12225228,0.15827007,0.07068643,0.14403581,0.1988432,0.07747004,0.14755738,0.24780515,0.25843182,0.13348651,0.17164347,0.13457675,0.26539252,0.15881419,0.11678521,0.15055899,0.19668004,0.09628415,0.10732986,0.13924814,0.05743632
1656,0.59763204,0.00867248,-0.01509918,0.28974001,-0.09710578,0.00362985,0.29936995,0.48485541,0.16129393,0.22202397,0.09935838,0.13107489,0.16896422,0.07806018,0.14588149,0.20296111,0.07645069,0.14594484,0.25563945,0.28074601,0.14648139,0.17061852,0.14516451,0.27296494,0.15561348,0.12333767,0.14290267,0.19513166,0.08937476,0.11337303,0.14600548,0.06473194
1657,0.4681208,0.02791684,-0.02476164,0.31741453,-0.10576024,0.00290319,0.36341802,0.48173622,0.19843196,0.25977198,0.13517073,0.16240497,0.20169065,0.10796905,0.18170713,0.23727317,0.1120343,0.18608069,0.30020082,0.31035863,0.18109159,0.20946696,0.1743052,0.31649306,0.19301312,0.15392683,0.18519149,0.23734902,0.12769258,0.1444085,0.17677726,0.09332226
1658,0.40992201,0.02008866,-0.02243283,0.25635566,-0.08644159,0.00370499,0.2656081,0.45635864,0.14516756,0.20423602,0.08435208,0.11811001,0.15271388,0.06531852,0.13218641,0.18508571,0.06479183,0.13439057,0.23458744,0.24149167,0.12852279,0.15266054,0.12853552,0.24822741,0.14321093,0.11352962,0.13492036,0.18721211,0.07739969,0.10378325,0.13552016,0.05382867
1659,0.48445667,0.03516369,-0.01557918,0.3053737,-0.10303543,0.00245187,0.33749145,0.4865954,0.16277861,0.22847263,0.10056825,0.13294382,0.17025782,0.07794069,0.15280448,0.21116412,0.07873262,0.14880731,0.26496241,0.2890567,0.15416112,0.17108917,0.14530593,0.28220979,0.1546911,0.12334546,0.14356157,0.19705036,0.08635887,0.11186852,0.1459839,0.06027363
1660,0.41771701,0.00791519,-0.04230749,0.26685563,-0.0939591,0.00513343,0.28101283,0.47506082,0.15771391,0.21993785,0.09208044,0.12495992,0.15392542,0.07135291,0.13571407,0.19014222,0.06613785,0.14211378,0.25198538,0.26298634,0.1512114,0.16469817,0.1360273,0.26761607,0.14770386,0.1122453,0.13876046,0.18547852,0.08220324,0.10019436,0.12653724,0.05125862
1661,0.34178505,0.02207508,0.00079432,0.29695494,-0.09589726,0.00305578,0.309394,0.50728276,0.15698877,0.22072734,0.09023011,0.1287248,0.16406808,0.07180354,0.14380049,0.20438477,0.07065053,0.14266842,0.25846466,0.28810827,0.14606095,0.1688287,0.14383972,0.27820551,0.14849699,0.11811557,0.13702943,0.19035262,0.07644942,0.10707027,0.14106767,0.054712
1662,0.38551674,0.01258919,-0.01820027,0.30517524,-0.10582155,0.00270921,0.34353083,0.49450609,0.17541581,0.2404208,0.1040876,0.1381697,0.17457163,0.0821381,0.15697885,0.2173176,0.07959685,0.15616628,0.2809426,0.28934621,0.16042098,0.18517313,0.15256943,0.30018135,0.16790826,0.13147818,0.15866515,0.21341288,0.09464931,0.1184455,0.14866864,0.06704955
1663,0.45109113,0.03528947,0.01207976,0.29277445,-0.09783821,0.00279632,0.31930425,0.48260347,0.15749883,0.22102896,0.09400258,0.13467748,0.17136418,0.07963494,0.15236733,0.20744537,0.0812678,0.14771096,0.25740419,0.27978171,0.13621661,0.16868611,0.1492801,0.27767541,0.15201667,0.13068244,0.14085196,0.19379733,0.08393538,0.11950704,0.15073317,0.06504248
1664,0.37781736,0.02187262,0.00219541,0.25257547,-0.0828231,0.00081591,0.25664918,0.46131009,0.14091999,0.19998549,0.08323079,0.11756614,0.1494708,0.06287764,0.13128746,0.18361596,0.06552903,0.13098101,0.22923684,0.24714413,0.11651529,0.15350698,0.13452962,0.25164717,0.13585611,0.11425456,0.12432205,0.171234,0.07422268,0.10193866,0.13062546,0.05122989
1665,0.29353256,0.02066066,-0.0352488,0.23718875,-0.07565653,0.00428291,0.25908051,0.44891206,0.14547699,0.1977,0.10011449,0.12133237,0.15280712,0.07708508,0.12979832,0.1769799,0.0736989,0.13775349,0.21383075,0.21881794,0.12295291,0.1495279,0.12849796,0.22481274,0.14848129,0.12231302,0.14009328,0.18806036,0.09351678,0.11444209,0.14426706,0.06735159
1666,0.45133249,-0.00187735,5.324e-05,0.25261432,-0.08577753,0.00249796,0.25228276,0.47576097,0.13560083,0.19217525,0.08222337,0.10788788,0.13771114,0.05363121,0.12308801,0.17735651,0.0580414,0.12133717,0.22799656,0.24979121,0.12484365,0.14569138,0.12394472,0.24712408,0.13213201,0.10338037,0.12047749,0.16539012,0.0753416,0.08973343,0.11825971,0.04110606
1667,0.27940276,0.01993952,-0.0077118,0.25024772,-0.08243696,0.00198477,0.27453004,0.45239764,0.13659912,0.20061977,0.07424651,0.11115269,0.14688392,0.05290179,0.12819191,0.18477768,0.05362665,0.12594232,0.22191705,0.23562491,0.11632506,0.14932853,0.12855113,0.24364551,0.13511292,0.10849133,0.12333383,0.17957567,0.06670949,0.09479206,0.1276546,0.04096942
1668,0.57560904,0.0218488,-0.01137615,0.29448662,-0.0912748,0.00546897,0.29797011,0.44458608,0.18515108,0.24631446,0.12420828,0.16041891,0.19683469,0.10570809,0.17317722,0.22702881,0.10766681,0.17536995,0.27421849,0.28766415,0.17316965,0.19301958,0.17168225,0.28789866,0.17921277,0.15664605,0.17019854,0.22553943,0.11506201,0.14569192,0.17786496,0.09303755
1669,0.42744707,0.00624248,-0.04244981,0.24202413,-0.08293745,0.00594116,0.26908142,0.45348264,0.14538604,0.20931646,0.08641416,0.1165972,0.15190004,0.06316702,0.12792634,0.18217572,0.05986293,0.13571754,0.22888509,0.23852869,0.12148802,0.15345123,0.12807874,0.24502545,0.14256733,0.11173105,0.1335934,0.18670708,0.0779925,0.1023786,0.13296958,0.04800476
1670,0.40152336,0.0152885,-0.00643319,0.28360084,-0.09343943,-0.00068771,0.31568863,0.50126363,0.15926976,0.22352046,0.09513571,0.12713143,0.15598295,0.06934565,0.14108414,0.20048427,0.06881172,0.14309106,0.26247432,0.28250756,0.16040698,0.16884829,0.14188214,0.2814144,0.15000889,0.11688287,0.13987154,0.19207175,0.08335367,0.10153715,0.13468176,0.04878865
1671,0.39492169,0.01021979,-0.00996477,0.29085746,-0.09666551,0.00454494,0.31296622,0.47030453,0.17966074,0.23812828,0.11740349,0.14948953,0.18352899,0.0992145,0.16200894,0.21697088,0.09153375,0.16276375,0.28212073,0.29167831,0.18137508,0.18591967,0.15945768,0.2938913,0.17415983,0.14148632,0.16625727,0.21777717,0.11038022,0.13273196,0.16199797,0.0859411
1672,0.55939116,0.01651383,-0.01876865,0.26133789,-0.08634567,0.00610079,0.26673627,0.47271486,0.14662574,0.20286761,0.09062788,0.12328073,0.1591439,0.07059007,0.13447427,0.18777636,0.07117519,0.13720292,0.23121303,0.24953745,0.12087859,0.15609084,0.13487459,0.24643666,0.14641993,0.12282764,0.13869557,0.18629195,0.0852563,0.11386665,0.14272805,0.06328641
1673,0.50787351,0.03070178,-0.015476,0.29405848,-0.10297886,0.00383092,0.29271416,0.50673472,0.15346684,0.21547821,0.08970922,0.12498364,0.16688174,0.06972926,0.14315795,0.20011612,0.07508157,0.14063242,0.25493238,0.2777989,0.12451468,0.16165976,0.1365855,0.271515,0.14976365,0.11988151,0.13841381,0.19119223,0.07964212,0.11206394,0.14605588,0.05772217
1674,0.43822865,0.01921868,-0.01877181,0.29921791,-0.1056853,0.00661921,0.33895803,0.46242114,0.18682534,0.24788109,0.12061294,0.15905679,0.19240045,0.10558283,0.1721688,0.22602489,0.10113136,0.1748631,0.29213999,0.29917211,0.17466607,0.19598161,0.17031686,0.30633144,0.17945158,0.14957221,0.16990592,0.2245873,0.11192164,0.1391342,0.17025984,0.08641783
1675,0.53221879,0.00199996,-0.01728459,0.26505493,-0.08848326,0.00195038,0.26375563,0.48056982,0.13479772,0.19630835,0.07197754,0.106625,0.14136521,0.05168696,0.12199728,0.18088985,0.0512139,0.12147594,0.22101545,0.24932515,0.11772544,0.14424834,0.12070782,0.23988254,0.12991204,0.10122501,0.11937406,0.17040348,0.0635457,0.09030323,0.12202725,0.03989609
1676,0.285434,0.0278615,-0.00225558,0.26101833,-0.08335776,0.00167216,0.29006274,0.4614327,0.15164149,0.21554849,0.09674512,0.12770213,0.16016125,0.0714262,0.14440336,0.19838311,0.07657619,0.14154315,0.24295255,0.25848622,0.14680259,0.16249117,0.14132296,0.26166378,0.14313207,0.11907986,0.13512368,0.1899634,0.08383754,0.10646662,0.1399169,0.05390718
1677,0.37929555,0.01194806,-0.01949538,0.26233397,-0.08648255,0.00568215,0.29307855,0.46179686,0.149117,0.20930662,0.09435052,0.12102873,0.15257552,0.06897187,0.13534044,0.18840458,0.06712127,0.13648777,0.24735347,0.25311156,0.1391718,0.15763263,0.13275676,0.26259647,0.13749217,0.1103745,0.13126167,0.1809951,0.08012007,0.09955058,0.13006063,0.05169644
1678,0.3304079,0.01293676,-0.02231172,0.2489029,-0.08275479,0.00401256,0.26412693,0.43869316,0.15465874,0.21433476,0.09495845,0.12867427,0.16556644,0.07347615,0.14153252,0.19195969,0.07661829,0.14622485,0.23262655,0.23985758,0.12056557,0.16298355,0.13982652,0.24886706,0.15256151,0.12688819,0.14437287,0.19555391,0.08803837,0.11767584,0.14748958,0.06293925
1679,0.41546091,7.212e-05,-0.02400694,0.28706218,-0.09306851,0.00410502,0.31527292,0.4582163,0.18912387,0.24901856,0.13391734,0.15179326,0.18173072,0.09887766,0.16827359,0.2228188,0.10088993,0.17237509,0.28431107,0.29160701,0.17122791,0.19695993,0.16344832,0.29786529,0.18591275,0.14805579,0.17679191,0.22854776,0.12946939,0.13765278,0.16600655,0.08662233
1680,0.32675022,0.01256561,-0.01391215,0.25678214,-0.08899561,0.00786933,0.25341193,0.49328816,0.13219428,0.18944704,0.07198776,0.11130879,0.14070212,0.0620808,0.12435391,0.17655359,0.05921646,0.12138627,0.23890786,0.24675336,0.13619279,0.1389226,0.11977405,0.25137321,0.12776159,0.10395249,0.12426889,0.17179108,0.06861749,0.0944449,0.12348695,0.04763354
1681,0.36348092,0.03251848,0.00651252,0.31066392,-0.10500669,0.00426758,0.3353321,0.50388787,0.17018738,0.23282246,0.09819833,0.1433941,0.17706613,0.08723575,0.15809622,0.21628474,0.08043047,0.15600584,0.28000139,0.30112307,0.17241728,0.18023977,0.15840054,0.29931247,0.16152823,0.13602217,0.15161688,0.20676013,0.08839426,0.12202845,0.1530217,0.07061503
1682,0.25512921,0.03626185,-0.0219033,0.30388841,-0.10497627,0.00222083,0.36206577,0.48104883,0.19541045,0.25514764,0.13951366,0.1600856,0.19018253,0.10947695,0.17903197,0.23021842,0.11244407,0.17951548,0.29837654,0.29940586,0.18381651,0.20339072,0.17181853,0.31423935,0.19370288,0.15659184,0.18336295,0.2365132,0.13130548,0.14315957,0.17568899,0.09170777
1683,0.48447357,0.02063256,0.0064862,0.28338187,-0.08953239,0.00397597,0.27255366,0.49548308,0.16595359,0.22383177,0.11034006,0.14208562,0.1787323,0.08497835,0.15797447,0.21352946,0.09691043,0.15524056,0.26624042,0.28201406,0.14653519,0.17765204,0.15740111,0.28501548,0.1584529,0.13648146,0.14910583,0.19843415,0.09988945,0.12494854,0.15900986,0.07350709
1684,0.45006726,0.01048349,-0.03408737,0.27927327,-0.09305427,0.008467,0.27723623,0.48482162,0.17051534,0.23011272,0.10953804,0.13648867,0.17119199,0.08490516,0.15037309,0.20425157,0.08356558,0.15641626,0.26484901,0.27179742,0.15385052,0.17795881,0.14667972,0.27653772,0.16034835,0.12703233,0.15438905,0.20552504,0.09815803,0.1190393,0.14973233,0.06975988
1685,0.35827389,0.00524688,-0.02667254,0.23627278,-0.08161281,0.00656983,0.25020815,0.44080389,0.13872168,0.19279547,0.08732866,0.11583978,0.1489137,0.06686613,0.1266061,0.1722341,0.06643639,0.13108707,0.22341346,0.22483275,0.11306007,0.14690641,0.12622125,0.2371686,0.13677787,0.11315869,0.1282951,0.17534221,0.08190265,0.10402974,0.13315783,0.05561404
1686,0.48475786,0.01446517,-0.03604559,0.28016298,-0.08988088,0.0054688,0.29629791,0.48079068,0.16117309,0.21505501,0.10615278,0.13792846,0.16979339,0.08988938,0.1471299,0.19825317,0.08799005,0.15057743,0.25518185,0.2660069,0.15523528,0.16776868,0.14811995,0.26761601,0.15506579,0.13010419,0.15007429,0.19248592,0.09947587,0.11839969,0.14630469,0.07373363
1687,0.3357565,0.00930474,-0.02497939,0.25317005,-0.0922119,0.00982902,0.28305314,0.45508362,0.15643296,0.20937407,0.09806911,0.12335315,0.15490655,0.07608354,0.1381435,0.18603121,0.07692382,0.14023041,0.25009306,0.25229752,0.14005619,0.16412395,0.13436553,0.26517716,0.15192647,0.11854401,0.14313365,0.19003557,0.09062348,0.10908458,0.1359074,0.06322059
1688,0.39717818,0.00555413,-0.01875164,0.26385057,-0.08635551,0.00226841,0.28585895,0.46418012,0.14524233,0.20976264,0.08646716,0.11549864,0.15173651,0.05841783,0.1357203,0.19355532,0.06392369,0.1329637,0.23050259,0.25056046,0.12730157,0.15378302,0.12863616,0.24817611,0.14048968,0.10979173,0.13009851,0.18373412,0.0757879,0.09938403,0.13232261,0.04516994
1689,0.33870444,0.02871844,-0.00016528,0.28365405,-0.0937783,0.00210093,0.29597986,0.47639581,0.16287996,0.22665723,0.102234,0.1347208,0.16946175,0.07817771,0.15204575,0.20940984,0.08262323,0.15262165,0.26198923,0.27433857,0.15252803,0.17442225,0.14932954,0.28037931,0.15837393,0.12745579,0.14889993,0.20157667,0.0931718,0.11509875,0.14759257,0.06310981
1690,0.50762926,0.02405151,-0.01191271,0.31910061,-0.11120072,0.0007844,0.36319007,0.47991895,0.17916152,0.24884455,0.1060157,0.14085968,0.1857069,0.07891359,0.16267024,0.22824743,0.08146861,0.16230631,0.28550202,0.31040587,0.16030661,0.19095643,0.15579145,0.30584296,0.17230264,0.13088119,0.15856799,0.22128772,0.09093175,0.12009297,0.16188972,0.06270072
1691,0.31210055,0.0293531,0.0224376,0.2778731,-0.08999684,-0.00122359,0.29826319,0.48906515,0.15743272,0.21515774,0.10405067,0.12965894,0.15995764,0.07830353,0.14842933,0.20020459,0.08394481,0.14327271,0.26095487,0.27691336,0.15271131,0.16588569,0.14319544,0.27888106,0.14939613,0.12082308,0.13971543,0.18651295,0.09197967,0.10940782,0.14120674,0.06120991
1692,0.21845748,0.01753825,0.00579588,0.25121594,-0.08197477,-3.416e-05,0.2762123,0.45761187,0.14923652,0.20783368,0.0989818,0.12324232,0.15439201,0.06940391,0.14050481,0.19222545,0.07575235,0.13962115,0.24299706,0.25312899,0.13685009,0.16179077,0.13773829,0.26232098,0.14551017,0.11546386,0.13661471,0.1885031,0.0905513,0.10499712,0.13953966,0.05380012
1693,0.15259544,0.01964294,-0.01508054,0.24113087,-0.08099556,0.00422313,0.24243185,0.48672339,0.15178328,0.20454305,0.10133099,0.1228392,0.15641267,0.07325898,0.13834404,0.18606046,0.08249783,0.13940035,0.23688266,0.24023431,0.11559347,0.16069541,0.13488124,0.25302962,0.15049842,0.12219739,0.1416931,0.1870977,0.09539447,0.11419568,0.14324937,0.06584456
1694,0.22640342,0.02573874,-0.00282599,0.26772616,-0.08816242,0.00723818,0.28903751,0.44290858,0.17999796,0.23577559,0.12258419,0.15102766,0.18665535,0.09942277,0.16286021,0.21252569,0.10099592,0.16896702,0.26178857,0.26250519,0.15285948,0.18869427,0.1639698,0.27698261,0.1746764,0.1479568,0.16521695,0.21373575,0.11678861,0.13722763,0.16472796,0.08864856
1695,0.28249782,0.02227352,-0.01775112,0.29191277,-0.09627375,0.00510571,0.29672987,0.47138096,0.17713728,0.24301903,0.11595357,0.14759512,0.18574078,0.08752216,0.1624122,0.22053769,0.09269365,0.16560402,0.2724556,0.27752363,0.15475076,0.18610937,0.15773777,0.28651088,0.17390249,0.14227868,0.16666504,0.22429848,0.10915943,0.13169775,0.16887732,0.07426499
1696,0.39030115,0.02518653,-0.0317602,0.31934524,-0.10499634,0.0084207,0.36101563,0.50708542,0.1992858,0.25942878,0.13876092,0.15893679,0.19485525,0.10761055,0.17874441,0.23470509,0.11063688,0.18147111,0.29732562,0.31111951,0.18286769,0.20821272,0.17112834,0.31474393,0.19049597,0.15033374,0.18154658,0.23115531,0.12490658,0.14066515,0.17144114,0.0922105
1697,0.19033148,-0.00045314,-0.03435166,0.23275301,-0.08250676,0.00496999,0.25289585,0.43993308,0.14072118,0.19783223,0.08800002,0.10941757,0.13843142,0.06018194,0.12241626,0.17224156,0.05785745,0.12684223,0.22889667,0.23384996,0.12415586,0.14645658,0.11786404,0.24168521,0.13381609,0.10011886,0.1258244,0.17597714,0.0755726,0.0920696,0.12140957,0.04212383
1698,0.2813925,0.01712937,-0.01308879,0.24540095,-0.08384116,0.00718995,0.26469104,0.44338926,0.14553402,0.20161835,0.08835408,0.11400068,0.14545117,0.06423142,0.12746672,0.17443992,0.06360959,0.13386145,0.23101223,0.22807565,0.11689223,0.15218564,0.1226322,0.24374476,0.14160023,0.11114985,0.13457367,0.18456346,0.0801342,0.10347842,0.13081164,0.05317732
1699,0.69771667,0.03028991,-0.00059037,0.34477954,-0.11186326,0.00148927,0.36444073,0.48692749,0.20172221,0.2647798,0.136982,0.16822967,0.20084624,0.11270767,0.18458223,0.24282463,0.11376602,0.18649254,0.32024909,0.33949302,0.20663443,0.21108281,0.18015183,0.33507199,0.19262945,0.15643865,0.18487576,0.23833972,0.12782961,0.14505767,0.17539558,0.0939637
1700,0.380802,0.0180412,-0.02301336,0.31618346,-0.10061911,0.00493615,0.34484008,0.44748165,0.20753547,0.26040067,0.14784201,0.16776827,0.19729646,0.12304309,0.18653858,0.23371852,0.12221896,0.19050653,0.31380186,0.31183125,0.2124425,0.211266,0.17633545,0.32129554,0.20168914,0.1588025,0.19378468,0.24121173,0.14266456,0.1485873,0.17392498,0.10834978
1701,0.34977113,0.02282043,0.00038621,0.25532645,-0.0818092,0.00474554,0.2483028,0.46939891,0.14068811,0.19580256,0.08968486,0.1207953,0.15603378,0.06891532,0.13583999,0.18408551,0.07851385,0.13204996,0.23509606,0.24755412,0.11108302,0.1501363,0.13248812,0.25221056,0.13847384,0.1218283,0.13021763,0.17665074,0.08278832,0.11372655,0.14287418,0.06231332
1702,0.39075274,0.02551464,0.00727776,0.29944748,-0.0955388,-5.747e-05,0.31917385,0.48738604,0.18370245,0.24482452,0.12158579,0.14802533,0.18630359,0.09114422,0.16913279,0.22788104,0.10067166,0.16805497,0.28164496,0.29618088,0.16171462,0.1928172,0.16244771,0.2999078,0.17309345,0.13810053,0.16365825,0.21529353,0.10935703,0.1273918,0.1627491,0.07606514
1703,0.44243213,0.00991306,0.00318268,0.28098999,-0.0942054,-0.00010509,0.29269153,0.49604343,0.16731747,0.23160447,0.10288829,0.12914308,0.16518127,0.06888194,0.14608451,0.20547613,0.07360851,0.15187471,0.25886014,0.27886639,0.13533577,0.18145804,0.14679787,0.28132236,0.16007664,0.1209252,0.145952,0.20127071,0.0912065,0.11027775,0.14494665,0.05428875
1704,0.50021622,0.00913727,-0.02936567,0.27972501,-0.09119855,0.00523232,0.29869245,0.48853291,0.16889407,0.22687311,0.11308019,0.13123999,0.16734748,0.08176769,0.14681314,0.1998588,0.08332214,0.15524819,0.25192625,0.26247816,0.13223598,0.17761096,0.14232765,0.26704959,0.16663039,0.12746373,0.15803532,0.2087832,0.10586697,0.12196069,0.15317901,0.07082246
1705,0.3330068,0.01003099,-0.01525748,0.21341938,-0.07118062,8.147e-05,0.21872712,0.45250761,0.1178569,0.17748366,0.06989249,0.0939335,0.12281312,0.0390163,0.10375775,0.15650082,0.04284457,0.10879307,0.19318933,0.20566771,0.09025531,0.12815696,0.10754737,0.21266718,0.11734946,0.09284691,0.10819182,0.157188,0.06350047,0.08103138,0.11184294,0.02785455
1706,0.56451131,0.00601269,-0.00127909,0.30488778,-0.09983837,0.00698765,0.3192882,0.48860293,0.18938551,0.24622964,0.12399542,0.15375909,0.19010789,0.0990716,0.16823532,0.22574838,0.09835925,0.17399113,0.28126007,0.3032651,0.17509074,0.19974916,0.16885362,0.29739413,0.18190084,0.14583789,0.17079834,0.22176899,0.11551194,0.13519607,0.16655931,0.08617104
1707,0.38490793,0.01965416,-0.01598458,0.277779,-0.09585706,0.00496065,0.29019012,0.46780327,0.1424432,0.20830153,0.07425934,0.11775073,0.15153804,0.06031149,0.13219243,0.19209133,0.05712172,0.13050116,0.24096095,0.26622203,0.14373563,0.15220395,0.12895141,0.25667872,0.14439353,0.11447202,0.13546032,0.19319305,0.07170535,0.10334545,0.13575376,0.04962957
1708,0.40040039,0.0068875,-0.00466366,0.25288975,-0.08085349,-0.00263082,0.27250961,0.47222216,0.14299838,0.20539725,0.08776908,0.11153113,0.14227429,0.05570364,0.129806,0.18316955,0.06207568,0.13044933,0.2330204,0.2474556,0.12185288,0.15559025,0.12673311,0.25309912,0.13712249,0.10216302,0.12636361,0.17867138,0.07702093,0.09234491,0.1256673,0.04106938
1709,0.46910518,0.00989361,-0.0051969,0.30444272,-0.09901899,0.00212386,0.31379424,0.51466447,0.18873565,0.2493259,0.11978391,0.15398302,0.19497523,0.09715698,0.17262521,0.23262276,0.10036519,0.17169171,0.28004162,0.29960475,0.17328924,0.19861982,0.16877408,0.29803209,0.18014284,0.14473084,0.16878791,0.21981305,0.11174954,0.13469897,0.16840014,0.08404082
1710,0.40781426,0.01113651,0.02228064,0.27577426,-0.08638079,-0.00468251,0.304487,0.49701859,0.15544653,0.22173945,0.09540185,0.13671413,0.16962387,0.07548362,0.14955052,0.21124556,0.07793089,0.146671,0.26231459,0.28281251,0.15590528,0.17162756,0.15535154,0.28582537,0.14589657,0.12424922,0.13552844,0.19129831,0.08313444,0.11096572,0.14929561,0.05541747
1711,0.32059333,0.02522904,-0.02928859,0.29327528,-0.09461146,0.00421773,0.31188386,0.46923935,0.19611779,0.25277231,0.14086513,0.15784392,0.19014696,0.10678876,0.17234133,0.2221955,0.10960482,0.18040557,0.28329615,0.28166132,0.17216835,0.20356299,0.16785118,0.29538002,0.18863011,0.14703877,0.18102914,0.23109485,0.12793246,0.13839465,0.17131885,0.08994169
1712,0.38270437,0.02237663,-0.00508443,0.28266579,-0.09171701,0.00297574,0.30862465,0.47699453,0.17756415,0.2395651,0.11845136,0.14901415,0.18322642,0.09575202,0.16219966,0.21639129,0.0945439,0.16547296,0.27171321,0.28110219,0.16136775,0.18654403,0.16202949,0.28785106,0.16601774,0.13967389,0.15705297,0.20726541,0.1050734,0.12943946,0.15972901,0.07744228
1713,0.37653838,0.01420036,-0.00558274,0.24315866,-0.07978135,0.00467743,0.26287573,0.44628085,0.15284443,0.20962385,0.10073801,0.12784015,0.16315455,0.07355186,0.14215832,0.1918046,0.08025077,0.14389325,0.22498405,0.23618304,0.12446279,0.16251911,0.14232509,0.24423347,0.15235188,0.12833949,0.14243712,0.18985478,0.09733215,0.11555722,0.14545191,0.06459296
1714,0.37819201,0.02888603,-0.02456695,0.27318776,-0.09307339,0.0017468,0.30794316,0.46586663,0.16539432,0.22893272,0.10929697,0.13141664,0.16320349,0.07616708,0.15023395,0.20368977,0.08237953,0.15172243,0.26536769,0.27162033,0.14573825,0.1747183,0.14413172,0.28234059,0.16569044,0.13011067,0.15479834,0.20706086,0.10179401,0.11854264,0.15046722,0.06491989
1715,0.56298437,0.02127479,-0.01117346,0.29651679,-0.10251216,0.00038266,0.33965354,0.48571209,0.18117105,0.2467354,0.11495618,0.14951967,0.18436969,0.09476645,0.16422429,0.22169881,0.09291684,0.16783301,0.28165068,0.29631188,0.17106212,0.19214438,0.16270331,0.29908099,0.17612546,0.14355318,0.16495748,0.22274827,0.10655584,0.1343803,0.16750953,0.07883611
1716,0.5427624,0.00664956,-0.02684018,0.25815607,-0.09372222,0.00695043,0.28173082,0.48357513,0.14151548,0.19900466,0.08458364,0.11045614,0.13899452,0.06401401,0.12069897,0.17326257,0.05619661,0.12326676,0.22798408,0.24790369,0.13406492,0.14840344,0.12090683,0.24360492,0.13721473,0.10620099,0.12821877,0.17518031,0.07755371,0.09615497,0.1233491,0.05037804
1717,0.46872485,0.02250335,-0.00132249,0.3122841,-0.09983816,0.00293075,0.34549499,0.46688289,0.17590102,0.24143232,0.11306645,0.14938336,0.18718295,0.09093094,0.16413981,0.22469633,0.09137238,0.16462818,0.27555785,0.29880833,0.1668559,0.18716489,0.16464093,0.29494392,0.16970596,0.14338262,0.15844826,0.21346881,0.10192869,0.12923278,0.16309466,0.0753159
1718,0.42613811,0.01066887,-0.0160838,0.3061663,-0.09787182,0.00636055,0.32065469,0.47712182,0.17604309,0.23463201,0.11298365,0.15009929,0.18941172,0.09725665,0.16499917,0.22139641,0.0982755,0.16458335,0.28773836,0.30269313,0.16103171,0.18422504,0.16041643,0.30107838,0.16759308,0.14345156,0.16003764,0.2123302,0.10233103,0.13510286,0.16988642,0.08364409
1719,0.62435918,0.01144248,-0.0278294,0.25831574,-0.09380415,0.00478301,0.2845029,0.50585806,0.14930654,0.20680242,0.0909845,0.11325067,0.14178445,0.06618015,0.12662107,0.17741847,0.06190774,0.13410086,0.23539396,0.25426088,0.12853553,0.15879703,0.12437477,0.2520417,0.14636743,0.11002172,0.13804356,0.18532051,0.08598859,0.10182531,0.12866637,0.05286878
1720,0.32873048,0.01191944,-0.01982656,0.26451181,-0.09211672,0.00601677,0.28933205,0.47807195,0.14134643,0.19966477,0.08318968,0.12249745,0.15490592,0.07622748,0.13326001,0.18633157,0.06889245,0.12951484,0.2389327,0.25587028,0.14550989,0.14571505,0.12962665,0.24861149,0.13922433,0.11765617,0.13248762,0.18179995,0.0801511,0.10838238,0.13635246,0.06245389
1721,0.33350393,0.00944938,-0.04243145,0.27804877,-0.09191556,0.00637878,0.2974064,0.46893881,0.16900953,0.22678946,0.10822629,0.12794416,0.15912013,0.07964665,0.14401727,0.19675907,0.07537937,0.14939322,0.25637982,0.26020423,0.15145578,0.17186891,0.13418895,0.26519007,0.1644682,0.12294297,0.15845772,0.21094962,0.1019145,0.11506491,0.14290763,0.06731416
1722,0.44767947,0.01392328,0.00538509,0.2882303,-0.09298269,0.00245585,0.30488105,0.47256085,0.17007086,0.2297854,0.10991783,0.14497132,0.18258152,0.09080215,0.160665,0.21810068,0.09495461,0.15930531,0.26560562,0.27921273,0.15357432,0.18156075,0.16065122,0.28425597,0.1663113,0.14160271,0.15573217,0.20579264,0.1045367,0.12999807,0.16216568,0.08025745
1723,0.23034575,0.01860088,0.00516475,0.26103162,-0.08080945,-0.00069775,0.28447882,0.47767896,0.16502507,0.23136699,0.10415039,0.12357582,0.15774424,0.06195321,0.14380462,0.20300334,0.06687297,0.14972997,0.2425377,0.25841571,0.12939129,0.17983631,0.14264161,0.26859405,0.15891173,0.11670308,0.14548347,0.201633,0.09055598,0.10498604,0.14025563,0.04556035
1724,0.25916579,0.02186417,-0.00818202,0.24846295,-0.07684761,0.0016774,0.26926566,0.44714594,0.14816139,0.21278268,0.09611092,0.12804766,0.16137919,0.07088729,0.1429323,0.19702205,0.07457453,0.14188999,0.22991663,0.24382915,0.13068294,0.16131853,0.14424443,0.25253256,0.1433125,0.12391529,0.13266206,0.18775613,0.08484357,0.11150788,0.14522742,0.05591387
1725,0.55785971,-0.00448269,-0.03110886,0.26740798,-0.09108752,0.0075567,0.2510735,0.48445334,0.14482176,0.20504005,0.08232752,0.12395204,0.15964674,0.069579,0.1340855,0.1898982,0.06636566,0.13555214,0.23999653,0.25668775,0.12649648,0.15412632,0.13527552,0.2549417,0.14413761,0.11951573,0.13607574,0.1868812,0.08047231,0.11002747,0.13835532,0.05929368
1726,0.53218865,0.01398694,-0.02571126,0.2786749,-0.0934482,0.00686746,0.28705839,0.46535723,0.16576556,0.22148425,0.10693599,0.14328762,0.17886038,0.09203015,0.15526933,0.20608913,0.09283103,0.15669329,0.26190067,0.27053797,0.15751594,0.17141265,0.15219165,0.27211049,0.16245092,0.13879373,0.15628952,0.20343755,0.10513304,0.12865896,0.15780037,0.08095549
1727,0.21927051,0.02332556,0.00569374,0.27345456,-0.08806021,0.00106887,0.29884169,0.50152459,0.16175338,0.22543985,0.10341977,0.13242776,0.16375249,0.0729183,0.15085146,0.2072292,0.07900739,0.14928407,0.26485231,0.27583053,0.14587185,0.17701048,0.15269491,0.29047873,0.15184235,0.12241766,0.13897146,0.19159534,0.08785316,0.1085348,0.14094353,0.05303458
1728,0.4625974,0.01198869,-0.01345997,0.27786913,-0.09340333,0.00671627,0.28218866,0.46352993,0.1564836,0.21400218,0.09785556,0.12851233,0.16506289,0.07566007,0.1456884,0.19844729,0.07979806,0.14577271,0.25215962,0.26482949,0.13656351,0.16457063,0.13936835,0.26581147,0.15228316,0.12398712,0.14543294,0.19385023,0.09189452,0.11551942,0.14428425,0.06535194
1729,0.48096795,0.01290026,-0.0183536,0.32024093,-0.09991814,0.00702191,0.35800124,0.4997137,0.2016951,0.26242651,0.13958124,0.16430675,0.19696256,0.11042848,0.17829865,0.23663653,0.10806514,0.18437291,0.30311563,0.31412749,0.19638825,0.21271793,0.17905038,0.32129071,0.19015458,0.1516757,0.18008614,0.23503428,0.12486118,0.13894043,0.17280068,0.08842659
1730,0.43890116,0.01477947,-0.02098698,0.280439,-0.09141034,0.00491863,0.32026579,0.4656159,0.1696308,0.22991053,0.11008201,0.136725,0.16959093,0.08414847,0.15162397,0.20625148,0.08471424,0.15493421,0.2663449,0.27498229,0.16697726,0.17917747,0.14839653,0.2812756,0.16742545,0.13257728,0.15886678,0.21004204,0.10492707,0.12300699,0.15302763,0.07386752
1731,0.63087974,0.0234171,-0.00670161,0.32553272,-0.1064025,0.00826504,0.33076213,0.5146996,0.18679135,0.25057338,0.11880881,0.15705628,0.19763673,0.09723057,0.1694895,0.23228535,0.09683799,0.1745979,0.28704613,0.31531461,0.16692848,0.20019628,0.1729614,0.30765575,0.18138846,0.14884276,0.17032279,0.22734875,0.10859861,0.13775634,0.1735558,0.08264152
1732,0.4634,0.02938369,-0.02261996,0.27759637,-0.09345617,0.00661103,0.27963611,0.46578779,0.16678081,0.22665582,0.10834538,0.13997071,0.18137868,0.0846496,0.15522517,0.20867315,0.0913078,0.1586918,0.25992623,0.26565388,0.13186493,0.17641601,0.15117279,0.2764124,0.16829451,0.14109023,0.15931377,0.21066146,0.10442578,0.13351417,0.16534267,0.07851871
1733,0.56140738,0.00678404,-0.03339202,0.26758248,-0.09225093,0.00684015,0.273357,0.48489775,0.13468337,0.19120949,0.0803246,0.10826103,0.13825517,0.06009924,0.12132068,0.17400878,0.05834405,0.12111233,0.23756301,0.25029291,0.13370272,0.14054352,0.11694606,0.24846162,0.13177756,0.10360099,0.12505106,0.17280577,0.07446752,0.09476122,0.12499619,0.05003656
1734,0.30267317,0.03164361,-0.01371587,0.29504604,-0.09022273,0.00026932,0.32159312,0.47176632,0.18152028,0.24461853,0.12330164,0.14460122,0.17740484,0.09182111,0.16182239,0.21912351,0.09312182,0.16702108,0.27329611,0.28538104,0.17591603,0.18927811,0.15711993,0.28903552,0.17970967,0.13886145,0.16962892,0.22311047,0.11420353,0.12710826,0.16031081,0.0761924
1735,0.48025288,0.00860797,-0.02407148,0.28462861,-0.08915833,0.00352491,0.30200586,0.47521678,0.17422948,0.23451614,0.11070359,0.14129505,0.18006197,0.08623121,0.15704181,0.2143029,0.0882901,0.1597524,0.26722304,0.2733761,0.1603558,0.18282962,0.15288067,0.28084356,0.16905557,0.13282097,0.16189937,0.21391233,0.10370766,0.12383749,0.15877616,0.07403643
1736,0.33112136,0.0103606,-0.01132186,0.26802775,-0.08506188,0.00333333,0.26246352,0.48634639,0.1627497,0.2238615,0.10605512,0.1384594,0.17594597,0.08118341,0.15116873,0.20830349,0.08497384,0.15362328,0.25172747,0.26594941,0.13706408,0.17378316,0.1540078,0.27031968,0.15533308,0.13252042,0.14503238,0.19881784,0.09501135,0.1219206,0.15624688,0.06646864
1737,0.28878544,0.02486991,-0.00130799,0.26805946,-0.09003878,-0.00052991,0.29219934,0.48857891,0.15934424,0.22185058,0.1024314,0.12525583,0.15942119,0.07150071,0.14297643,0.19684491,0.07593649,0.14461573,0.2521119,0.26310251,0.14144887,0.17074452,0.13926164,0.27198653,0.15407188,0.12171419,0.14340574,0.19674586,0.0927536,0.11182375,0.14460972,0.05976172
1738,0.42805758,0.00452753,-0.01910535,0.31063238,-0.10047893,0.009748,0.34651482,0.46635531,0.19372558,0.25669883,0.13148947,0.15111942,0.1817656,0.09957326,0.16785238,0.22717816,0.09676708,0.17550714,0.29368479,0.30475816,0.18608924,0.19774077,0.15810269,0.30325489,0.1848509,0.14333122,0.17999167,0.23374046,0.12022857,0.13514666,0.16708465,0.08379091
1739,0.57098355,0.01379828,-0.00513311,0.27983739,-0.09661676,0.00578016,0.29917666,0.4928264,0.14709271,0.2041953,0.08871315,0.12399084,0.1534401,0.07545283,0.13573419,0.18881758,0.07291463,0.13597329,0.25195952,0.27373752,0.13945375,0.1576275,0.13612148,0.2687909,0.14333294,0.1201256,0.1353727,0.18309114,0.084049,0.1115534,0.13882936,0.06390427
1740,0.4222235,0.02188149,0.00254949,0.30638504,-0.09621598,0.00082546,0.32093176,0.50335848,0.17918544,0.24200585,0.11701863,0.15311131,0.18990341,0.09450236,0.16816382,0.22792764,0.0989539,0.16701851,0.28616889,0.30012063,0.17391504,0.18914515,0.16923134,0.30489325,0.16999875,0.14322125,0.15964605,0.21041612,0.10751069,0.12931889,0.16260587,0.07790772
1741,0.50299541,0.02098075,-0.01417962,0.26617345,-0.08398553,0.0028573,0.28295989,0.49113125,0.15859582,0.21872437,0.10015749,0.12601717,0.16034842,0.07444146,0.14177117,0.19591098,0.07569573,0.14558536,0.24386683,0.25644036,0.14119834,0.16740013,0.13891415,0.26147614,0.1535396,0.1212446,0.14531441,0.19313211,0.09090951,0.11229821,0.14252126,0.06253666
1742,0.65426495,0.00782123,-0.01768274,0.32166135,-0.10661184,0.0037684,0.33390105,0.51777516,0.17334433,0.23742031,0.10130089,0.14091607,0.17918224,0.08525964,0.1594534,0.22272217,0.0838165,0.15804133,0.27300271,0.30865411,0.16137889,0.18370105,0.15483763,0.29249855,0.16834873,0.13385543,0.15713861,0.21150344,0.09513071,0.12422958,0.15515755,0.07295098
1743,0.36539623,0.02246371,-0.01169338,0.26744948,-0.08675236,0.00364826,0.28704634,0.48824928,0.16550464,0.22208508,0.10985193,0.13761882,0.17451479,0.08973237,0.15324898,0.20203837,0.09207364,0.15297776,0.24705329,0.26224005,0.14608475,0.17416047,0.14962375,0.26275184,0.16019904,0.1339034,0.15039347,0.19850988,0.10224059,0.126474,0.15597203,0.07804865
1744,0.25396109,0.01862315,-0.02187819,0.26809874,-0.08986309,0.00484697,0.28674948,0.44847133,0.16285165,0.22152447,0.10564996,0.1308041,0.16378955,0.08098649,0.14908827,0.19993479,0.0808428,0.15046252,0.25251575,0.25717466,0.1452329,0.16766181,0.13917587,0.26356949,0.16150582,0.12914847,0.15283783,0.20524513,0.09978604,0.12023586,0.1489331,0.06941519
1745,0.2677584,0.04493191,0.01567587,0.27973303,-0.09155236,0.0008012,0.30116979,0.48415987,0.15854223,0.21810424,0.10901515,0.12903077,0.15868492,0.07442215,0.14740064,0.19795593,0.0826256,0.14578383,0.25695535,0.26993732,0.13838363,0.16910312,0.14383306,0.27769262,0.15441553,0.12467311,0.14242667,0.19204375,0.09688706,0.11258721,0.1443919,0.0597995
1746,0.3960731,0.00941766,-0.02524217,0.24723755,-0.08144049,0.00403964,0.25235517,0.44361312,0.15102611,0.21110024,0.09280911,0.1249681,0.16091924,0.07042562,0.1357129,0.18823037,0.06905848,0.14262968,0.22410902,0.23492993,0.12345699,0.16039414,0.1366427,0.23972382,0.14901418,0.12203775,0.14009698,0.19271274,0.08709831,0.11285114,0.1424313,0.05989283
1747,0.34975837,0.02884369,0.00547699,0.26394493,-0.08558929,3.059e-05,0.28363823,0.45301531,0.14658962,0.20651118,0.09647065,0.11827036,0.1510359,0.06553887,0.13704162,0.18830073,0.07357912,0.1347772,0.23514286,0.24624916,0.12158139,0.15668418,0.13259489,0.25505767,0.14818865,0.11935671,0.13741675,0.18731366,0.08956172,0.10751534,0.13887,0.05688026
1748,0.346869,0.00735603,-0.01666112,0.26905735,-0.09143091,0.00428111,0.30233324,0.47686928,0.16095236,0.22108807,0.10144314,0.12239198,0.15152119,0.07152217,0.13698376,0.18901497,0.0662917,0.14481089,0.24938819,0.26201569,0.14165371,0.17121279,0.136531,0.26709676,0.15153437,0.11150569,0.14041028,0.18954094,0.09048996,0.10099531,0.12926461,0.05231819
1749,0.42445856,0.01844436,-0.02248808,0.25166061,-0.08457692,0.00517589,0.26777858,0.46265001,0.14049338,0.199324,0.08377657,0.1176746,0.15199391,0.06682446,0.13246894,0.18146879,0.06924085,0.12992564,0.22496513,0.23774067,0.11596647,0.14789594,0.12790151,0.24109191,0.14076278,0.11940761,0.13242762,0.18182998,0.08014228,0.11077783,0.137094,0.05909796
1750,0.28227474,0.01707009,-0.0010124,0.26911881,-0.08682932,-0.00059461,0.28905831,0.46904471,0.15387499,0.21930737,0.09112978,0.13066792,0.16251882,0.07158244,0.14328411,0.2010777,0.07155395,0.14398054,0.24458081,0.26003883,0.1453341,0.16563955,0.1466635,0.26659019,0.14406214,0.12043911,0.1343975,0.19025108,0.07856732,0.10492501,0.14053391,0.05028739
1751,0.22938309,-8.632e-05,-0.00242735,0.22671819,-0.07228265,4.129e-05,0.23873082,0.47069803,0.13615345,0.1931822,0.08215948,0.10232407,0.13534374,0.04999121,0.11902444,0.17038647,0.05394782,0.12355369,0.20558018,0.21822657,0.10214598,0.14715777,0.11697548,0.22550329,0.12814111,0.09720534,0.11985615,0.16894612,0.07107055,0.08842657,0.11915469,0.03616649
1752,0.43931263,0.02340318,-0.00196335,0.30652826,-0.1001051,0.00215772,0.342406,0.46244644,0.19278006,0.25558973,0.13159335,0.16001113,0.19475857,0.10555346,0.17751115,0.23241909,0.10864023,0.17805725,0.29341722,0.29843167,0.17620447,0.2016937,0.17097471,0.30907222,0.19624396,0.16132982,0.18856243,0.24286266,0.13202054,0.15195696,0.18244249,0.09915576
1753,0.40244728,0.01315674,-0.00603111,0.29603213,-0.09407958,0.00423777,0.29068578,0.46503495,0.18681051,0.24248766,0.12916288,0.14527797,0.17884201,0.09248762,0.16567249,0.21859953,0.1035407,0.16979175,0.28616076,0.29588077,0.16682234,0.19324757,0.15650721,0.29853905,0.17710726,0.13555534,0.16846238,0.21501136,0.11864392,0.12527059,0.15632783,0.07742693
1754,0.38873279,0.02040922,-0.02871645,0.26152173,-0.08774652,0.00604493,0.27688457,0.46595785,0.14599779,0.20432756,0.08615726,0.12490485,0.15697201,0.07492723,0.13379886,0.1847697,0.06818666,0.13812651,0.23424825,0.24528351,0.13424328,0.15377475,0.13499193,0.24812309,0.14199102,0.12006282,0.13550704,0.18385066,0.07856673,0.10976573,0.13922997,0.05993245
1755,0.35470005,0.02251101,-0.02183133,0.29126307,-0.0935891,0.0058699,0.32175739,0.47563067,0.1873971,0.24877108,0.12766285,0.15443839,0.191604,0.10081088,0.16985831,0.22530327,0.10118375,0.17354055,0.27704821,0.28750133,0.16867006,0.19497856,0.16587983,0.29264963,0.17926002,0.14674235,0.16964821,0.22538861,0.11312645,0.13699608,0.17096329,0.08400588
1756,0.40597343,0.01118625,0.00490913,0.2690146,-0.08444498,-0.00044017,0.27733902,0.47007593,0.15034971,0.21466333,0.0902312,0.12999555,0.16538649,0.06915187,0.14367005,0.20479413,0.07172563,0.14111556,0.25162635,0.26917424,0.1491062,0.16228763,0.14610661,0.27083182,0.14373239,0.12205419,0.13366575,0.18788256,0.07938671,0.10865909,0.14416399,0.05384731
1757,0.41260677,0.01488058,-0.02080523,0.2432703,-0.08337484,0.00305013,0.24702764,0.45261885,0.14102578,0.19855159,0.08321699,0.11719289,0.14984989,0.06828302,0.12687046,0.17491479,0.06327356,0.13143883,0.2234047,0.23109231,0.1233607,0.14923377,0.12745419,0.23620311,0.13674052,0.11190747,0.12854008,0.17793123,0.07641043,0.10343085,0.13177873,0.0554592
1758,0.18585481,0.02605911,-0.00246567,0.24864374,-0.0789335,-0.00130759,0.26911044,0.46748575,0.14882159,0.2100867,0.0934303,0.11946804,0.15145133,0.06587932,0.13666749,0.18713406,0.07012054,0.13778974,0.23043871,0.23868621,0.12824541,0.1588161,0.13340628,0.24962544,0.14426843,0.11461312,0.13545681,0.18611035,0.08606787,0.10307285,0.13588034,0.05199392
1759,0.23018885,0.01918642,-0.02095174,0.249322,-0.0812758,0.00250477,0.28146274,0.43346699,0.14959226,0.20783127,0.09754464,0.11874102,0.14916618,0.06852765,0.13628935,0.18695073,0.07350241,0.13825025,0.23345885,0.23351253,0.12643633,0.15679478,0.12963869,0.24844987,0.14903081,0.11716712,0.14150587,0.19210574,0.09087573,0.10564301,0.13686551,0.05574276
1760,0.18560436,0.01667669,-0.02712783,0.24228686,-0.08114625,0.00752361,0.28514483,0.42816635,0.16839713,0.22504835,0.11372546,0.13743556,0.16885905,0.08994494,0.14769553,0.19685333,0.08545015,0.15508206,0.2430851,0.24136743,0.14467729,0.17576657,0.14781181,0.25741316,0.16581997,0.13523346,0.15629489,0.20628936,0.10696841,0.1268194,0.15361349,0.07666835
1761,0.3934389,0.00982124,-0.0223962,0.27370546,-0.08864433,0.00796138,0.26972964,0.46440008,0.15492009,0.20976371,0.09462738,0.11874575,0.14901649,0.07201584,0.13489397,0.18478006,0.06905551,0.1385143,0.24589947,0.2614497,0.14496681,0.15834111,0.12619694,0.25613775,0.14510888,0.10919132,0.13984501,0.18719457,0.08399197,0.10142915,0.12856717,0.05544869
1762,0.31378445,0.03483913,-0.01281593,0.30092131,-0.09715545,0.00510827,0.33234263,0.47200897,0.18728132,0.25064339,0.12859779,0.1472157,0.17893809,0.09362402,0.16594184,0.22228308,0.09565216,0.17036239,0.28665327,0.29465654,0.17639426,0.19386788,0.15617778,0.29994292,0.17868128,0.13821236,0.17206787,0.22690908,0.11303942,0.13024717,0.1626424,0.07626859
1763,0.14020235,0.02400734,0.00625418,0.22866231,-0.07750017,0.0029741,0.24691641,0.46084088,0.13425557,0.18416935,0.08497404,0.09989331,0.12932962,0.0555861,0.12148545,0.16455871,0.06209678,0.11995313,0.22053718,0.22039244,0.10937835,0.1435239,0.1131488,0.23989191,0.13366124,0.0998327,0.12420462,0.16623388,0.07887545,0.0912517,0.11712905,0.0466857
1764,0.34070142,0.02760365,-0.00127062,0.27845103,-0.08871484,0.00322261,0.28786334,0.4782898,0.1600111,0.21764967,0.10119748,0.13764298,0.17780654,0.08337487,0.15389672,0.20778613,0.08807938,0.15018139,0.25679231,0.2713706,0.14089621,0.16931979,0.15038328,0.2733442,0.15159287,0.13005819,0.14194471,0.19202041,0.08949406,0.12260918,0.15594366,0.07291
1765,0.2574136,0.02176666,-0.01814496,0.25240189,-0.07898007,0.00636081,0.24726623,0.45117465,0.15244511,0.20293658,0.10113404,0.12330864,0.15715163,0.077794,0.1354115,0.1831393,0.08233288,0.14161166,0.24162223,0.2463932,0.12876242,0.15511405,0.12745742,0.24865735,0.14836679,0.11746897,0.14392065,0.18888192,0.09323345,0.11419918,0.14378756,0.06562109
1766,0.43838815,-0.00210058,-0.01683595,0.27815783,-0.09067376,0.00281876,0.27468915,0.52099979,0.14859788,0.20894849,0.086098,0.12686354,0.15917149,0.07224025,0.13613802,0.1954976,0.06818536,0.13465976,0.24076316,0.26818892,0.13972645,0.15813144,0.14079347,0.25894684,0.1417769,0.11834308,0.13087279,0.18312245,0.07732747,0.10662529,0.14046982,0.05596201
1767,0.60125673,0.01513534,-0.01716339,0.2949106,-0.09337198,0.00236392,0.31132552,0.48908099,0.17829132,0.23971985,0.1150522,0.15397887,0.19403128,0.09814476,0.1655739,0.22352212,0.0973549,0.16798233,0.27169783,0.2919185,0.17101716,0.1869582,0.16548149,0.28422185,0.17163218,0.14787742,0.16313226,0.21792249,0.10758281,0.13801623,0.1723595,0.0849522
1768,0.5626419,0.02012363,-0.00277941,0.3110394,-0.09762431,0.00024341,0.34646147,0.49297095,0.18352127,0.2441464,0.12568805,0.15080855,0.1844342,0.09971219,0.16846228,0.22424868,0.10236409,0.16822574,0.28716739,0.30107987,0.18011266,0.19338874,0.16367102,0.30382107,0.17322604,0.13953173,0.1642214,0.21698939,0.11129948,0.13070469,0.16416754,0.08224413
1769,0.40495713,0.00446999,-0.02970006,0.28097186,-0.09274688,0.0064324,0.32511971,0.45554993,0.19054269,0.24838995,0.13428953,0.15077706,0.18553467,0.10135339,0.16739481,0.21707658,0.09946979,0.1735446,0.27175891,0.27782866,0.16839525,0.19905877,0.16202735,0.28599196,0.18161881,0.14227714,0.17077397,0.2214135,0.12341545,0.13448525,0.16351905,0.0851921
1770,0.30509427,0.0252377,0.01024185,0.28226004,-0.09426303,0.00065697,0.30353401,0.52058886,0.16167706,0.22725459,0.10070971,0.13033519,0.16481267,0.0702434,0.14938906,0.21066607,0.07634758,0.14653307,0.26617379,0.28356545,0.14878063,0.17515807,0.147678,0.288994,0.151221,0.11910968,0.13921568,0.19393584,0.08709758,0.10824821,0.14470028,0.05256748
1771,0.50196868,0.02141555,-0.03837577,0.26615243,-0.09140159,0.00161528,0.29293989,0.44613794,0.15763156,0.22282452,0.09953479,0.12554497,0.16397167,0.0701386,0.14176027,0.19606798,0.07072993,0.14737418,0.24309742,0.25045566,0.1294179,0.16697082,0.13645351,0.25867145,0.15500355,0.12100715,0.14597748,0.20079727,0.09194637,0.11224533,0.14474618,0.0581587
1772,0.27666359,0.0049003,-0.01383056,0.25407253,-0.08310172,0.00038807,0.27139937,0.47519955,0.13310213,0.19416159,0.07519215,0.10565095,0.1409177,0.05098073,0.12149746,0.17801641,0.05228444,0.12122273,0.2247416,0.24162074,0.12276127,0.14251738,0.12016609,0.2440791,0.12601898,0.09641375,0.11558034,0.16725064,0.06469899,0.08461258,0.11679593,0.03451414
1773,0.47193014,0.01981131,-0.02080385,0.29734739,-0.09661043,0.00755664,0.29697614,0.48290587,0.18645501,0.24747359,0.12433634,0.16019833,0.1976953,0.10534429,0.17449163,0.23049121,0.10918149,0.17624766,0.28414375,0.29033114,0.16567804,0.19355472,0.17021541,0.29615581,0.18194829,0.15634405,0.17510117,0.2287637,0.11786395,0.14630339,0.17972263,0.09169498
1774,0.23239667,-0.00193656,-0.02068304,0.23295009,-0.080524,0.0033799,0.23104444,0.480103,0.13778534,0.19382529,0.085455,0.10574204,0.13593776,0.05629505,0.11972666,0.17072633,0.05735678,0.12361518,0.21513153,0.22647569,0.11202034,0.14459486,0.1162103,0.22887706,0.13508954,0.10364152,0.12769729,0.17376621,0.08183411,0.0945007,0.12222116,0.04562202
1775,0.37361895,0.01179413,-0.01888846,0.2807693,-0.08793396,0.00201517,0.28349436,0.48972052,0.17432283,0.23454478,0.1111962,0.13372289,0.17207306,0.07839307,0.15131476,0.20724509,0.0787021,0.15717076,0.2514272,0.26515954,0.13672798,0.18332386,0.14764876,0.27011052,0.17067418,0.12980691,0.16030351,0.21168901,0.10251603,0.12065997,0.15333607,0.0679243
1776,0.35654347,0.01199199,0.00224363,0.28132554,-0.08993021,0.00061938,0.29541575,0.50850562,0.15537012,0.21736166,0.10062981,0.1287375,0.16291389,0.07244226,0.14655873,0.20241463,0.07901662,0.1434854,0.25704628,0.27622125,0.13918581,0.16592181,0.14468633,0.27704607,0.14532491,0.11843491,0.13427657,0.18506528,0.08547963,0.10621776,0.14325875,0.0539569
1777,0.19578323,0.02881723,0.01009665,0.25962958,-0.08564739,0.00261545,0.27311523,0.479814,0.1420458,0.20210215,0.08325573,0.11725029,0.14801541,0.06528325,0.13416369,0.18550672,0.06630905,0.13003609,0.23223406,0.25086024,0.1274058,0.15124489,0.13066188,0.25022271,0.13652801,0.1110263,0.12544422,0.17482646,0.0731276,0.10088404,0.13123039,0.0495628
1778,0.62650672,0.00901357,-0.01823712,0.30710405,-0.09982876,0.00861198,0.29548374,0.49889285,0.17336968,0.23048118,0.10815857,0.15273258,0.18519746,0.10100571,0.16134537,0.21908453,0.09549198,0.16197588,0.27655711,0.30323909,0.1782742,0.18095251,0.1642431,0.2891191,0.16521917,0.14435699,0.15814189,0.20677749,0.09940862,0.13051385,0.16295805,0.08289786
1779,0.3733596,0.02366723,-0.00914153,0.27001465,-0.0848948,0.00227537,0.27359322,0.51718638,0.1515878,0.21306798,0.09386266,0.12731302,0.16095285,0.07024241,0.14057268,0.19569089,0.07515548,0.14049971,0.24627435,0.2640865,0.12576781,0.16485013,0.14393588,0.27039631,0.14569729,0.11928237,0.13375905,0.18269215,0.08057973,0.10883029,0.14340664,0.05440271
1780,0.22648252,0.02562142,-0.01319533,0.25565015,-0.08337354,0.00509554,0.26871578,0.47014178,0.16575088,0.2222921,0.1111151,0.14151563,0.1800037,0.08774793,0.15482218,0.20317549,0.09565128,0.1586417,0.24900088,0.25041993,0.12440296,0.17572456,0.15500476,0.26655013,0.16317053,0.13891154,0.15266477,0.20056574,0.10433325,0.1305935,0.16153585,0.07772023
1781,0.34774433,-0.00228129,-0.01309464,0.25500881,-0.08259024,0.0015725,0.24429881,0.50406231,0.1222455,0.18311854,0.06493065,0.1011581,0.13132848,0.04589393,0.11317453,0.17059779,0.04415217,0.11097196,0.21298115,0.24173317,0.11529368,0.13274774,0.11513469,0.23176773,0.12112949,0.09404712,0.11179617,0.16210886,0.06047569,0.08247487,0.11524197,0.03269038
1782,0.46862142,0.01254964,-0.02954452,0.26659182,-0.08937246,0.00544005,0.27576813,0.48321151,0.14205073,0.20215672,0.07968892,0.11523013,0.15002449,0.0632581,0.12839264,0.18475824,0.05861132,0.12992494,0.22860818,0.2495249,0.12387231,0.15110444,0.12649352,0.24511651,0.13886554,0.11194501,0.13128818,0.18452387,0.07314426,0.10323788,0.134156,0.05342352
1783,0.30106904,0.0115146,0.00922363,0.24744324,-0.07557303,-0.00122507,0.25584446,0.48040055,0.13823129,0.19683806,0.08493971,0.1157921,0.14536479,0.06150387,0.13165288,0.18578948,0.06640566,0.12733957,0.22984013,0.2446539,0.13580057,0.15084511,0.1351767,0.25270275,0.13367392,0.10865894,0.12349298,0.16826946,0.07773437,0.09397551,0.12447859,0.0485352
1784,0.44989939,0.01571989,-0.015352,0.25388733,-0.08622187,0.00366694,0.2511702,0.47513186,0.14259473,0.20165111,0.08582618,0.11620803,0.15127924,0.06308784,0.12956999,0.18238823,0.06486175,0.1329097,0.22699241,0.24158565,0.11236523,0.15333207,0.1290325,0.24428929,0.14397152,0.11615831,0.13443497,0.18209049,0.08432995,0.10775952,0.13596539,0.05608518
1785,0.11198553,0.01044136,0.00100335,0.26598499,-0.08450452,0.00339684,0.2764028,0.47347912,0.15514761,0.21032923,0.10511282,0.12848969,0.15352603,0.07760714,0.14533743,0.19598628,0.08511303,0.14275051,0.24799534,0.26152884,0.14538834,0.16705732,0.14483993,0.26898275,0.14976358,0.12255495,0.14068597,0.18583748,0.09907251,0.10866901,0.13537007,0.06283847
1786,0.3325125,0.01719815,-0.02031657,0.25610153,-0.08030595,0.00352366,0.23931181,0.48743512,0.14809932,0.20525995,0.0950954,0.11883263,0.15385414,0.06275866,0.13105617,0.18415833,0.06716449,0.1376397,0.22375454,0.2406097,0.10553736,0.15847662,0.13283633,0.24347361,0.14696498,0.11626662,0.13733163,0.18552016,0.0870662,0.10671568,0.13978923,0.05326487
1787,0.27792647,0.02000067,-0.01079248,0.27624176,-0.09816775,0.0063891,0.3146852,0.46694574,0.14480775,0.20580316,0.08296951,0.12077966,0.14870634,0.07025306,0.13763886,0.19272174,0.06893623,0.132221,0.26289569,0.2670374,0.15261275,0.15320644,0.13253366,0.27901894,0.13841425,0.1147895,0.1323566,0.18323133,0.07573716,0.10149625,0.13174372,0.05379099
1788,0.3151158,0.01911766,-0.00734678,0.23839905,-0.08138529,0.00401225,0.27777653,0.43888423,0.14074548,0.20049402,0.08512791,0.11601901,0.14885726,0.06345112,0.13086341,0.18199524,0.06327761,0.13231757,0.22075431,0.2337054,0.12331214,0.14950271,0.12951016,0.23856139,0.14256208,0.11604854,0.13110653,0.18124288,0.08094064,0.10427454,0.13400897,0.05299036
1789,0.42324511,0.00237741,-0.0105882,0.26396022,-0.08420055,0.00660139,0.2741692,0.44801226,0.16062474,0.2177321,0.10396692,0.1264816,0.15339755,0.07733751,0.13847331,0.19029987,0.07408344,0.14603406,0.2436869,0.25657012,0.14834895,0.16739758,0.13647743,0.25653435,0.15716569,0.12324531,0.15083954,0.19889688,0.09884096,0.11344331,0.13873134,0.06501763
1790,0.53681187,0.02779416,-0.02103085,0.28913179,-0.0930548,0.00161204,0.30040608,0.49783408,0.16720076,0.23214648,0.10687923,0.14163156,0.17857109,0.08315323,0.15304473,0.21259379,0.08353918,0.15607764,0.26304578,0.28433961,0.15264597,0.17804851,0.15676292,0.28197279,0.15788875,0.13012191,0.14571546,0.20017875,0.09090146,0.11810236,0.15571627,0.06479952
1791,0.30014394,0.00221557,-0.03354109,0.26286731,-0.09073257,0.00545957,0.2792874,0.47795918,0.15257173,0.21155789,0.09367227,0.13426633,0.16919064,0.08434574,0.14261976,0.19572594,0.07979276,0.14214507,0.25441898,0.25900561,0.15569108,0.1602556,0.14317992,0.26476976,0.14922633,0.12621632,0.14294794,0.19388914,0.08945809,0.11715745,0.14866418,0.06997167
1792,0.50236298,0.02486934,-0.0246297,0.31496427,-0.10644342,0.00440207,0.31913614,0.50671467,0.18602527,0.25203195,0.11702837,0.14574106,0.18726312,0.08611721,0.16266044,0.2241577,0.08618245,0.17013294,0.28189761,0.30237241,0.15294294,0.19728734,0.15833551,0.30036672,0.1809787,0.13924763,0.1709235,0.22785696,0.10705111,0.13122061,0.16560151,0.07410898
1793,0.40845081,0.01253848,-0.00151607,0.27531389,-0.08794147,0.00088371,0.29854256,0.49689816,0.14838025,0.21159608,0.08663714,0.11937994,0.15690449,0.0637669,0.13742657,0.19553998,0.06487358,0.13446796,0.23839111,0.26655438,0.13032002,0.16117292,0.13620211,0.26078018,0.14067915,0.11060955,0.12858834,0.18064234,0.07383369,0.10113205,0.13485957,0.05021129
1794,0.42917905,0.0262762,-0.01898215,0.28966688,-0.09585614,0.00608453,0.28844867,0.48629821,0.16439179,0.22988217,0.09854364,0.13953475,0.18178123,0.07952395,0.15571935,0.21411717,0.08433987,0.15413227,0.25237067,0.27829784,0.13884791,0.17496388,0.15202252,0.27070793,0.15995195,0.13291037,0.14955646,0.2075219,0.08856596,0.12465968,0.16140457,0.06696735
1795,0.38052674,0.01479957,-0.01430823,0.23204446,-0.07678646,0.00579825,0.24916558,0.4438106,0.13076049,0.1866147,0.08193689,0.11002699,0.1424558,0.05793869,0.12390439,0.17338992,0.06137637,0.12238317,0.21023971,0.22236564,0.10710428,0.14081169,0.12476752,0.23008287,0.12719647,0.10690198,0.11780959,0.16486467,0.07252344,0.09459876,0.12392134,0.04494711
1796,0.27255068,0.01374168,-0.00885321,0.28162504,-0.0841144,0.00423056,0.29729314,0.4532061,0.18324362,0.23874255,0.13087234,0.15752613,0.19012409,0.1046196,0.16909465,0.22226517,0.10842928,0.17354475,0.27636674,0.27964228,0.17674013,0.19264082,0.17094097,0.29078876,0.17843719,0.15168177,0.17066665,0.21986891,0.12414177,0.13882124,0.17138022,0.09133709
1797,0.23322864,0.01643514,-0.00842538,0.2487326,-0.07625312,0.00094463,0.25261057,0.4900007,0.1611584,0.22053986,0.10952425,0.12234986,0.15593262,0.07001699,0.1378571,0.19091054,0.07452711,0.14778468,0.23754442,0.24863006,0.13242739,0.17076633,0.13421382,0.25408211,0.15525054,0.11281574,0.14590447,0.19635993,0.09685029,0.10726841,0.14266965,0.05465622
1798,0.4938684,0.01886215,-0.00401876,0.2908508,-0.0962735,0.00295981,0.29034689,0.48088862,0.17305516,0.22900292,0.11345341,0.1503349,0.183969,0.0977683,0.1639513,0.21540776,0.10143148,0.16224109,0.27741631,0.28773878,0.16512131,0.18152615,0.16087397,0.29034328,0.16560729,0.14366984,0.15872081,0.20498121,0.10800927,0.13328171,0.16224313,0.08551409
1799,0.4106489,0.00744645,-0.02769573,0.27809135,-0.09373654,0.0011604,0.32256568,0.47910697,0.16262547,0.22385757,0.10187501,0.1257584,0.15781022,0.0738225,0.14276638,0.19871727,0.07145314,0.14598475,0.25641877,0.2713331,0.1530821,0.17327618,0.14037895,0.27515476,0.1558209,0.11604047,0.14460504,0.19432966,0.09022923,0.1060144,0.13685561,0.05676663
1800,0.34698197,0.01543651,-0.01566437,0.26477917,-0.08561231,0.00647235,0.2817923,0.45497887,0.17952596,0.23253801,0.12905838,0.1415507,0.17811204,0.09135074,0.15731034,0.20551525,0.10064636,0.16601348,0.26084743,0.26098556,0.1444257,0.18417398,0.15041001,0.27143574,0.1758883,0.1379951,0.16937808,0.21352987,0.12215128,0.13019977,0.16034083,0.08207063
1801,0.49551743,0.01261766,-0.02980783,0.28283605,-0.09233764,0.00594924,0.27886455,0.49423453,0.15019196,0.21037079,0.08748592,0.12243827,0.16084287,0.07083428,0.13666947,0.19212438,0.06907012,0.13816382,0.2423366,0.26795188,0.14185952,0.15697352,0.13071017,0.25374991,0.14210575,0.11435941,0.13592148,0.18772397,0.08016267,0.10817497,0.14073342,0.05969787
1802,0.44418717,0.01454523,-0.02229094,0.26856564,-0.09140397,0.00706388,0.29306334,0.45796134,0.16435497,0.2207036,0.10848938,0.13469217,0.16909672,0.08589599,0.14911386,0.19777547,0.08597817,0.15251959,0.26068544,0.26209794,0.14707622,0.17136108,0.14322588,0.27307013,0.1588225,0.12955919,0.15315234,0.20242719,0.10228662,0.12265199,0.15142155,0.07428775
1803,0.40276986,0.01794811,-0.02974834,0.24823451,-0.0849053,0.00640213,0.2622856,0.4669656,0.144364,0.20210184,0.08608508,0.12002149,0.15563152,0.06760725,0.13179036,0.18286655,0.0665908,0.13486787,0.22695731,0.23841396,0.11844861,0.15346635,0.13215759,0.24329145,0.14834476,0.12377132,0.13894586,0.1866506,0.08624161,0.11406944,0.14090392,0.06248903
1804,0.19875207,0.01364951,-0.0154513,0.22436685,-0.07519513,0.0031102,0.23794775,0.45672175,0.13471101,0.18782924,0.08951562,0.10612805,0.13713992,0.05820427,0.12256182,0.16716026,0.06777829,0.12612536,0.22020728,0.22145187,0.09966264,0.14550285,0.11722712,0.23840872,0.13741893,0.10751981,0.13109718,0.17489069,0.08713196,0.10202928,0.12802483,0.05256863
1805,0.26011328,0.01949245,0.00149265,0.25974999,-0.08339407,0.00119177,0.26104955,0.46882018,0.14250457,0.20110335,0.08217799,0.10842824,0.14115066,0.05654761,0.12678604,0.18067201,0.05671162,0.12826501,0.22142736,0.24607004,0.1227176,0.15003775,0.12069698,0.23740748,0.13934431,0.104508,0.1296136,0.17885414,0.07619353,0.09545087,0.12193689,0.04536163
1806,0.52850698,0.0185145,-0.02329167,0.29285031,-0.09545804,0.00507247,0.30589928,0.45316311,0.17893754,0.24232215,0.11256176,0.14622764,0.18192497,0.09122067,0.15626536,0.2120306,0.08511225,0.16572469,0.27304889,0.28312706,0.17396861,0.18634,0.15564607,0.28453248,0.17230583,0.13966872,0.16570587,0.22323788,0.10365767,0.12904683,0.16163892,0.07889151
1807,0.45903548,0.02562099,0.00599348,0.31102195,-0.09873165,-0.00014927,0.31667199,0.50236161,0.18058816,0.24671445,0.11701961,0.153949,0.19241267,0.09114689,0.17241425,0.23256975,0.09945584,0.16959154,0.28898488,0.31004955,0.16511039,0.1928277,0.16950004,0.30856764,0.17130718,0.14342022,0.15939292,0.21534474,0.10305796,0.13267718,0.17030336,0.07481732
1808,0.23394914,0.02355608,-0.01642946,0.26767086,-0.0849234,0.00207783,0.30582948,0.46662772,0.1592426,0.22098621,0.10255463,0.13014893,0.16114226,0.07960366,0.14747225,0.19964924,0.07849982,0.14722935,0.25130373,0.25932774,0.14402879,0.16917124,0.14274839,0.26871213,0.15318761,0.12479815,0.14450639,0.19596595,0.09076395,0.11613315,0.14330732,0.06662825
1809,0.20116014,0.0106589,-0.0123947,0.30004742,-0.09839381,0.00253114,0.33429099,0.47724528,0.19462076,0.25330342,0.13185655,0.1564129,0.19070912,0.10984514,0.17571887,0.23084623,0.1083398,0.17597072,0.28486074,0.29651004,0.19056775,0.20011435,0.16413571,0.29440894,0.19249585,0.14974099,0.18568377,0.23901965,0.12941326,0.14447058,0.17413201,0.09640386
1810,0.31897392,0.00903372,-0.01261841,0.24865908,-0.07948164,0.00067636,0.26190023,0.48925768,0.14478761,0.20361608,0.093829,0.11479495,0.14555928,0.06075368,0.13195041,0.18610416,0.06801156,0.13266631,0.23076755,0.23816968,0.12777662,0.15560136,0.13110658,0.25079538,0.13783885,0.10606387,0.12973021,0.17669001,0.08363849,0.09286471,0.1257725,0.04408837
1811,0.52098966,-0.00255375,-0.00870151,0.28940804,-0.09850004,0.00152636,0.29916593,0.50204311,0.14610415,0.21045678,0.07896437,0.11734887,0.1522327,0.06083676,0.13447197,0.19405287,0.06019338,0.13105349,0.24282525,0.27235638,0.13021933,0.15798999,0.13293124,0.2632297,0.13899211,0.10817796,0.12803872,0.17932404,0.07171798,0.09662061,0.12867125,0.04728145
1812,0.33310565,0.01689146,0.00200766,0.26196228,-0.08623164,0.00120258,0.27991464,0.47048494,0.14362779,0.20780166,0.08463496,0.1197748,0.15300909,0.06225343,0.13724003,0.19520465,0.06702532,0.13216112,0.24090303,0.25545095,0.13363895,0.15607186,0.13800298,0.26461509,0.13537344,0.11325405,0.1237083,0.17776796,0.07202641,0.09827685,0.13198533,0.04504571
1813,0.37105029,0.01742216,-0.02634211,0.31561468,-0.10044803,0.00479766,0.35253449,0.47089165,0.20051172,0.26244038,0.14071372,0.16716873,0.20496882,0.11350136,0.18585457,0.24143284,0.11810205,0.18693052,0.31057868,0.31178372,0.1965472,0.20823858,0.17812921,0.32353366,0.19205498,0.15831111,0.1861193,0.23936669,0.13215378,0.14837044,0.17967774,0.0991338
1814,0.27532348,0.02302572,-0.00324098,0.27956081,-0.09720213,0.00416732,0.28523804,0.49565743,0.15354874,0.21767218,0.08873945,0.12331053,0.15804442,0.06760203,0.14248845,0.19744517,0.07060222,0.14054553,0.26013921,0.27569854,0.1345808,0.1634545,0.13520914,0.27670994,0.14725146,0.11902053,0.13948621,0.1945445,0.08103189,0.10990025,0.14085437,0.05493547
1815,0.39507681,0.02113103,0.02638194,0.30342262,-0.09715961,-0.00168468,0.34200683,0.49471281,0.17307708,0.23597497,0.11378536,0.1420714,0.17214783,0.08807957,0.16320601,0.22329803,0.09163696,0.15787741,0.28283919,0.30455197,0.17883214,0.18554746,0.16105469,0.30569925,0.164049,0.13063957,0.152424,0.20168042,0.10328317,0.11627652,0.14848102,0.06942767
1816,0.4021973,0.03245733,-0.01730259,0.29562833,-0.09866667,0.00516859,0.33138335,0.47141056,0.17229608,0.23642858,0.11557099,0.14230029,0.17739547,0.08837196,0.15994778,0.21690904,0.09376245,0.16048741,0.26970294,0.28212572,0.16016806,0.17889722,0.1528043,0.28456983,0.16475478,0.13370521,0.15694948,0.20951329,0.10333027,0.12225417,0.15741525,0.06948254
1817,0.25999213,0.01699771,-0.01611499,0.22256662,-0.07671564,0.00297385,0.24816286,0.47217078,0.12291042,0.17969794,0.07162108,0.10085308,0.13296752,0.05044645,0.11445169,0.16330628,0.05203,0.1150154,0.19886677,0.21556057,0.09322213,0.13509994,0.11712649,0.22155718,0.12433302,0.10092318,0.11133024,0.15792631,0.06533294,0.08957535,0.117592,0.03934916
1818,0.38536239,0.0119837,-0.02095277,0.22093612,-0.07699746,0.00563867,0.23850594,0.42605951,0.118028,0.1727603,0.06685946,0.10116262,0.13471733,0.05056836,0.11143586,0.16030812,0.05041664,0.11108881,0.20093534,0.21041634,0.1014239,0.12620495,0.11319822,0.21642712,0.11633625,0.10088134,0.10822145,0.1545173,0.06012142,0.0894902,0.1175221,0.04130949
1819,0.50229516,0.00543592,-0.01692859,0.33813544,-0.10277498,0.00380987,0.34859493,0.47101654,0.22636165,0.28849931,0.1580652,0.18978667,0.22986214,0.12825164,0.20749403,0.2664688,0.13380336,0.21071703,0.3262568,0.34127612,0.21233372,0.23569306,0.20304477,0.33865344,0.21318497,0.17479612,0.20254523,0.25967872,0.14314407,0.163463,0.20043376,0.11000454
1820,0.35573153,0.02271391,-0.0028426,0.26931358,-0.08659448,-0.00031098,0.29540118,0.47845845,0.15175429,0.21159934,0.09735264,0.1218999,0.14991143,0.07205009,0.13717043,0.19033152,0.06942679,0.13763162,0.23975423,0.25496064,0.14273878,0.1601699,0.13506955,0.257679,0.14756218,0.11474693,0.1373767,0.18709053,0.0862936,0.10241879,0.13341215,0.05380876
1821,0.5904264,0.02816107,-0.02305299,0.32609002,-0.10545806,0.0043944,0.35073413,0.48895545,0.19576574,0.25622485,0.13189535,0.15840136,0.19073991,0.10896415,0.17063895,0.22583543,0.10108298,0.17911249,0.29450984,0.31148614,0.19410836,0.20265889,0.16791705,0.30568364,0.18803828,0.14895724,0.18003451,0.23482043,0.11940343,0.13902402,0.1705092,0.0921831
1822,0.28897657,0.00170053,0.00350032,0.26032481,-0.08212659,0.00259426,0.29376651,0.45770832,0.16489316,0.2219358,0.11563131,0.13254036,0.16386325,0.0816696,0.14725474,0.1989214,0.08574817,0.15231701,0.25999819,0.2648488,0.14651547,0.17311032,0.14476499,0.27441231,0.15958804,0.12581288,0.15060216,0.19985835,0.10574658,0.11731887,0.14948356,0.06796625
1823,0.47725347,0.00877683,-0.0059616,0.26108218,-0.08355175,0.00343645,0.26247124,0.46806776,0.15166825,0.21243275,0.09841383,0.12728884,0.1587459,0.07267213,0.14027151,0.19401298,0.07460058,0.14181142,0.24052512,0.25350127,0.12976698,0.16125038,0.14133848,0.25831495,0.14915993,0.12390884,0.13983373,0.18984978,0.09174498,0.11196216,0.1435032,0.06091241
1824,0.42426031,0.01629969,-0.02683241,0.28398546,-0.0885197,0.00551741,0.32364014,0.50694036,0.18441946,0.2422415,0.12322345,0.14539318,0.17801816,0.09834661,0.16236288,0.21822677,0.0961788,0.16772823,0.2687465,0.28428694,0.17171839,0.19147096,0.1556344,0.28209407,0.17854815,0.13705866,0.17007547,0.21993505,0.11211721,0.13058882,0.16034737,0.08290024
1825,0.16677519,0.01920173,-0.00625763,0.24497215,-0.07684085,0.00333577,0.2491869,0.46280477,0.13743147,0.19722962,0.08368724,0.1128464,0.14401234,0.05878954,0.12481283,0.17779888,0.05886855,0.12666802,0.22540274,0.23219343,0.12491386,0.14551908,0.12538138,0.24138735,0.13220133,0.10378448,0.1230507,0.17390403,0.07106336,0.09190185,0.1260746,0.04248354
1826,0.34353586,0.02822147,-0.00523857,0.26241918,-0.08921978,-0.00028717,0.28248085,0.46879327,0.14245364,0.20369135,0.08501659,0.10714844,0.13137234,0.05478366,0.1246407,0.17843588,0.0553781,0.12597922,0.23936518,0.25350842,0.14255057,0.15182084,0.12080833,0.25795311,0.13538868,0.10068946,0.12798994,0.17813318,0.07651333,0.08689265,0.11678906,0.03832916
1827,0.27245335,0.02167868,0.00462429,0.25351016,-0.07723757,-0.00265815,0.26222436,0.47542385,0.13942324,0.20160184,0.08716204,0.11378603,0.14140775,0.05984462,0.12958666,0.18399502,0.06193629,0.12857917,0.22498546,0.24193024,0.12992545,0.15056573,0.1299194,0.24523537,0.13525072,0.10690319,0.12602511,0.17484352,0.07585157,0.09312156,0.12745231,0.04285033
1828,0.51898302,0.02020091,-0.00400995,0.3117367,-0.09962331,0.00381113,0.3348903,0.48753241,0.18198112,0.24453279,0.11913023,0.15375957,0.18985638,0.09835902,0.16794999,0.22728474,0.09696799,0.16770479,0.29022386,0.30693548,0.18401321,0.192157,0.16760565,0.30610189,0.17198643,0.14235646,0.16420535,0.21929398,0.10811064,0.13078042,0.16618484,0.08112982
1829,0.46300349,0.01409111,-0.03253014,0.26840871,-0.09134193,0.00126596,0.28410988,0.46579208,0.16242385,0.22212565,0.10357862,0.12995909,0.16426725,0.0781969,0.14331484,0.19375497,0.07549362,0.14739965,0.25564048,0.26040785,0.14192919,0.17237962,0.14211229,0.27125902,0.14928236,0.11571497,0.13996172,0.19277609,0.0860279,0.10834546,0.13836856,0.05806671
1830,0.42783671,0.02961348,0.00811011,0.26548526,-0.08787484,0.00041433,0.27519144,0.45675467,0.14696264,0.20923673,0.08745191,0.1243145,0.16286764,0.06616239,0.13845418,0.19458917,0.06936516,0.13668435,0.23780951,0.25973218,0.13079111,0.15689568,0.1374523,0.25542528,0.14370053,0.12078531,0.1326295,0.18622619,0.07939068,0.11082793,0.14402833,0.05645455
1831,0.33052372,0.02623678,-0.01404945,0.28239905,-0.0944429,0.00503616,0.32178134,0.45070253,0.17701168,0.23774217,0.11372372,0.14368274,0.17626026,0.08970115,0.16111609,0.21415616,0.09057785,0.16080586,0.27864408,0.28381456,0.17257405,0.18464672,0.15467761,0.29266388,0.16856669,0.13338786,0.16079904,0.21340034,0.1046645,0.12244621,0.15564046,0.07190615
1832,0.36854357,0.0110568,-0.03767055,0.26844144,-0.09296735,0.00626142,0.31031661,0.45623018,0.16222458,0.22077004,0.10618239,0.1215986,0.15605189,0.07227237,0.13793395,0.19349875,0.06940708,0.14405634,0.25667663,0.2583681,0.14414297,0.16520953,0.12810044,0.26624782,0.15261864,0.10870446,0.14765249,0.19920119,0.09531169,0.10161579,0.13209356,0.0521463
1833,0.45849941,0.01954606,-0.02754854,0.26137375,-0.09310807,0.00415359,0.27930074,0.50612723,0.14413872,0.19621206,0.08575089,0.11433875,0.14345716,0.07094746,0.12702744,0.17286769,0.06547134,0.12743395,0.23309509,0.2484408,0.12899434,0.15055082,0.12309154,0.24607362,0.1413568,0.1105038,0.13390355,0.17565759,0.08214387,0.10322112,0.1258799,0.06135553
1834,0.33803868,0.02156882,-0.02972861,0.26159329,-0.08708097,0.0057797,0.27974971,0.44161555,0.15329463,0.21399952,0.09403096,0.12231782,0.15880236,0.06914129,0.13652595,0.18927756,0.06911127,0.14096231,0.23838191,0.24455379,0.12816033,0.15944733,0.13299132,0.25270371,0.15124348,0.11961952,0.14151302,0.1929518,0.08454985,0.10860615,0.13964492,0.0560836
1835,0.31005679,0.01432084,-0.0186193,0.24089014,-0.08045646,0.00485935,0.25132113,0.44440073,0.13256904,0.19295718,0.07798697,0.10263201,0.13620088,0.04845459,0.11826483,0.17130932,0.05146437,0.12013749,0.21572798,0.22873375,0.10756595,0.14066543,0.11348438,0.23076437,0.13027235,0.10026627,0.12179502,0.17389635,0.06964912,0.08984104,0.12067297,0.03656462
1836,0.53744096,0.01113432,-0.03509437,0.29085595,-0.09619924,0.00575337,0.31585001,0.42965528,0.17906825,0.24282213,0.11837583,0.14944598,0.1860512,0.0924198,0.16460651,0.22077173,0.09419662,0.16883441,0.27448558,0.27593491,0.16074108,0.1869759,0.16010076,0.28808439,0.17593795,0.14702428,0.16829556,0.22382509,0.11267775,0.13526315,0.16590416,0.08201362
1837,0.48276019,0.02161911,-0.01117392,0.29948687,-0.09699981,0.00376199,0.31839369,0.48277225,0.17202457,0.23515763,0.10612712,0.14454708,0.18588058,0.08331445,0.15825992,0.21925191,0.08237,0.16017092,0.26680785,0.29067168,0.14616072,0.18164998,0.15893525,0.28572566,0.16311854,0.13604425,0.15172937,0.2067013,0.09263149,0.12424349,0.15960705,0.06805304
1838,0.22559703,0.00520139,-0.02885942,0.27381659,-0.0903136,0.00670312,0.30182327,0.44991569,0.17747736,0.23054248,0.12791079,0.14425338,0.17707325,0.0961379,0.15794207,0.20730991,0.09786641,0.16267971,0.26245402,0.2644589,0.15182648,0.18106971,0.15160312,0.27021459,0.17238765,0.1370607,0.16599967,0.21447958,0.1201954,0.12750428,0.15571464,0.08088079
1839,0.4905355,0.01043109,-0.03764089,0.25128155,-0.08500012,0.00467686,0.24566501,0.48169424,0.12545087,0.17515451,0.0782055,0.09393802,0.1192514,0.05129763,0.10673902,0.15367432,0.05209812,0.1099313,0.21582195,0.22990876,0.11466756,0.1309181,0.10226936,0.22871871,0.12529207,0.09148963,0.11917105,0.15819968,0.07577901,0.08278764,0.1066341,0.04085359
1840,0.44413966,9.948e-05,-0.02826431,0.26194388,-0.08634343,0.00489666,0.28857,0.46805024,0.15366855,0.21144468,0.09819779,0.12070007,0.1563291,0.06886837,0.1356107,0.18993477,0.07001719,0.14089656,0.23306371,0.25170459,0.12731507,0.16131267,0.1334729,0.24880729,0.14848004,0.11330991,0.13747921,0.18625119,0.08840284,0.10306844,0.13381317,0.05421216
1841,0.39020244,0.01845874,-0.00052539,0.29424087,-0.08834761,-0.00179787,0.31555931,0.49892623,0.1817,0.24454068,0.12059454,0.14877997,0.18473508,0.08746314,0.16666622,0.22630538,0.09568111,0.16877482,0.27604692,0.29429457,0.15731275,0.19480049,0.16830664,0.29957081,0.16497224,0.13347881,0.15438473,0.20588979,0.10134633,0.1189816,0.15581151,0.06364302
1842,0.26657931,0.01838002,-0.01786188,0.26772286,-0.0847052,0.00136649,0.28291148,0.47280728,0.15212846,0.20803201,0.09121751,0.11594986,0.15204891,0.06714173,0.13312165,0.18625499,0.06680382,0.13522772,0.23576683,0.24621249,0.13432753,0.15836708,0.12635043,0.24964627,0.14608935,0.10995865,0.13882333,0.18669551,0.08297754,0.10138902,0.13095422,0.05576008
1843,0.15190281,0.01891122,-0.00116275,0.20060889,-0.06268255,-0.00123399,0.19673238,0.45457315,0.10572892,0.16396192,0.06030796,0.08458921,0.11651581,0.03083657,0.09970242,0.14912618,0.04065004,0.09918019,0.1791079,0.19081241,0.07433173,0.11728734,0.09953147,0.20098643,0.10670091,0.0860516,0.09808834,0.14411368,0.05508106,0.07537944,0.10653531,0.02278301
1844,0.45688845,0.00433999,-0.00329271,0.27053803,-0.08809876,0.00563362,0.28499124,0.4699829,0.16775999,0.2216699,0.1176229,0.13701779,0.17224523,0.08631368,0.15373139,0.20523178,0.09568121,0.15656062,0.26231196,0.27243915,0.14584583,0.17867166,0.1505336,0.27777376,0.16224036,0.13060341,0.15275572,0.20067797,0.10918906,0.12282342,0.15407469,0.07513721
1845,0.34598723,0.010019,-0.0195333,0.27119399,-0.0843279,0.0017267,0.29941764,0.48679289,0.15621736,0.21408867,0.10312366,0.12208312,0.1534952,0.07453309,0.13439314,0.18876737,0.07253378,0.14002955,0.24424403,0.25243034,0.14448565,0.16341748,0.13235572,0.25841282,0.14695179,0.11159271,0.13925912,0.19026005,0.08863399,0.10246245,0.13563583,0.05647125
1846,0.14857665,0.01370711,-0.00819875,0.2258316,-0.07206706,0.00246948,0.24425209,0.43797306,0.14490758,0.20092132,0.0953207,0.11755649,0.15237828,0.06570931,0.13108183,0.17758538,0.07278147,0.13417041,0.21727725,0.21959739,0.11136086,0.15538692,0.129885,0.23476977,0.1395692,0.11487051,0.13172462,0.17914774,0.08666708,0.10550265,0.13737536,0.05454479
1847,0.29825232,0.01507978,-0.02739207,0.24773821,-0.07933389,0.00509854,0.26730957,0.46163578,0.14520966,0.20459021,0.09651093,0.1227584,0.15559974,0.07081088,0.13638448,0.18620008,0.07351518,0.13850161,0.22717846,0.2345476,0.12526538,0.15579342,0.13679118,0.24510148,0.14310924,0.1176789,0.13443285,0.183646,0.08810602,0.10654192,0.13783108,0.0567642
1848,0.37276509,0.02385217,-0.0096481,0.28654455,-0.09313032,0.00268128,0.31752453,0.48685998,0.17527638,0.23593085,0.11524895,0.14335279,0.17973123,0.08824942,0.16283414,0.21739657,0.09418769,0.16491636,0.26414729,0.28201089,0.15556816,0.18691512,0.15859162,0.28520234,0.1679462,0.13329007,0.15658432,0.20849394,0.1020528,0.12184167,0.15695153,0.06796102
1849,0.58068197,0.00024576,-0.02596253,0.28920972,-0.09807314,0.00715918,0.31586802,0.46323126,0.16200639,0.22470997,0.09859457,0.13759226,0.17317625,0.08319436,0.14851222,0.20623288,0.07857061,0.15046731,0.26224133,0.28268125,0.15894347,0.16980751,0.14814377,0.27554052,0.15559444,0.13201393,0.14711222,0.20207546,0.09151485,0.12137519,0.15127476,0.06949127
1850,0.24391951,0.00905881,-0.01609497,0.2265934,-0.07255749,0.00306561,0.24205284,0.42052975,0.14770588,0.20189506,0.09885827,0.11791579,0.1495032,0.06629492,0.13078192,0.17870052,0.07263035,0.13708958,0.22571791,0.227279,0.12258706,0.15602301,0.13087975,0.2423216,0.13817004,0.10974784,0.13080526,0.17442717,0.08621093,0.09878863,0.12740213,0.04967909
1851,0.39242185,0.02000652,-0.00998442,0.31608589,-0.0998615,0.00026647,0.36421651,0.47797691,0.20687095,0.26902397,0.14622692,0.16782065,0.20256451,0.1129331,0.18860379,0.2442058,0.11880534,0.1899196,0.30760967,0.31309318,0.19913914,0.21479554,0.18137018,0.32383437,0.19524414,0.15403369,0.18603048,0.23662335,0.13442305,0.14206069,0.17366793,0.09290651
1852,0.40335481,0.01976372,-0.01889357,0.29068009,-0.09740022,0.00240964,0.31808445,0.46576605,0.17198413,0.23147335,0.11150871,0.137666,0.17701491,0.08182864,0.15677874,0.21224236,0.08736864,0.15640628,0.26703635,0.27556537,0.1444066,0.18046937,0.14928203,0.28231168,0.1716294,0.13538717,0.16139027,0.21480644,0.10482824,0.12517717,0.15749195,0.07289532
1853,0.29103966,0.02859759,-0.01362414,0.29531306,-0.09809857,0.00647912,0.33948286,0.45370636,0.18359932,0.24597455,0.12513092,0.15745863,0.19161613,0.10403461,0.17111118,0.22565759,0.10355867,0.17260554,0.28606785,0.29289838,0.17203297,0.19117117,0.16814171,0.30018633,0.17747523,0.15228976,0.16814114,0.22229774,0.11406672,0.1415159,0.17049573,0.08734936
1854,0.35287061,0.01319442,-0.02991454,0.2940942,-0.09316319,0.00509032,0.3369128,0.44822715,0.19120048,0.25323017,0.12870955,0.15923414,0.19707406,0.10448361,0.17629961,0.23234018,0.10673328,0.18059443,0.29037246,0.29248567,0.1868442,0.19951339,0.17160189,0.30531913,0.1801755,0.14804721,0.17151919,0.22432409,0.11649135,0.1369932,0.16752245,0.08541674
1855,0.41502778,0.02662407,-0.01848725,0.2943014,-0.09430263,0.00176547,0.32190206,0.482862,0.17189573,0.23245399,0.11177692,0.13662897,0.17610099,0.08404823,0.15574113,0.21086336,0.0874796,0.15772337,0.26559413,0.27880082,0.15667326,0.17938782,0.14785332,0.27953824,0.16425289,0.12652768,0.1563008,0.20573023,0.10030272,0.11950398,0.15172491,0.07049222
1856,0.41388111,0.01006832,-0.02100769,0.23910749,-0.07771752,0.00516034,0.25040588,0.46018001,0.13104515,0.18386648,0.07568533,0.10650658,0.13717031,0.06173343,0.1180427,0.16657057,0.05737051,0.11884484,0.20938759,0.22509227,0.12107782,0.13685351,0.11510016,0.22222321,0.13219683,0.10600225,0.12447034,0.17031743,0.07255785,0.09855326,0.12470942,0.05295021
1857,0.40295694,0.02189082,-0.01950438,0.26156414,-0.09368827,0.0056732,0.28784538,0.46056286,0.14777699,0.20598251,0.08925419,0.11874725,0.15360539,0.06947291,0.13674916,0.18549673,0.07124472,0.13549452,0.24259894,0.25492847,0.12734513,0.15616607,0.12894538,0.25913214,0.14617015,0.11801094,0.13628332,0.18725268,0.08179195,0.11087867,0.13985483,0.0602861
1858,0.51503615,0.02864638,-0.01319286,0.28592536,-0.09475345,0.00105265,0.3116815,0.49536897,0.16290366,0.22155097,0.10136898,0.12677728,0.16093662,0.07671741,0.14506049,0.20004727,0.07796872,0.146659,0.25025114,0.27389637,0.14752125,0.17048195,0.13585144,0.26471054,0.15705876,0.11935074,0.15044601,0.20051555,0.09240808,0.11311749,0.14287722,0.06268013
1859,0.30145219,5.505e-05,-0.03438332,0.27972981,-0.09002344,0.00572217,0.2937763,0.44910187,0.16834032,0.23015341,0.11069933,0.1245075,0.15187411,0.07268219,0.13860037,0.19484896,0.07017128,0.14623023,0.26448546,0.26746555,0.15577483,0.17499131,0.13404949,0.27670222,0.1597494,0.11481872,0.15118573,0.20332816,0.09658283,0.10453203,0.13532747,0.05594571
1860,0.26430372,0.01315182,-0.00938099,0.25511509,-0.08073724,0.00404459,0.27612941,0.44686377,0.15586538,0.21885388,0.09995943,0.13100387,0.16454895,0.07462793,0.1446184,0.20037301,0.07706985,0.14845745,0.23901774,0.24692659,0.13085239,0.16732309,0.1464143,0.2586186,0.15492699,0.13171268,0.14555297,0.19854588,0.09397727,0.11920123,0.14925828,0.06377359
1861,0.40963125,0.04075229,-0.00338276,0.31722082,-0.10921335,0.00304839,0.34915512,0.47705117,0.18216048,0.24752367,0.11167207,0.13649715,0.17135347,0.07978784,0.16046906,0.21960921,0.08069647,0.16050119,0.28655454,0.30390718,0.16781435,0.19010605,0.14959641,0.30395872,0.17348365,0.12710278,0.16102198,0.21762378,0.0974064,0.11454359,0.14827616,0.06172496
1862,0.4619659,0.01497874,-0.01864683,0.2953021,-0.09699074,0.00615404,0.30156924,0.47933274,0.16341655,0.22190187,0.10317674,0.13505264,0.17300023,0.08124001,0.15018194,0.20692749,0.08230877,0.1496131,0.26410994,0.28011949,0.15073807,0.17032963,0.14714283,0.2788569,0.15664902,0.12800856,0.14742808,0.19708064,0.09267271,0.11750178,0.14979731,0.06889488
1863,0.40628558,0.00630648,-0.01892219,0.28537178,-0.08969808,0.0036324,0.30049647,0.50575316,0.17493377,0.23502073,0.11697475,0.14270812,0.17702338,0.09094299,0.15709701,0.21416255,0.09147309,0.15951437,0.27219593,0.28427319,0.15830901,0.18458722,0.15497617,0.28810214,0.16824571,0.13421477,0.1592444,0.21323841,0.10548024,0.12509349,0.16178211,0.07440294
1864,0.17893792,0.01121383,0.00271032,0.21143067,-0.06794215,0.00280691,0.2138121,0.45742263,0.12308181,0.17927199,0.0785537,0.09822888,0.12923745,0.04425306,0.11525077,0.16474255,0.05687457,0.11462295,0.20051296,0.2086343,0.0889348,0.13502728,0.11470269,0.22235308,0.12168353,0.09793133,0.11072942,0.15660334,0.0705701,0.08681969,0.11768083,0.03511169
1865,0.16726023,0.00566984,-0.01611851,0.21382005,-0.07070444,0.00729163,0.21421357,0.43596246,0.12697814,0.1821209,0.07695151,0.1067039,0.13845459,0.05756082,0.11723813,0.16646935,0.05924652,0.11927109,0.20854535,0.21146608,0.1079709,0.13464614,0.11602679,0.22089636,0.12972585,0.10646517,0.12295125,0.17211142,0.07566433,0.09840066,0.12664524,0.04924507
1866,0.23840427,0.0136876,-0.01484392,0.21630865,-0.07210771,0.00303183,0.23718559,0.4327178,0.1331004,0.18923237,0.08398877,0.10412019,0.13407856,0.05639822,0.11574262,0.164181,0.05534767,0.12355752,0.20221346,0.20543445,0.10026776,0.14105299,0.11549909,0.21752093,0.13756711,0.10798988,0.129457,0.1768563,0.08286335,0.09792154,0.12492333,0.04849305
1867,0.44066263,0.0337242,-0.01228936,0.27676199,-0.09474679,0.00597912,0.30444132,0.47232803,0.16391543,0.22281848,0.10472526,0.13857796,0.17296766,0.08476828,0.15179713,0.2017323,0.08411589,0.15488142,0.257316,0.26994462,0.14362372,0.17398727,0.15109381,0.27416796,0.16252418,0.13658007,0.15356799,0.20454932,0.09782399,0.12576325,0.15560718,0.07353031
1868,0.38277526,0.02589083,-0.01046604,0.24932614,-0.08507885,0.00389822,0.26935902,0.47021759,0.14568386,0.20484495,0.08515411,0.12083417,0.16116321,0.06577305,0.13664693,0.18911891,0.07068357,0.13534893,0.22686055,0.23806098,0.11596555,0.15348387,0.13299155,0.2432606,0.14109265,0.11669028,0.13119991,0.17972583,0.07442381,0.10770526,0.13999166,0.05503206
1869,0.4846233,0.0138095,-0.02630072,0.26217773,-0.08537531,0.00599341,0.27643201,0.44936802,0.15534532,0.2131409,0.09843871,0.12784014,0.1600616,0.07868853,0.14074631,0.1936683,0.07762517,0.1443772,0.2487808,0.2533266,0.14747312,0.16083426,0.136509,0.25921286,0.15395511,0.12352459,0.14918062,0.1958412,0.09393779,0.11414292,0.14218699,0.06850926
1870,0.40735513,0.00992621,-0.01751904,0.31053197,-0.09805435,0.00642407,0.32820211,0.48257462,0.18101194,0.24507548,0.11675609,0.14669016,0.18427899,0.09066787,0.1645065,0.22453345,0.092777,0.16683488,0.27467802,0.2878396,0.16461407,0.19036898,0.15910234,0.29019016,0.17203343,0.13519654,0.16527164,0.22103189,0.10543621,0.12450596,0.15958802,0.07366701
1871,0.34379059,0.02112341,-0.00298555,0.27364764,-0.0866024,0.0006412,0.2884011,0.47900525,0.17003575,0.2331375,0.10967483,0.13343442,0.17449623,0.07329344,0.15124317,0.21208624,0.07911465,0.15481477,0.25420427,0.26821411,0.13408758,0.1807028,0.14873586,0.27488444,0.16062348,0.1245879,0.14789894,0.20272713,0.09309401,0.1151232,0.15319109,0.05776811
1872,0.19474462,0.01333541,0.00207875,0.25735567,-0.0822242,0.00205106,0.27136894,0.48234019,0.1468123,0.2099835,0.0952769,0.12707268,0.15834669,0.0694323,0.14106705,0.19737376,0.07546892,0.13723357,0.24989979,0.25885168,0.1388255,0.15705921,0.14264719,0.27013572,0.13491536,0.11497681,0.12603407,0.1788869,0.07975923,0.1012263,0.13777534,0.04703922
1873,0.24787882,-0.00203808,0.00651071,0.2478581,-0.07901834,-0.00237284,0.24251936,0.49779237,0.12239729,0.1882597,0.06575113,0.09290348,0.11840125,0.03394494,0.10969619,0.16968872,0.03708835,0.10650807,0.22049571,0.24303414,0.11688151,0.13529754,0.11096463,0.24414113,0.11783197,0.0860558,0.10686446,0.15765371,0.05786474,0.07140839,0.103663,0.01975998
1874,0.26095829,0.00641258,-0.00319707,0.21401687,-0.06962735,0.0030897,0.22810662,0.45441049,0.11165494,0.16695358,0.06244579,0.08926328,0.12040174,0.03741044,0.10367023,0.15445589,0.03897572,0.10162812,0.18601692,0.20684397,0.08992099,0.12271138,0.10459536,0.20625139,0.11235836,0.0885322,0.10154336,0.14932578,0.05681077,0.07797436,0.10732929,0.02840599
1875,0.59555982,0.0036463,-0.00215722,0.30057024,-0.0952252,0.00300845,0.32898758,0.45010062,0.18235174,0.24406938,0.12016077,0.15240826,0.18754575,0.09716365,0.16545966,0.22539953,0.09537351,0.16861482,0.27662356,0.29782715,0.1808614,0.19364123,0.16726751,0.2937304,0.17527064,0.14435853,0.16544811,0.21809087,0.11059993,0.13246975,0.16437344,0.0820143
1876,0.22839141,0.01791829,-0.0009798,0.22201517,-0.07047835,0.00286435,0.2350128,0.45582096,0.12765657,0.1842135,0.0778184,0.10936803,0.14116125,0.05582091,0.11997471,0.17061556,0.0599501,0.1192207,0.21138437,0.21827184,0.10321442,0.13677729,0.12322946,0.23030147,0.12066447,0.10382103,0.11118522,0.1591554,0.0648961,0.09207964,0.1244373,0.0405893
1877,0.39220679,0.00906567,-0.01111631,0.2911078,-0.0924484,0.00114678,0.32953169,0.47737746,0.17216826,0.23719469,0.1133272,0.14361376,0.17562757,0.08974086,0.160617,0.21765498,0.09027207,0.15985702,0.26904649,0.28491257,0.17350515,0.18297035,0.15856599,0.28917762,0.16494116,0.13434777,0.15476138,0.20689911,0.10497196,0.12100895,0.1535659,0.07099207
1878,0.46787648,0.00372387,-0.03071695,0.23564541,-0.07965806,0.00418628,0.21703387,0.48972821,0.11173398,0.16826058,0.05588206,0.08976172,0.12018527,0.04103209,0.10250257,0.15049052,0.04068521,0.09998132,0.20105604,0.22211529,0.09666083,0.11691815,0.09748362,0.21330959,0.10607539,0.08472354,0.10002988,0.14524323,0.0502141,0.0783909,0.10563378,0.0313608
1879,0.24598849,0.03054432,-0.01386292,0.23755503,-0.08102152,0.00351962,0.24903158,0.49062936,0.13839238,0.19438604,0.09039525,0.10818759,0.13926224,0.05947401,0.12378222,0.17382766,0.06419357,0.12446622,0.22144269,0.22928787,0.11131979,0.14504095,0.1183985,0.23665381,0.14000715,0.10881922,0.13007925,0.17836883,0.08297621,0.10095362,0.13229771,0.05127941
1880,0.25870924,0.01887494,-0.00291543,0.27707728,-0.08922312,0.00317099,0.28906138,0.50187817,0.17062608,0.23066126,0.11400252,0.13855688,0.16760617,0.08370247,0.15234369,0.20811483,0.08878463,0.15979288,0.27225054,0.28080262,0.1580026,0.1795671,0.14967235,0.28664082,0.16542328,0.13008803,0.15845031,0.20857951,0.10530775,0.12025723,0.15082385,0.06734891
1881,0.23685521,0.02012469,0.00230164,0.26219536,-0.08443641,-0.0029566,0.28356953,0.46694195,0.14355453,0.208453,0.08645653,0.11486467,0.14779144,0.05598284,0.13332259,0.19066709,0.06444882,0.13101034,0.2365985,0.24693777,0.13047003,0.15323568,0.12975231,0.25622291,0.13871726,0.10815105,0.12882234,0.181583,0.07713635,0.0941518,0.12931507,0.04008213
1882,0.32884046,0.01093805,-0.01326862,0.27627962,-0.09190263,-0.00227145,0.29680698,0.47162706,0.15709021,0.22395593,0.09664074,0.11726564,0.1511295,0.05720787,0.14069594,0.19923044,0.0650849,0.13976331,0.2436171,0.26555814,0.12616815,0.16928898,0.13401659,0.26704725,0.15795573,0.1129676,0.14332854,0.19706503,0.09013762,0.10041863,0.13179688,0.04609136
1883,0.47789407,0.01524,-0.00561381,0.29496139,-0.09354607,0.00332696,0.32588074,0.45994304,0.17488135,0.23356785,0.11511416,0.14853693,0.18728667,0.09495783,0.16378806,0.21929302,0.09588958,0.16422142,0.27315516,0.28585594,0.17094039,0.18230291,0.16137798,0.28772296,0.16768617,0.14157921,0.15770498,0.20564419,0.10656247,0.12930746,0.16201858,0.08139339
1884,0.28782439,0.00645517,0.00412049,0.24136158,-0.07331126,-0.00419982,0.26755755,0.44478224,0.134151,0.19798381,0.08190369,0.10765324,0.14120098,0.04755367,0.1255976,0.18276598,0.0578395,0.12386915,0.21313845,0.23053405,0.11020346,0.14733909,0.12676535,0.23876745,0.12969384,0.10438986,0.1182507,0.170149,0.07098436,0.08894082,0.12270683,0.03356128
1885,0.26173696,0.02661028,-0.00800008,0.24071353,-0.07556622,0.00139307,0.26705204,0.45283252,0.15118032,0.21009881,0.10215105,0.1151961,0.14614385,0.06256018,0.1315657,0.18211046,0.06718852,0.13960085,0.22798139,0.22736814,0.12057537,0.15976973,0.12842069,0.2457956,0.15126515,0.11443901,0.14309046,0.19160528,0.09513756,0.10352524,0.13483684,0.05141693
1886,0.17416487,0.01893977,0.0017215,0.24581559,-0.08113158,0.00053026,0.26444609,0.47788319,0.13844232,0.19520624,0.08609435,0.10679667,0.13679803,0.05445592,0.12331763,0.17393249,0.06053521,0.12376514,0.22470622,0.23780142,0.11144805,0.1482575,0.1205375,0.2438087,0.13477659,0.10177529,0.12393614,0.17005992,0.07553613,0.09050143,0.12108519,0.03900077
1887,0.37488258,0.02674629,-0.00164439,0.2710333,-0.08804074,0.00356184,0.27568903,0.4710104,0.14814543,0.21235789,0.08626264,0.12933092,0.16552902,0.0716704,0.14410808,0.20146787,0.07421659,0.13923349,0.25052964,0.26362178,0.14327003,0.15915735,0.14420796,0.27010246,0.14127858,0.12352596,0.13108299,0.1875482,0.07470521,0.11133847,0.1454737,0.05798575
1888,0.45722826,0.02095131,-0.01621211,0.27226104,-0.09107468,0.006197,0.29178581,0.45828602,0.16757787,0.22530519,0.10842099,0.14117514,0.17882716,0.0882221,0.15532845,0.20870646,0.0926238,0.15729844,0.25385114,0.26687811,0.15254475,0.1743004,0.15109741,0.26712821,0.1682994,0.13797983,0.15917396,0.20876006,0.10551197,0.12834578,0.16031782,0.07817193
1889,0.34103201,0.01086971,-0.00257801,0.21813684,-0.0742206,0.00450774,0.22852805,0.46826786,0.10117665,0.15509333,0.0522401,0.08854287,0.12040983,0.03819649,0.10147702,0.15205052,0.04052248,0.09431848,0.18907913,0.21059091,0.08617856,0.11129073,0.10241791,0.20731801,0.10201176,0.08731993,0.09324873,0.13822179,0.04695613,0.077268,0.10732917,0.02941784
1890,0.24966478,0.03524992,0.0128016,0.29998674,-0.09085044,-0.00119282,0.33251095,0.49028466,0.18262187,0.24791316,0.12192458,0.14994196,0.18465735,0.09085309,0.16966717,0.22742762,0.09841127,0.17227519,0.28438259,0.30091414,0.17518378,0.19391299,0.16585078,0.30378597,0.17268817,0.13864821,0.16414094,0.21480321,0.10985269,0.12567628,0.16060409,0.07111383
1891,0.30734148,0.00732309,-0.0219151,0.2915885,-0.10336179,0.00895892,0.33233079,0.4827645,0.17432378,0.22806434,0.11687655,0.14198181,0.17124064,0.09817369,0.15779774,0.20720536,0.09662008,0.15806576,0.28286258,0.28645145,0.16850618,0.17853282,0.14828293,0.29225553,0.17601883,0.13924526,0.17012857,0.21589874,0.11733439,0.1312993,0.15550958,0.08656598
1892,0.44401065,0.00828509,-0.02702191,0.24095906,-0.08233928,0.00668087,0.24067119,0.45631648,0.12560792,0.18403897,0.06928159,0.10097589,0.13406156,0.04554228,0.11190007,0.16582013,0.0463493,0.11502581,0.20993999,0.22813626,0.09817117,0.13425914,0.1128453,0.22736101,0.12661707,0.10120586,0.11603379,0.1656248,0.06319842,0.09049278,0.12076608,0.03625783
1893,0.43641347,0.02111262,0.01161622,0.29562353,-0.0918106,0.00054011,0.31469098,0.48528591,0.15975819,0.22199448,0.09867444,0.13282101,0.16664284,0.077235,0.15070588,0.2081037,0.07905633,0.14753503,0.259214,0.28453339,0.14842954,0.17309184,0.15045248,0.28196973,0.15216586,0.12652876,0.14129256,0.19504903,0.0866329,0.11428876,0.14837535,0.06304217
1894,0.20652268,0.01032979,-0.01690857,0.24824126,-0.07430658,0.00018282,0.24914875,0.46820905,0.16355575,0.21971694,0.11149096,0.1269565,0.1608978,0.07408134,0.14217516,0.19494964,0.07784378,0.14670127,0.2430421,0.24866312,0.14212585,0.17142985,0.13985056,0.2585917,0.15116498,0.11317317,0.14151658,0.18999571,0.09362742,0.10465975,0.13835181,0.05507554
1895,0.39655874,0.00091359,-0.04366074,0.23819602,-0.09084186,0.00757938,0.25721845,0.46673566,0.12300527,0.17991278,0.06434644,0.0987483,0.12998636,0.05087068,0.10968487,0.16160402,0.04319139,0.10855642,0.21763486,0.23015249,0.11076917,0.12886933,0.10709223,0.22986786,0.1212486,0.0967254,0.11406591,0.16197717,0.06113785,0.08837533,0.11433083,0.04197938
1896,0.51589645,0.02145965,-0.00957275,0.26906008,-0.09162197,0.00426972,0.2558744,0.50130383,0.11452915,0.1747081,0.04780619,0.09539713,0.12530302,0.0438952,0.1087255,0.16475995,0.03522143,0.10047543,0.21600179,0.25078294,0.12120648,0.12349467,0.10945781,0.23520841,0.10741192,0.08684809,0.09743881,0.14573766,0.03787998,0.07482286,0.10127144,0.03023351
1897,0.41569077,-0.00893216,-0.02271616,0.22988595,-0.07386531,0.00145858,0.23904683,0.44874208,0.12387598,0.18283742,0.06584468,0.09492563,0.12891584,0.04265741,0.10723344,0.16092371,0.04027072,0.11189981,0.18740743,0.21128501,0.09159664,0.13274568,0.10649725,0.20511233,0.1250726,0.09420524,0.11571352,0.16582064,0.06162696,0.08674465,0.11536807,0.03531013
1898,0.3017492,0.01290038,-0.01258609,0.25398158,-0.0838998,0.00480699,0.28138002,0.43522573,0.16566222,0.22080831,0.11556681,0.13399639,0.168006,0.08261471,0.14979174,0.19851584,0.08963081,0.1541595,0.25067753,0.25186894,0.14049935,0.17480467,0.14695179,0.26582249,0.15990191,0.12995082,0.15011646,0.19873798,0.10315699,0.11923438,0.15165961,0.0692226
1899,0.34927084,0.02618622,-0.01695417,0.29894773,-0.10194388,0.0098083,0.32740903,0.46371523,0.18293569,0.24409689,0.12122073,0.15218649,0.18534693,0.10047548,0.16810243,0.22193758,0.10020498,0.17103953,0.29093633,0.29724451,0.17671822,0.18950688,0.16051681,0.30034545,0.17782085,0.14635241,0.17111408,0.22642429,0.11230075,0.13761192,0.16748064,0.08536166
1900,0.42360389,0.0023953,-0.00411095,0.27194081,-0.08629171,0.00294985,0.29259594,0.47520484,0.17030368,0.23274548,0.10987883,0.139404,0.16923508,0.08375645,0.15401498,0.20886609,0.08355241,0.15801789,0.25959024,0.27517194,0.15473295,0.18216391,0.15554643,0.28005044,0.16135635,0.12963927,0.15165697,0.20290081,0.10044893,0.11743605,0.14891267,0.06525249
1901,0.27339362,0.0150574,-0.00229814,0.25831069,-0.08847623,0.00525151,0.26756794,0.47331092,0.14588922,0.2029597,0.08522042,0.11943806,0.15060787,0.06775347,0.13389048,0.18613671,0.06761072,0.13239434,0.23500855,0.25326598,0.13858662,0.15562174,0.13224475,0.25092614,0.14404334,0.11572569,0.13468175,0.18239795,0.0816939,0.1050192,0.13215397,0.05748071
1902,0.24318849,0.01220111,-0.01901595,0.27144201,-0.08243292,0.00555295,0.28673568,0.46445786,0.17655314,0.22919249,0.12238102,0.13906219,0.17256269,0.09466081,0.15321799,0.20087228,0.096262,0.16118881,0.2579163,0.26368354,0.15858033,0.17705209,0.14411248,0.26428813,0.16268378,0.12386462,0.15867417,0.20093297,0.10851894,0.11807933,0.14725352,0.07401717
1903,0.26725425,0.01180763,-0.03025779,0.22111572,-0.07279417,0.00388036,0.23926371,0.40934775,0.1359977,0.19844777,0.07758341,0.10927133,0.14577772,0.05047938,0.12244619,0.17423415,0.05178135,0.12820832,0.2048933,0.21237909,0.10355233,0.14542741,0.12203666,0.2221053,0.13420663,0.10806249,0.12498678,0.17936945,0.07161127,0.09674486,0.12543914,0.04017118
1904,0.34418308,0.02469627,-0.01150712,0.27680791,-0.08845086,0.00387901,0.31290288,0.4674298,0.17852196,0.239003,0.12207744,0.14715842,0.18260025,0.09393424,0.16205108,0.21663127,0.09574679,0.16817242,0.26615677,0.27186857,0.15985299,0.18817113,0.16104134,0.2841492,0.16829166,0.13644738,0.16097858,0.20757724,0.11182566,0.12447614,0.15783956,0.07263834
1905,0.39407077,0.03137368,-0.0179527,0.29000118,-0.09865405,0.0051246,0.31298368,0.45192753,0.16547706,0.224586,0.10743865,0.13683868,0.17452805,0.08411163,0.15357295,0.20620474,0.08885733,0.1531171,0.27338907,0.27749647,0.14399589,0.17130675,0.14471225,0.28638151,0.15979609,0.13224884,0.15116903,0.20480469,0.09545771,0.12407999,0.15716148,0.07133184
1906,0.2616547,0.03016127,0.01572899,0.29806519,-0.09592832,-0.00109392,0.35690027,0.49968397,0.17230907,0.23322869,0.11642696,0.14434489,0.16972677,0.09365829,0.16474547,0.22060956,0.09712499,0.15753482,0.28441572,0.30223096,0.18349239,0.1854517,0.16164524,0.30739078,0.16388671,0.13473333,0.1524038,0.20442953,0.10368691,0.12109956,0.15351203,0.07316533
1907,0.43200836,0.030902,0.00270228,0.28713738,-0.100495,0.00390352,0.31628696,0.47108066,0.16806184,0.23054834,0.10521794,0.14071872,0.17415517,0.08613373,0.15635449,0.21181442,0.08584191,0.15610868,0.26612107,0.28394072,0.14702282,0.18091412,0.15638336,0.28839031,0.16448275,0.13856938,0.15227271,0.20635356,0.09683472,0.12602924,0.15673935,0.07226114
1908,0.43704428,0.02800885,-0.03597468,0.30510489,-0.10341052,0.00896678,0.32827091,0.48355915,0.18241992,0.24000496,0.11837227,0.13873145,0.16740667,0.09259813,0.15546655,0.20655791,0.0849187,0.16151005,0.28156771,0.28520214,0.18084052,0.18679387,0.14620284,0.29121974,0.1807129,0.13567997,0.17318321,0.22360951,0.11473672,0.12576261,0.14928735,0.08086371
1909,0.48526357,1.862e-05,-0.02674872,0.25517828,-0.08584432,0.00463344,0.26083314,0.45422794,0.13692631,0.19227297,0.07980661,0.1097691,0.14018156,0.06082049,0.12094478,0.17430552,0.05526428,0.12365103,0.2272849,0.24156552,0.12702678,0.14349001,0.12017761,0.23945092,0.13291717,0.10306117,0.1255594,0.1724644,0.0727457,0.09256707,0.11719738,0.04795508
1910,0.24106953,0.01291616,0.00679295,0.25070366,-0.08152408,0.00085381,0.27596979,0.44859033,0.15084463,0.21295421,0.09553138,0.1255159,0.162062,0.06706079,0.1417908,0.19658897,0.07428627,0.1411126,0.24084602,0.24984622,0.12404623,0.16259833,0.14220567,0.26283667,0.14675801,0.12118687,0.13466977,0.18860912,0.08541021,0.10895624,0.14254514,0.05245054
1911,0.51818578,0.00552517,-0.02601045,0.29221626,-0.09200504,0.00060908,0.32163934,0.46409619,0.1679091,0.2307862,0.10404158,0.13024651,0.16826337,0.07434458,0.14858109,0.20723309,0.07384979,0.14956979,0.25348231,0.27826247,0.15018156,0.17803338,0.14304215,0.27018042,0.15931001,0.11855467,0.14765375,0.20208813,0.09082505,0.10979926,0.14326496,0.05830858
1912,0.33484841,0.02978028,-0.00579878,0.27331212,-0.09105052,0.00513286,0.31131323,0.48449923,0.17651046,0.23437511,0.12074896,0.14109927,0.17161009,0.08876551,0.16021105,0.2140834,0.09628999,0.16152481,0.27007021,0.27404127,0.15801944,0.18391124,0.15485907,0.28717184,0.16750976,0.13366913,0.15870684,0.20473213,0.10974974,0.12007783,0.15076112,0.07006029
1913,0.49652914,0.00496408,-0.017765,0.27982043,-0.0892604,0.0030402,0.28248875,0.46145504,0.17769619,0.23753056,0.1202481,0.13985206,0.1740486,0.08539994,0.15604708,0.21051508,0.09119797,0.16194523,0.26576193,0.27334549,0.15247306,0.18516673,0.15234762,0.28102599,0.179162,0.13794087,0.16713382,0.2190092,0.11506034,0.12768004,0.1598848,0.07600235
1914,0.36438454,0.0181296,0.00178854,0.2437039,-0.07766578,0.00118993,0.26645959,0.46396784,0.13674492,0.19340018,0.08347707,0.11362455,0.14854784,0.06101317,0.12784964,0.18000678,0.06350573,0.12600874,0.2197048,0.23263985,0.11575748,0.1462871,0.12850913,0.23868621,0.13360771,0.1118712,0.12312717,0.17216708,0.07542385,0.10056415,0.13131542,0.05167833
1915,0.17820254,0.01519283,-0.00468244,0.21714062,-0.07083052,0.00269959,0.22366911,0.46340899,0.11656553,0.17085324,0.07004356,0.09648625,0.1224881,0.04771572,0.10773138,0.15499816,0.05032394,0.10868468,0.19862312,0.2090046,0.10000102,0.12532043,0.1096525,0.21687611,0.11811985,0.09634124,0.10957123,0.15249988,0.0657699,0.08389438,0.11061539,0.03637536
1916,0.44576182,0.03677204,0.00732319,0.3183161,-0.10469511,-6.738e-05,0.3428329,0.51223131,0.1815957,0.24439006,0.11530002,0.15051815,0.18602558,0.09470067,0.16926599,0.22658611,0.09631654,0.16798829,0.28727835,0.31319228,0.17186318,0.19201065,0.16606647,0.30720183,0.17480444,0.14219072,0.16069289,0.21600598,0.10375407,0.12962256,0.16449012,0.07716098
1917,0.30227701,0.01869426,-0.02126962,0.26016351,-0.08826251,0.00383355,0.29507535,0.45064607,0.15888678,0.22343155,0.09627746,0.13081901,0.16299901,0.07439868,0.14455644,0.20086671,0.07190094,0.14820184,0.24625329,0.25402499,0.14291403,0.16972251,0.14504926,0.26599224,0.15655737,0.12752326,0.1470796,0.20208163,0.09124593,0.11441367,0.14529866,0.05970149
1918,0.27712357,0.03148229,-0.00520499,0.25925915,-0.08364214,0.00237236,0.26914694,0.4626109,0.15404292,0.20864081,0.1049062,0.12089295,0.15498112,0.07320609,0.13940383,0.18663601,0.08215668,0.14151912,0.23624788,0.24568533,0.11827568,0.16069833,0.13035162,0.25033606,0.15250426,0.1196301,0.14349111,0.18813308,0.09614634,0.11385971,0.14181712,0.06360989
1919,0.47213297,0.01168752,-0.00343105,0.29762907,-0.09554422,-0.0014741,0.32879426,0.48745162,0.17077832,0.23473074,0.10982006,0.13706386,0.1743308,0.08219582,0.15600012,0.21533261,0.08489853,0.15560695,0.26270331,0.28046387,0.15596005,0.18182502,0.15220864,0.28306603,0.16494398,0.12976246,0.15508965,0.20818052,0.10083559,0.11931813,0.15237951,0.06750861
1920,0.3256717,0.00600657,-0.00629992,0.26966332,-0.08167309,0.00088081,0.28535071,0.46235896,0.1609981,0.22419936,0.10319669,0.13486477,0.1678089,0.07743315,0.15061517,0.20530924,0.08328286,0.15176239,0.24934313,0.26521059,0.14817299,0.17370887,0.15140344,0.27075548,0.15123407,0.12571149,0.14097413,0.19499282,0.09012888,0.11228064,0.14804641,0.05835631
1921,0.1963195,-0.0011647,-0.02860297,0.22556954,-0.07770946,0.00490295,0.24945208,0.42972833,0.13329312,0.18867057,0.07940181,0.10310865,0.13530966,0.05441764,0.11642026,0.16649503,0.05361545,0.121,0.21009476,0.21279478,0.10547864,0.14099875,0.11339043,0.22469142,0.13485008,0.10190367,0.12542214,0.17499567,0.07386508,0.09383086,0.12042166,0.04508773
1922,0.51027766,0.00881767,-0.03344774,0.2916981,-0.08913611,0.00660253,0.28004122,0.46905505,0.17320256,0.23883702,0.10641568,0.1455411,0.18495291,0.08621791,0.15540862,0.21682873,0.08220317,0.1619436,0.26083315,0.27858686,0.16669301,0.18088671,0.15702307,0.27410847,0.16031327,0.13242652,0.1537033,0.20985517,0.09175013,0.1210383,0.15686164,0.06731195
1923,0.18286434,0.01838934,-0.00643289,0.26097146,-0.08272183,0.00236719,0.29719433,0.46683145,0.1736386,0.2271653,0.12331263,0.13531307,0.16307393,0.08490944,0.15527374,0.2027021,0.09073344,0.15668159,0.26458254,0.26350222,0.15832891,0.18413488,0.15072859,0.2831553,0.16400621,0.1235874,0.15284933,0.19769447,0.10897282,0.11272493,0.1410512,0.06646178
1924,0.10793195,0.02216612,0.01334786,0.24834693,-0.0797745,-0.0020587,0.27390569,0.48375926,0.14244711,0.20366711,0.08892731,0.117281,0.14548635,0.06071113,0.13524299,0.18819318,0.07035632,0.13089924,0.23817601,0.24858235,0.12928401,0.15549667,0.13577919,0.26298231,0.13417111,0.10945268,0.12317952,0.17259387,0.0764804,0.09387441,0.12685033,0.04124031
1925,0.2183898,0.02394108,-0.00650323,0.26885727,-0.08684673,-0.00017521,0.31189911,0.46608759,0.16528827,0.22519195,0.10947434,0.12398841,0.15422067,0.07091782,0.14604781,0.19910772,0.07687998,0.14881745,0.25878068,0.26359496,0.15021937,0.17439427,0.13821927,0.27786328,0.15796308,0.11483196,0.14790736,0.19725918,0.09520583,0.10292533,0.13579847,0.05144397
1926,0.47442486,-0.00535837,-0.02577803,0.2780467,-0.09367627,0.00764889,0.29191744,0.45923892,0.1874871,0.24448241,0.12559049,0.14667869,0.17794318,0.0964811,0.16037231,0.21179818,0.09224462,0.17310873,0.2746723,0.28138421,0.1566762,0.19671469,0.15879582,0.28761549,0.18096461,0.14233639,0.17251207,0.22148061,0.11874336,0.13398986,0.15850338,0.08558439
1927,0.35139103,0.02147325,0.00188211,0.27693465,-0.08806487,0.00568557,0.30063368,0.48277963,0.16099851,0.21558639,0.10667775,0.13771691,0.1692379,0.08777008,0.15185805,0.20417554,0.08985122,0.15012363,0.25139866,0.27036204,0.15102279,0.16916834,0.15042692,0.26797925,0.15194954,0.13085335,0.14393453,0.19009411,0.09626926,0.11935201,0.15004312,0.07211629
1928,0.33333752,0.01182981,-0.04309961,0.28202065,-0.09023721,0.00670168,0.29038058,0.46237129,0.18115447,0.24413856,0.12482556,0.14354745,0.17967777,0.09021739,0.15862877,0.21184491,0.09338688,0.16891744,0.26902419,0.27032014,0.15253891,0.18767633,0.15234648,0.28098142,0.17315037,0.1349738,0.16659804,0.21978809,0.11217571,0.12743771,0.16043372,0.07346757
1929,0.41400859,0.00757978,-0.04035234,0.24256198,-0.08346683,0.00654154,0.25766576,0.47337829,0.1207143,0.17658915,0.06564936,0.09420233,0.12650517,0.04681341,0.10953157,0.15879571,0.04311089,0.10724615,0.20125944,0.22207449,0.11012418,0.12612043,0.1032375,0.21411284,0.11859793,0.09026895,0.11046017,0.15702311,0.05950312,0.0820863,0.10941393,0.03846967
1930,0.36243948,0.01867127,-0.02585416,0.28433916,-0.09092925,0.00342893,0.32101204,0.47240696,0.1862202,0.24787401,0.13072045,0.15124613,0.18434029,0.09754745,0.16749253,0.2205543,0.09965185,0.17212774,0.27665936,0.28239484,0.16806647,0.19687839,0.16395258,0.29394541,0.17760706,0.14219337,0.16961928,0.22493359,0.11844611,0.13250136,0.16640213,0.0818589
1931,0.45384877,0.0161893,-0.00817113,0.28656209,-0.09687887,0.00215694,0.30458725,0.4820002,0.1647654,0.22899012,0.10028918,0.1352233,0.17081916,0.0762055,0.1477807,0.20508312,0.07583313,0.1509048,0.25730524,0.27735806,0.14955232,0.17635116,0.1508339,0.27615169,0.16216747,0.1304914,0.15073078,0.20404961,0.09612278,0.11676188,0.14944545,0.06365555
1932,0.23312285,0.00784367,0.01766781,0.23814636,-0.07679661,-0.00135696,0.24797639,0.48265562,0.1230982,0.1838942,0.07039532,0.10501305,0.13589854,0.04697755,0.11902896,0.17567428,0.05333964,0.11329946,0.21654991,0.23828738,0.11362779,0.13674604,0.12314028,0.24037383,0.11806074,0.10021131,0.10678052,0.15733642,0.06176026,0.0865374,0.119673,0.03433063
1933,0.31764766,0.00844652,-0.00212824,0.27829612,-0.09348437,0.00204052,0.32058986,0.47617787,0.16018273,0.22208898,0.09824432,0.12993323,0.1638501,0.0762825,0.14711166,0.20388432,0.07392826,0.14524585,0.26122112,0.27288237,0.14726175,0.17099945,0.1443671,0.27994979,0.1548629,0.12275949,0.14366659,0.19865267,0.0886483,0.11312296,0.14578042,0.06223327
1934,0.43279415,0.01218478,-0.01773489,0.26504774,-0.08919384,0.00759385,0.27037872,0.46383141,0.14399181,0.20553753,0.08142591,0.12295315,0.15958086,0.06733182,0.13464579,0.19105896,0.06432908,0.13488222,0.23219768,0.25324014,0.13095675,0.15357637,0.1366229,0.24980104,0.13875651,0.11793202,0.12944257,0.18153562,0.07286567,0.10622978,0.13749541,0.05477062
1935,0.34674474,0.03701822,0.01651074,0.30967919,-0.09851044,-0.00087678,0.3355818,0.48623859,0.17097959,0.23877752,0.10324167,0.14580571,0.18315454,0.08848991,0.16443812,0.22496334,0.08811412,0.15852096,0.27269887,0.30210319,0.16016343,0.18255881,0.16085739,0.29350437,0.16390842,0.13816775,0.15163386,0.21134264,0.0897503,0.12677214,0.16194565,0.07095877
1936,0.40987912,0.02123126,-0.02772563,0.2504711,-0.08384618,0.00266881,0.26449388,0.43609321,0.14262728,0.20438283,0.08737345,0.11979453,0.15644228,0.06611269,0.13268146,0.18302142,0.06616851,0.13350821,0.22426667,0.23638098,0.12167269,0.15037455,0.13104209,0.23950408,0.13882008,0.11571345,0.12985392,0.18263967,0.07806702,0.10594596,0.13620557,0.05580944
1937,0.27304881,0.02071362,0.0206855,0.28036002,-0.09355871,-0.00154596,0.30509828,0.51216136,0.14925192,0.21455558,0.08952715,0.11549833,0.14296249,0.05463015,0.13641247,0.19507133,0.06257207,0.13250939,0.25225266,0.27775314,0.13676132,0.16458872,0.13564083,0.27956269,0.1399482,0.10581103,0.12686418,0.17975086,0.07618635,0.09083625,0.12484296,0.03557574
1938,0.3702596,0.02848681,0.00608832,0.29444872,-0.09084561,-0.00269101,0.31020993,0.49080921,0.16649444,0.23360846,0.0996136,0.13963519,0.18014113,0.07558299,0.15657629,0.22167565,0.07986095,0.15512167,0.25759683,0.2818573,0.15619388,0.17746756,0.15631855,0.27854617,0.15442032,0.12885754,0.143495,0.20235435,0.08475149,0.11498361,0.15298882,0.05702319
1939,0.44117224,0.026976,-0.01171135,0.31384948,-0.10125805,0.00163972,0.33007918,0.50491264,0.19088813,0.25578035,0.12711369,0.1541173,0.19150038,0.09570148,0.17221389,0.23106731,0.1008026,0.17609291,0.29645885,0.30769732,0.17337569,0.19986517,0.16862609,0.31363069,0.17973422,0.14049979,0.16885021,0.22114921,0.11187685,0.12913328,0.1645672,0.07524515
1940,0.44899851,0.01877889,-0.02804554,0.25011968,-0.07588565,0.00111665,0.25622441,0.44629227,0.14379794,0.2056267,0.08721024,0.12177929,0.15942157,0.06546157,0.13194051,0.18624465,0.0642853,0.1345394,0.21408191,0.22703275,0.11505761,0.15234682,0.13439319,0.23111974,0.14358861,0.12103124,0.1341277,0.18814566,0.07978015,0.10987509,0.14480617,0.05662539
1941,0.22524235,0.01096616,-0.02465385,0.24664873,-0.08133533,0.00280446,0.26498946,0.44286769,0.14763421,0.2041936,0.09427048,0.11036564,0.13975858,0.06284822,0.12545433,0.17512106,0.06142749,0.13160514,0.22977362,0.2264237,0.12453502,0.15324162,0.12027338,0.24266327,0.14887188,0.11048272,0.14073295,0.18748175,0.08917353,0.09885208,0.12777981,0.0513086
1942,0.34405086,0.00633728,0.00463762,0.2988338,-0.09220618,0.00073867,0.3350031,0.46907402,0.1822544,0.24708803,0.12647659,0.15170114,0.18706998,0.09424598,0.17064651,0.23053669,0.09963615,0.16834392,0.28343593,0.30224612,0.17429049,0.19318156,0.1675499,0.30214928,0.17083941,0.13886864,0.16008377,0.21435566,0.11233575,0.12708319,0.16260308,0.07483157
1943,0.21720348,0.00890561,-0.01066727,0.20922765,-0.06846486,6.862e-05,0.21804984,0.44614236,0.12094018,0.17691986,0.07328977,0.08203056,0.11011377,0.03275165,0.10013939,0.14925186,0.0351205,0.10574828,0.19358762,0.20183503,0.08991947,0.12838315,0.09393717,0.21065431,0.11693167,0.07834615,0.10893599,0.15561633,0.06221638,0.07069485,0.09813254,0.02221855
1944,0.16929617,0.01188438,-0.00524381,0.21210587,-0.07121912,0.00071337,0.22296611,0.46779219,0.1079401,0.16271548,0.06017773,0.08291698,0.1086811,0.03503661,0.10011061,0.14640931,0.03926639,0.09677507,0.19319578,0.19902606,0.09815444,0.11732706,0.09497143,0.2092821,0.11169264,0.08208103,0.10368483,0.14918975,0.05959451,0.07154683,0.09850629,0.02606186
1945,0.3956305,0.01181209,-0.00551342,0.25703019,-0.08457465,0.00690251,0.26849575,0.4528139,0.13987419,0.19542982,0.08456342,0.11996881,0.15347396,0.07095865,0.13392916,0.18446162,0.07158486,0.13086513,0.22794828,0.24518683,0.1276283,0.14610229,0.12987894,0.24059213,0.13978256,0.11958325,0.1315815,0.17886928,0.07997179,0.11019229,0.13839464,0.06158442
1946,0.38633408,0.0189494,-0.00197906,0.24200947,-0.07740332,-0.00075825,0.22364913,0.49972553,0.13430257,0.19345021,0.08291046,0.10526837,0.13761639,0.05256031,0.12098814,0.17145489,0.06032717,0.12207001,0.21645468,0.23547033,0.10094614,0.14574378,0.11996703,0.23726665,0.13046426,0.10143576,0.11896523,0.16536913,0.07433982,0.09393297,0.12506368,0.04191896
1947,0.32717841,0.03187074,-0.01459079,0.26343477,-0.08430076,0.00468904,0.28237388,0.49318684,0.15935959,0.21712111,0.10429306,0.12037828,0.15316541,0.07179745,0.13632381,0.18880357,0.07474789,0.14463867,0.2363047,0.25168226,0.12633998,0.16594013,0.129996,0.25109256,0.16051673,0.11914987,0.15034869,0.19899625,0.0965423,0.11359058,0.14504012,0.06315281
1948,0.46312314,0.00506971,0.01175309,0.2805452,-0.08916312,-0.00101697,0.2793172,0.48761608,0.14880593,0.21492797,0.0869457,0.11742745,0.14789858,0.055101,0.13547701,0.19705294,0.0600431,0.13477429,0.2439561,0.27396649,0.14362071,0.16333101,0.13838212,0.26940953,0.14052975,0.10727312,0.12817045,0.1795836,0.07624535,0.09055702,0.12401634,0.03850504
1949,0.21575418,0.01472809,-0.00908042,0.26522198,-0.08918419,0.00049824,0.30168024,0.45757602,0.16912846,0.22777627,0.11092239,0.12531425,0.15759511,0.07237228,0.14579483,0.19920162,0.07516257,0.14733734,0.25796092,0.26210622,0.14795912,0.17697181,0.13753743,0.27428155,0.1664499,0.12228202,0.15723407,0.20777268,0.10422404,0.11178352,0.14356873,0.06155797
1950,0.59670724,0.02542102,-0.01620201,0.35031519,-0.11565316,0.00502538,0.36214794,0.52265338,0.20219833,0.27067787,0.13406708,0.17444082,0.21605542,0.11467225,0.18906354,0.25090216,0.1144662,0.18959798,0.31560345,0.3434567,0.19260913,0.21266706,0.18800052,0.33268762,0.1914903,0.16145453,0.180302,0.23929949,0.11955887,0.15126199,0.18985859,0.09543335
1951,0.34320568,0.01446484,-0.02159323,0.27208725,-0.0868889,0.00640724,0.29756607,0.44931861,0.16430577,0.222326,0.10881141,0.14083032,0.17538401,0.09054771,0.15424448,0.20570698,0.08600171,0.15398094,0.26258603,0.27033177,0.16066189,0.17323232,0.15112962,0.2754972,0.15785976,0.13497255,0.15213439,0.2037873,0.09984822,0.12668106,0.15847315,0.0782753
1952,0.2456108,0.01020935,-0.00745254,0.26530569,-0.08652349,0.00390077,0.30416163,0.46092037,0.16468314,0.22753755,0.10454738,0.13698374,0.17341261,0.07833312,0.15053861,0.20898272,0.07993366,0.15344464,0.25541119,0.26444058,0.14303918,0.17661279,0.15279052,0.27440158,0.15401439,0.12660745,0.14310934,0.19859073,0.08985276,0.11438406,0.14938928,0.05972533
1953,0.45456509,0.01243492,-0.01342538,0.27541651,-0.09152265,0.00216312,0.29803076,0.4751439,0.15188184,0.21204206,0.09066673,0.12660555,0.16591201,0.07022167,0.14451673,0.20170179,0.07484423,0.14070833,0.24398429,0.26693203,0.12829777,0.16438251,0.14360878,0.26578958,0.14865998,0.1214738,0.13610378,0.18678364,0.08265188,0.11002216,0.14029157,0.05874352
1954,0.39624631,0.00285254,-0.02423229,0.22046745,-0.07762495,0.00725013,0.22655793,0.45245407,0.10953063,0.16448809,0.0568594,0.09732648,0.12411088,0.04817662,0.10533549,0.15371241,0.04563739,0.101714,0.1975496,0.20925149,0.11142292,0.11818505,0.10961593,0.21417582,0.10949172,0.10026178,0.10326792,0.14647356,0.05649657,0.08654583,0.10954911,0.04100451
1955,0.30718425,0.02895345,-0.00394143,0.25926518,-0.08846295,0.00235971,0.28464957,0.45567645,0.14939373,0.20713584,0.09703733,0.11826176,0.15060896,0.06633951,0.13706897,0.18771603,0.07344706,0.136012,0.24681437,0.25425352,0.13342299,0.15694224,0.12886307,0.2619043,0.15178223,0.1168392,0.1419248,0.1904717,0.09221627,0.10747849,0.13847121,0.05697312
1956,0.45449842,0.00873802,-0.00703027,0.27790528,-0.08782551,0.00721385,0.28010671,0.4685471,0.15143456,0.21030646,0.09782254,0.13206589,0.16682597,0.07830352,0.14387136,0.19922788,0.0819273,0.14310436,0.24420157,0.26538703,0.13561144,0.16173275,0.1452707,0.26058235,0.15250471,0.13068621,0.14421819,0.19105505,0.09577505,0.11999448,0.14967184,0.06963027
1957,0.4361299,0.02855056,-0.00294574,0.28609031,-0.09275608,0.00035126,0.31841573,0.47236999,0.17030597,0.2349777,0.10926577,0.14220362,0.17620412,0.08531279,0.15860395,0.21654878,0.08994386,0.15865729,0.2699008,0.28511027,0.15807497,0.18057369,0.15554326,0.28763234,0.15812151,0.13247429,0.14911812,0.20425857,0.0931651,0.12041882,0.15674388,0.06429097
1958,0.4183776,0.03205066,-0.01379146,0.30247863,-0.10468475,0.0053484,0.33561538,0.47627996,0.17111371,0.22783374,0.11356671,0.14065798,0.17113651,0.09443567,0.15598795,0.20691609,0.09164671,0.1566249,0.27870609,0.28953044,0.16515775,0.17647307,0.1490016,0.29043427,0.16524981,0.13377993,0.15808445,0.20658125,0.10328161,0.12503883,0.15190761,0.07992133
1959,0.42616027,0.01722313,-0.0192449,0.27292001,-0.09290147,0.0030033,0.28494847,0.49964627,0.16288428,0.22030605,0.1043218,0.1338316,0.1719921,0.08054554,0.14718527,0.19864014,0.08565744,0.15093589,0.25444866,0.26523048,0.12699717,0.1720687,0.1442116,0.26842791,0.15921033,0.13105531,0.14963131,0.19879708,0.09655086,0.12528977,0.15648815,0.07194291
1960,0.54617619,0.01208142,-0.02332612,0.30621078,-0.10259716,0.00760277,0.32732626,0.48897307,0.18286976,0.23931419,0.11704588,0.1474911,0.18095043,0.09569186,0.16259792,0.21821957,0.09330446,0.16502891,0.27936662,0.2939229,0.18292052,0.18915977,0.1576474,0.29050816,0.17522056,0.13753163,0.16744296,0.21516921,0.11100752,0.12691657,0.15562294,0.08134412
1961,0.3936569,0.0080689,-0.01747573,0.26763812,-0.08985976,0.00492778,0.29235323,0.47808392,0.14566264,0.20223571,0.0852905,0.12054213,0.15313781,0.07480147,0.133227,0.185803,0.06778437,0.1316325,0.24420175,0.26048299,0.15745754,0.1521783,0.12838684,0.25483565,0.13395902,0.10653123,0.12831213,0.17891953,0.07498999,0.09962762,0.12876585,0.05666056
1962,0.23395877,0.00469657,-0.020178,0.23107887,-0.08237889,0.01080481,0.24431526,0.44267449,0.12517922,0.17717662,0.07176254,0.10485056,0.13534347,0.05712386,0.11501469,0.16206227,0.05412335,0.11397758,0.21274538,0.22315625,0.10570493,0.13173197,0.11396405,0.22612218,0.11897776,0.10144239,0.11184,0.15863097,0.0627697,0.09257767,0.11761472,0.04584618
1963,0.32159377,0.00423871,-0.01631128,0.24468865,-0.07882756,0.00651146,0.26314002,0.44105526,0.15530497,0.21019341,0.10062823,0.12396507,0.15638054,0.07276119,0.13646605,0.18832989,0.07272816,0.14305632,0.22979346,0.23872737,0.12979,0.16425792,0.1364938,0.2452611,0.15513507,0.1236753,0.14613869,0.19489468,0.0973364,0.11399233,0.13955239,0.06496799
1964,0.36980639,0.00787458,-0.00782375,0.25815188,-0.08108125,0.00325634,0.26914577,0.4879936,0.15153835,0.21211336,0.09699257,0.12822884,0.16226972,0.07214829,0.14164816,0.19749262,0.07724651,0.14239533,0.23774732,0.25374434,0.12751787,0.16317706,0.1442292,0.25847845,0.14458079,0.12202611,0.13332956,0.18455129,0.0853345,0.11129144,0.1455505,0.05717011
1965,0.38375787,0.02300098,0.0004119,0.25615199,-0.07965667,0.00377767,0.26771694,0.46159942,0.15424999,0.21191124,0.10228848,0.12842198,0.15944453,0.07408178,0.14231029,0.19444815,0.07914271,0.14479204,0.2409533,0.25245149,0.13482531,0.16648185,0.14559394,0.26247199,0.15111381,0.12507865,0.14044179,0.1883207,0.09218388,0.11265835,0.14239466,0.06347765
1966,0.45117835,0.00987374,-0.01516914,0.23970765,-0.07999909,0.00183787,0.24250253,0.48460497,0.12169275,0.17776786,0.06868595,0.0960426,0.13032709,0.04522883,0.11200684,0.16297982,0.04911364,0.10997057,0.204593,0.22740101,0.10153971,0.1309463,0.10895106,0.22243127,0.12103152,0.09298409,0.1114152,0.15771418,0.0622215,0.08455294,0.11472083,0.03794016
1967,0.40548394,0.00923505,-0.01068036,0.25850065,-0.08837835,0.0004934,0.28634907,0.47425534,0.14058517,0.20542099,0.08291835,0.11124235,0.13673523,0.05745248,0.12521649,0.18096539,0.05413417,0.12703988,0.23628786,0.25248957,0.1332849,0.15058134,0.12497916,0.2552273,0.13929165,0.10635426,0.12876917,0.18157853,0.07494892,0.09371264,0.1233901,0.04115224
1968,0.31131556,0.01416365,-0.00143414,0.29325938,-0.09373752,-0.0040282,0.33426859,0.5106299,0.18029255,0.2474739,0.11970535,0.14550095,0.17790627,0.0863526,0.1670978,0.22608052,0.09196605,0.16530481,0.28112245,0.29229844,0.16865328,0.19433755,0.16520614,0.30639295,0.16708853,0.1306018,0.15504485,0.20924068,0.10535946,0.11596007,0.15087165,0.06280518
1969,0.21713583,0.02370452,-0.02688823,0.23259096,-0.07998709,0.00273524,0.26350941,0.45299939,0.13674601,0.19217375,0.0877219,0.11401364,0.14528197,0.06503473,0.12998892,0.17551307,0.06872551,0.12964908,0.22946685,0.22743884,0.11543477,0.14411735,0.1226421,0.24336631,0.14004064,0.11368087,0.13254733,0.17952493,0.08368578,0.10671329,0.13656372,0.05703589
1970,0.38887117,0.00823973,-0.01647174,0.28580046,-0.09830646,0.00482152,0.27780751,0.49016647,0.14672375,0.20636692,0.0869235,0.11994312,0.151733,0.06940488,0.13521881,0.19166372,0.06850838,0.13115597,0.26068044,0.27688548,0.14457741,0.1527603,0.13019823,0.27261363,0.14068736,0.11083332,0.13325487,0.1817165,0.08008435,0.10012045,0.1284559,0.05474615
1971,0.54371875,0.01683345,0.0001741,0.29782636,-0.09619838,0.00214343,0.31109746,0.50207144,0.16637645,0.22401027,0.1136059,0.13927399,0.16824584,0.08700837,0.15271815,0.20730456,0.089836,0.15334242,0.26856528,0.29152218,0.16127171,0.17563268,0.15239505,0.28388338,0.15792806,0.13048469,0.14918186,0.1946401,0.1022763,0.11888891,0.14989225,0.07055843
1972,0.41788831,0.0116659,-0.00528109,0.22701372,-0.07321244,0.00462467,0.23248757,0.43807149,0.1331228,0.19166184,0.08119135,0.11530515,0.1501051,0.06039187,0.12411396,0.17582077,0.06144452,0.12856131,0.20973281,0.22213355,0.10335265,0.14428045,0.12999639,0.22786113,0.13282056,0.11574662,0.12139675,0.17226767,0.07386875,0.10449295,0.13577771,0.05093115
1973,0.51881394,0.0169832,-0.01671839,0.280231,-0.09767624,0.00777842,0.28669668,0.47548367,0.1546948,0.21205824,0.09366657,0.12562625,0.16098249,0.0746075,0.14089866,0.19304796,0.07489898,0.13915686,0.25066328,0.27077667,0.13585094,0.16235065,0.13585148,0.2661199,0.15228172,0.12572482,0.14427423,0.19238115,0.09002667,0.11822307,0.14416759,0.06767379
1974,0.49557577,0.02101107,-0.00631113,0.30994412,-0.0999938,-0.00032121,0.33069689,0.48076318,0.16464134,0.2317125,0.09588116,0.13961452,0.1774273,0.07794592,0.15576048,0.21882816,0.07701203,0.15273767,0.26818027,0.29755727,0.1630881,0.17596809,0.1551433,0.28822639,0.15425974,0.12486907,0.14234994,0.19923616,0.08186109,0.11088269,0.14785075,0.05612785
1975,0.39122407,0.00836771,-0.02750701,0.25660459,-0.0873596,0.00756471,0.25098621,0.46683679,0.14507212,0.20591287,0.08250259,0.12022023,0.1574625,0.06474541,0.13071245,0.18696022,0.06303101,0.13325523,0.23149667,0.24582402,0.12249876,0.1541936,0.13199391,0.24672632,0.14296295,0.11923655,0.13319818,0.18605428,0.07696378,0.10930733,0.14004932,0.05711798
1976,0.18208796,0.018506,-0.0025749,0.24669812,-0.08220737,0.00214814,0.27092649,0.48353925,0.13298371,0.1920902,0.07861134,0.10752727,0.13970548,0.05367602,0.12525089,0.1782537,0.05824637,0.12161931,0.22387464,0.23834779,0.11740883,0.14456781,0.12287392,0.24527641,0.13015201,0.10144871,0.11806124,0.16713681,0.06731948,0.09082285,0.12399057,0.04111901
1977,0.52590579,0.01003406,-0.0089958,0.28466128,-0.09498439,0.00430631,0.30718212,0.49344498,0.13681984,0.19675197,0.07257977,0.1098658,0.14469983,0.05770733,0.12660746,0.1841664,0.0571337,0.12213917,0.23513162,0.263031,0.13152812,0.14688707,0.12303755,0.25484315,0.13069679,0.10297921,0.12076741,0.17091792,0.06176337,0.09188369,0.12569811,0.04370084
1978,0.41300983,0.00749465,-0.00435671,0.26997631,-0.08836833,0.00018768,0.29726263,0.47566447,0.15566715,0.22109748,0.09170691,0.12131906,0.15920498,0.06291793,0.1408434,0.2013498,0.06509867,0.14057854,0.24099336,0.26486049,0.1257899,0.16891531,0.13900566,0.26459469,0.15111601,0.11638886,0.13706165,0.19315364,0.07974342,0.10566626,0.13984419,0.0502998
1979,0.45737386,0.01001006,-0.02996518,0.28604277,-0.09194156,0.00784695,0.29986477,0.47814655,0.18126174,0.2326044,0.12441282,0.14555332,0.17499108,0.10075381,0.15665924,0.20602602,0.09687792,0.16424779,0.27548575,0.28314742,0.18584182,0.18498571,0.15228671,0.28209543,0.17516903,0.13859301,0.17114366,0.21587165,0.1178852,0.13162376,0.15670055,0.09005866
1980,0.29312669,0.03157498,0.00472905,0.27127225,-0.09011474,-0.00067312,0.29985567,0.47325038,0.1536179,0.21430343,0.09522628,0.12690969,0.16009289,0.07326305,0.14221703,0.19537603,0.07733028,0.14295337,0.24966983,0.26273655,0.13871445,0.16400056,0.14032284,0.26845436,0.15198842,0.12355743,0.14119097,0.19276487,0.08812264,0.11247924,0.14569899,0.06018445
1981,0.44582451,0.01667203,-0.00779578,0.29272901,-0.09209894,0.00045465,0.30725855,0.48903638,0.1853394,0.24336936,0.12645163,0.15057837,0.18651746,0.09800061,0.16975116,0.2235172,0.10421167,0.17185104,0.28242418,0.29063517,0.16624821,0.19659684,0.16529791,0.29898757,0.1780532,0.14311708,0.16871475,0.21836733,0.11687795,0.13362236,0.16742649,0.08540574
1982,0.53362248,0.02406186,-0.00119799,0.29003381,-0.08847886,0.00245823,0.29385576,0.49658711,0.18767579,0.24810814,0.12529417,0.15436704,0.18989074,0.09976734,0.16797233,0.22364553,0.10110435,0.17444051,0.2776578,0.29129147,0.17688399,0.19709805,0.16730592,0.29301211,0.17532353,0.14130137,0.16717146,0.21538428,0.11330908,0.13280925,0.16515908,0.08208936
1983,0.25092742,0.02114491,-0.02573622,0.26358988,-0.08856194,0.00756115,0.29211376,0.47411395,0.15757947,0.21554523,0.09505175,0.13210357,0.17014335,0.08020376,0.14834898,0.20302817,0.08117752,0.1465225,0.2536062,0.25813873,0.14637189,0.16588895,0.14075382,0.26615028,0.15301637,0.12626443,0.1483292,0.20093876,0.09075245,0.12037145,0.15087367,0.06871546
1984,0.28201446,0.02619495,-0.01621691,0.2714567,-0.08294688,-0.00035127,0.29284764,0.46279645,0.15927119,0.21944916,0.10412841,0.12277801,0.14853056,0.0735272,0.13792857,0.18828041,0.0728665,0.14511192,0.24540199,0.25329393,0.15071734,0.1650749,0.13311093,0.25944737,0.15442799,0.11522579,0.14832422,0.19403479,0.09726074,0.10371497,0.1306237,0.05739362
1985,0.50957115,0.02271788,-0.02188942,0.26081017,-0.08808521,0.00291247,0.2796378,0.49247712,0.1308785,0.19321865,0.07520149,0.1085141,0.13632445,0.05774221,0.12089532,0.17518024,0.05295183,0.11911289,0.23025072,0.24789988,0.13533964,0.13745332,0.11978481,0.24562156,0.12572347,0.10141062,0.11633025,0.16530983,0.06461956,0.08895517,0.12099611,0.04046791
1986,0.42008769,0.01644224,-0.00811754,0.30573138,-0.09867349,0.0037762,0.32129616,0.49954067,0.18367294,0.24537584,0.11948359,0.14883367,0.18110905,0.09739393,0.16410721,0.22084086,0.09386576,0.16775277,0.27857622,0.2981948,0.17208807,0.19285643,0.16227752,0.29573911,0.17694524,0.14016683,0.166006,0.21906203,0.1109469,0.12942499,0.16026164,0.0792591
1987,0.43443652,0.00925867,-0.02812673,0.243742,-0.07994555,0.00202263,0.25197516,0.4736071,0.14683517,0.20869812,0.09042812,0.11302662,0.14860504,0.05721645,0.12436119,0.17966751,0.0566354,0.13481356,0.22255958,0.23679472,0.10882412,0.15600224,0.12580592,0.24012443,0.14142432,0.10568769,0.12921276,0.18320191,0.07670695,0.0974354,0.13283167,0.04156506
1988,0.45920741,0.03251815,-0.02115482,0.31453887,-0.10465577,0.00572441,0.33716662,0.47181972,0.18608947,0.24625342,0.12305361,0.16395195,0.19844178,0.1126212,0.17733693,0.23130397,0.10767977,0.1750309,0.29935284,0.31517271,0.20112175,0.19420287,0.17387006,0.30982839,0.16976357,0.14844701,0.16325392,0.21710094,0.10671695,0.13761603,0.16873073,0.09253175
1989,0.10183794,0.0155942,-0.00812882,0.24559489,-0.07784591,0.00096169,0.25613683,0.49433598,0.14832441,0.20427223,0.09886392,0.11660817,0.14440232,0.0650627,0.13065058,0.18095219,0.0700834,0.13696397,0.23579859,0.23962563,0.1278008,0.15712767,0.12929684,0.25120323,0.14079559,0.10696625,0.13309522,0.17729391,0.08992319,0.09625429,0.12693426,0.04903929
1990,0.39370026,0.0249918,-0.00467831,0.28433951,-0.08880727,0.00067324,0.31019993,0.45079983,0.17198876,0.23420032,0.1143898,0.14602301,0.18302609,0.08916408,0.16421489,0.22036334,0.09597498,0.16190338,0.26253043,0.27578271,0.16412403,0.18178088,0.16129409,0.28053045,0.16741372,0.14037537,0.15662471,0.21002597,0.10292748,0.12601142,0.16088503,0.07411619
1991,0.270896,0.01095843,0.00224807,0.25618547,-0.08025973,0.00193835,0.27435211,0.47881574,0.14805963,0.20978723,0.09510688,0.11772919,0.15267479,0.05971219,0.13545311,0.19124548,0.06810846,0.13666245,0.2278462,0.2435584,0.11370615,0.15944325,0.13600788,0.2515958,0.14490475,0.11275906,0.13262211,0.18109788,0.08675796,0.09885778,0.13349896,0.0450505
1992,0.31317113,0.01570123,-0.0214807,0.2428339,-0.0789219,0.00318917,0.26953755,0.46736714,0.15231976,0.21038953,0.10056921,0.12664268,0.15736547,0.07817883,0.13965428,0.18949436,0.07652701,0.14119305,0.23350347,0.23979148,0.14357013,0.15885517,0.13615443,0.2475978,0.14456176,0.11811729,0.1385122,0.18649713,0.08993072,0.10938392,0.13992912,0.06113533
1993,0.43139878,0.01362557,-0.00972938,0.27189122,-0.08715686,0.00280425,0.27496248,0.50499847,0.16249378,0.22458705,0.10148812,0.13093124,0.16964587,0.07570675,0.14839873,0.20445039,0.08053001,0.15093699,0.25059948,0.26471255,0.13632962,0.17446754,0.1465744,0.27071593,0.15587127,0.12361179,0.14507563,0.19558301,0.09227933,0.11442876,0.14871573,0.06149708
1994,0.29187621,0.02243779,-0.02389234,0.25803556,-0.09062099,0.00319326,0.30265284,0.47994763,0.16901183,0.22881975,0.11251725,0.13173422,0.16441053,0.08213993,0.14742382,0.19916535,0.08109882,0.15356564,0.25065065,0.25756888,0.14137899,0.17799029,0.14389541,0.26757092,0.16219261,0.12607903,0.15255978,0.20393661,0.10299747,0.11786257,0.14825698,0.0665616
1995,0.53054477,0.01877361,-0.01050466,0.30803159,-0.10073933,0.00633263,0.29923276,0.51170696,0.17518459,0.24020016,0.10198851,0.14047602,0.18344071,0.07965372,0.15911949,0.22084083,0.08339416,0.16017087,0.27303847,0.29800242,0.15165472,0.18709638,0.15557936,0.29333905,0.16739208,0.13192723,0.15517568,0.21011941,0.09132747,0.12345563,0.15915336,0.06723425
1996,0.27841285,0.01233896,0.00145545,0.24192454,-0.07502779,0.00350945,0.24401018,0.48932059,0.13218114,0.182675,0.08175408,0.10727637,0.12921323,0.06396296,0.12172205,0.16675013,0.06408402,0.11878714,0.21974339,0.23312767,0.12657548,0.14059423,0.11981031,0.23552571,0.12902532,0.10259847,0.1236237,0.16182584,0.07748451,0.09229959,0.11475315,0.05246259
1997,0.29240442,0.00717604,-0.03841271,0.27982543,-0.09031028,0.00542689,0.30702885,0.43928236,0.18851343,0.24715613,0.13119518,0.14853521,0.18093979,0.09819195,0.16550207,0.2165566,0.10022844,0.17321564,0.27707957,0.27625117,0.16946833,0.19481373,0.1587408,0.28774748,0.18235841,0.14177743,0.17462381,0.22397648,0.12255745,0.13275773,0.16006912,0.08586851
1998,0.43593453,0.01795494,-0.02117948,0.29187069,-0.09495281,0.00446909,0.31923138,0.48274127,0.16862036,0.22871574,0.10753011,0.13932619,0.17483386,0.08395095,0.15521139,0.21314093,0.08521482,0.15489832,0.25860884,0.27442319,0.15455366,0.17727473,0.15416855,0.27751465,0.16784727,0.13537108,0.15587193,0.20689503,0.10159803,0.12095511,0.1543141,0.07085104
